category,price,quantity,delivery_status,payment_method,device_type,channel,customer_segment,order_month,order_day_of_week,order_hour,shipping_delay_days
Books,45.95,4,Shipped,PayPal,Mobile,Paid Search,VIP,4,5,14,7.0
Electronics,403.17,3,Delivered,PayPal,Mobile,Paid Search,Returning,4,5,14,2.0
Beauty,317.45,2,Shipped,Credit Card,Mobile,Email,Returning,4,5,14,7.0
Home,24.08,3,Shipped,PayPal,Tablet,Social,VIP,4,5,14,4.0
Clothing,494.9,1,Delivered,PayPal,Tablet,Organic,VIP,4,5,14,5.0
Electronics,342.0,1,Delivered,PayPal,Desktop,Organic,VIP,4,5,14,5.0
Books,281.92,3,Delivered,Debit Card,Tablet,Email,VIP,4,5,14,3.0
Home,195.5,1,Delivered,Apple Pay,Mobile,Social,Returning,4,5,14,6.0
Home,445.83,1,Shipped,Google Pay,Mobile,Email,Returning,4,5,14,1.0
Toys,317.72,2,Delivered,Apple Pay,Desktop,Email,VIP,4,5,14,5.0
Beauty,480.1,1,Delivered,Apple Pay,Mobile,Organic,VIP,4,5,14,6.0
Toys,64.06,1,Delivered,Credit Card,Tablet,Social,VIP,4,5,14,1.0
Home,66.44,1,Delivered,Credit Card,Desktop,Organic,Returning,4,5,14,1.0
Electronics,362.51,2,Delivered,Credit Card,Mobile,Paid Search,VIP,4,5,14,3.0
Toys,182.64,2,Shipped,Credit Card,Mobile,Paid Search,Returning,4,5,14,5.0
Books,373.68,2,Delivered,PayPal,Desktop,Social,New,4,5,14,5.0
Books,128.86,1,Delivered,Credit Card,Desktop,Email,Returning,4,5,14,5.0
Beauty,102.07,1,Returned,Debit Card,Mobile,Email,Returning,4,5,14,1.0
Beauty,39.39,3,Delivered,PayPal,Mobile,Organic,VIP,4,5,14,5.0
Beauty,128.22,3,Delivered,PayPal,Mobile,Social,VIP,4,5,14,2.0
Toys,466.85,1,Delivered,PayPal,Desktop,Social,VIP,4,5,14,4.0
Books,480.29,2,Pending,Credit Card,Desktop,Paid Search,Returning,4,5,14,4.0
Beauty,73.14,1,Delivered,Google Pay,Mobile,Organic,Returning,4,5,14,5.0
Clothing,166.13,2,Delivered,Google Pay,Desktop,Social,Returning,4,5,14,6.0
Home,21.68,2,Delivered,Apple Pay,Mobile,Organic,Returning,4,5,14,5.0
Home,43.27,1,Delivered,Google Pay,Tablet,Organic,Returning,4,5,14,7.0
Beauty,27.96,3,Delivered,Credit Card,Tablet,Paid Search,VIP,4,5,14,6.0
Electronics,49.22,2,Delivered,Apple Pay,Mobile,Organic,VIP,4,5,14,2.0
Electronics,69.72,4,Delivered,Apple Pay,Tablet,Paid Search,Returning,4,5,14,2.0
Home,191.53,5,Delivered,Google Pay,Desktop,Email,VIP,4,6,14,2.0
Electronics,79.03,6,Delivered,Debit Card,Desktop,Email,VIP,4,6,14,6.0
Electronics,339.78,1,Shipped,Credit Card,Desktop,Email,VIP,4,6,14,5.0
Clothing,179.93,2,Shipped,Apple Pay,Mobile,Paid Search,VIP,4,6,14,5.0
Beauty,389.15,3,Shipped,Google Pay,Mobile,Paid Search,VIP,4,6,14,4.0
Books,498.02,1,Shipped,PayPal,Desktop,Paid Search,Returning,4,6,14,4.0
Electronics,133.66,1,Delivered,Credit Card,Mobile,Email,VIP,4,6,14,2.0
Books,385.3,2,Shipped,Google Pay,Desktop,Organic,Returning,4,6,14,4.0
Home,144.89,6,Shipped,PayPal,Mobile,Email,VIP,4,6,14,2.0
Home,484.43,4,Delivered,Debit Card,Desktop,Paid Search,Returning,4,6,14,1.0
Books,417.66,2,Delivered,PayPal,Tablet,Email,VIP,4,6,14,2.0
Electronics,195.31,3,Shipped,Apple Pay,Mobile,Social,Returning,4,6,14,4.0
Toys,73.35,2,Delivered,PayPal,Mobile,Social,New,4,6,14,1.0
Electronics,459.02,2,Delivered,PayPal,Desktop,Email,Returning,4,6,14,7.0
Electronics,106.85,1,Delivered,Credit Card,Mobile,Social,Returning,4,6,14,2.0
Electronics,315.37,3,Shipped,Apple Pay,Desktop,Organic,VIP,4,6,14,4.0
Home,276.18,3,Returned,Debit Card,Desktop,Email,Returning,4,6,14,2.0
Home,155.57,1,Delivered,PayPal,Tablet,Paid Search,Returning,4,6,14,1.0
Electronics,288.41,3,Delivered,Apple Pay,Tablet,Paid Search,Returning,4,6,14,1.0
Books,286.85,2,Delivered,Credit Card,Tablet,Social,Returning,4,6,14,1.0
Toys,422.03,3,Delivered,Apple Pay,Mobile,Email,VIP,4,6,14,2.0
Clothing,241.83,4,Shipped,Credit Card,Tablet,Paid Search,VIP,4,6,14,3.0
Home,362.08,2,Delivered,Apple Pay,Tablet,Social,VIP,4,6,14,1.0
Electronics,496.82,2,Delivered,Apple Pay,Mobile,Organic,Returning,4,6,14,6.0
Books,116.35,1,Delivered,Google Pay,Desktop,Paid Search,Returning,4,6,14,6.0
Electronics,263.78,2,Pending,Apple Pay,Desktop,Social,VIP,4,6,14,4.0
Toys,361.63,3,Shipped,PayPal,Tablet,Social,VIP,4,6,14,7.0
Home,253.4,4,Shipped,Credit Card,Desktop,Social,VIP,4,6,14,6.0
Clothing,313.22,1,Delivered,Credit Card,Tablet,Social,Returning,4,6,14,3.0
Beauty,157.61,3,Delivered,Apple Pay,Desktop,Email,VIP,4,0,14,4.0
Clothing,224.16,1,Shipped,Debit Card,Mobile,Paid Search,Returning,4,0,14,4.0
Clothing,189.2,1,Delivered,PayPal,Desktop,Email,VIP,4,0,14,5.0
Home,198.57,4,Shipped,PayPal,Mobile,Paid Search,VIP,4,0,14,6.0
Books,159.96,4,Delivered,Apple Pay,Desktop,Email,VIP,4,0,14,3.0
Toys,387.29,2,Delivered,PayPal,Desktop,Social,Returning,4,0,14,4.0
Electronics,269.95,3,Shipped,Credit Card,Mobile,Organic,Returning,4,0,14,3.0
Clothing,278.41,2,Delivered,Apple Pay,Tablet,Social,Returning,4,0,14,5.0
Clothing,437.21,1,Delivered,Google Pay,Mobile,Social,VIP,4,0,14,6.0
Books,150.49,2,Delivered,PayPal,Desktop,Email,VIP,4,0,14,5.0
Toys,451.94,1,Delivered,Debit Card,Desktop,Social,Returning,4,0,14,2.0
Clothing,201.22,1,Delivered,PayPal,Desktop,Email,VIP,4,0,14,1.0
Home,375.78,2,Pending,Apple Pay,Mobile,Email,Returning,4,0,14,7.0
Beauty,105.49,1,Shipped,Credit Card,Desktop,Paid Search,Returning,4,0,14,4.0
Home,311.83,1,Shipped,Apple Pay,Mobile,Paid Search,Returning,4,0,14,6.0
Clothing,164.69,1,Delivered,Credit Card,Tablet,Social,VIP,4,0,14,7.0
Books,341.38,3,Delivered,Debit Card,Tablet,Social,VIP,4,0,14,2.0
Electronics,474.66,1,Delivered,Credit Card,Desktop,Organic,VIP,4,0,14,2.0
Beauty,219.4,1,Delivered,Debit Card,Mobile,Organic,VIP,4,0,14,3.0
Toys,39.43,1,Delivered,Apple Pay,Desktop,Organic,Returning,4,0,14,2.0
Books,365.79,3,Returned,Debit Card,Mobile,Paid Search,Returning,4,0,14,5.0
Books,153.26,1,Delivered,Apple Pay,Tablet,Organic,Returning,4,0,14,4.0
Electronics,71.87,3,Pending,Credit Card,Mobile,Organic,Returning,4,0,14,7.0
Clothing,162.69,1,Delivered,Debit Card,Tablet,Paid Search,VIP,4,0,14,2.0
Electronics,490.26,1,Delivered,PayPal,Mobile,Email,Returning,4,0,14,4.0
Books,93.74,4,Delivered,PayPal,Desktop,Paid Search,Returning,4,0,14,3.0
Books,197.88,1,Shipped,Debit Card,Tablet,Email,VIP,4,0,14,3.0
Books,24.96,3,Delivered,Apple Pay,Desktop,Social,Returning,4,0,14,3.0
Books,66.04,3,Delivered,Apple Pay,Tablet,Email,VIP,4,0,14,5.0
Clothing,164.94,2,Delivered,PayPal,Desktop,Email,VIP,4,0,14,7.0
Clothing,23.34,2,Delivered,Google Pay,Tablet,Social,Returning,4,0,14,5.0
Electronics,225.2,3,Delivered,PayPal,Tablet,Paid Search,New,4,0,14,7.0
Beauty,138.59,3,Delivered,Debit Card,Tablet,Social,Returning,4,0,14,4.0
Electronics,135.03,4,Delivered,Debit Card,Tablet,Email,Returning,4,0,14,2.0
Books,91.87,5,Delivered,Google Pay,Desktop,Organic,VIP,4,0,14,6.0
Toys,152.32,1,Delivered,Debit Card,Tablet,Social,VIP,4,0,14,5.0
Home,329.5,1,Delivered,Apple Pay,Tablet,Email,VIP,4,0,14,4.0
Books,196.53,4,Shipped,Google Pay,Tablet,Paid Search,VIP,4,0,14,5.0
Books,386.49,2,Delivered,Apple Pay,Desktop,Social,Returning,4,0,14,3.0
Beauty,56.32,1,Shipped,Apple Pay,Tablet,Organic,New,4,1,14,6.0
Electronics,63.13,1,Shipped,Apple Pay,Tablet,Social,Returning,4,1,14,4.0
Clothing,51.48,2,Delivered,Apple Pay,Desktop,Social,VIP,4,1,14,6.0
Books,391.54,2,Shipped,Google Pay,Desktop,Social,VIP,4,1,14,4.0
Electronics,259.36,1,Delivered,Debit Card,Mobile,Social,Returning,4,1,14,4.0
Books,378.27,3,Delivered,Apple Pay,Desktop,Paid Search,VIP,4,1,14,6.0
Home,107.48,3,Shipped,PayPal,Desktop,Social,Returning,4,1,14,3.0
Electronics,499.9,2,Delivered,Debit Card,Tablet,Organic,VIP,4,1,14,7.0
Clothing,297.48,1,Delivered,PayPal,Mobile,Organic,VIP,4,1,14,7.0
Beauty,245.69,3,Delivered,PayPal,Tablet,Paid Search,Returning,4,1,14,4.0
Books,98.14,1,Shipped,Credit Card,Desktop,Social,Returning,4,1,14,7.0
Electronics,49.49,2,Delivered,Debit Card,Tablet,Email,Returning,4,1,14,4.0
Books,45.26,1,Delivered,PayPal,Mobile,Paid Search,Returning,4,1,14,4.0
Beauty,67.61,2,Delivered,Apple Pay,Desktop,Organic,VIP,4,1,14,4.0
Clothing,471.53,2,Delivered,Credit Card,Tablet,Organic,Returning,4,1,14,3.0
Home,60.33,4,Delivered,Apple Pay,Tablet,Email,VIP,4,1,14,4.0
Clothing,330.9,2,Delivered,Credit Card,Desktop,Email,Returning,4,1,14,2.0
Electronics,143.32,2,Delivered,Credit Card,Desktop,Social,VIP,4,1,14,2.0
Home,494.51,1,Delivered,Credit Card,Mobile,Paid Search,VIP,4,1,14,7.0
Beauty,203.22,2,Delivered,Debit Card,Desktop,Email,Returning,4,1,14,1.0
Home,284.78,3,Delivered,Google Pay,Mobile,Organic,VIP,4,1,14,5.0
Books,79.93,3,Delivered,Google Pay,Desktop,Email,VIP,4,1,14,7.0
Books,289.25,3,Shipped,Credit Card,Mobile,Paid Search,Returning,4,1,14,1.0
Beauty,216.6,1,Delivered,Google Pay,Tablet,Email,VIP,4,2,14,4.0
Toys,135.83,2,Delivered,Debit Card,Mobile,Social,Returning,4,2,14,1.0
Electronics,15.13,1,Delivered,Google Pay,Mobile,Email,VIP,4,2,14,4.0
Beauty,52.29,2,Shipped,Apple Pay,Desktop,Email,VIP,4,2,14,3.0
Beauty,169.93,3,Returned,Credit Card,Desktop,Organic,Returning,4,2,14,7.0
Books,316.19,1,Delivered,Credit Card,Mobile,Paid Search,Returning,4,2,14,3.0
Beauty,363.98,3,Pending,PayPal,Desktop,Paid Search,VIP,4,2,14,7.0
Beauty,120.26,1,Delivered,PayPal,Desktop,Paid Search,VIP,4,2,14,3.0
Toys,292.71,1,Delivered,Credit Card,Mobile,Email,Returning,4,2,14,2.0
Toys,423.75,1,Returned,Debit Card,Mobile,Paid Search,VIP,4,2,14,1.0
Clothing,436.52,1,Delivered,PayPal,Mobile,Social,Returning,4,2,14,1.0
Electronics,429.13,5,Delivered,Google Pay,Mobile,Organic,VIP,4,2,14,7.0
Electronics,244.56,3,Delivered,Apple Pay,Tablet,Email,VIP,4,2,14,2.0
Home,89.94,4,Shipped,Debit Card,Tablet,Email,Returning,4,2,14,2.0
Clothing,332.58,1,Shipped,Apple Pay,Tablet,Social,Returning,4,2,14,7.0
Beauty,314.69,1,Returned,Apple Pay,Mobile,Email,VIP,4,2,14,4.0
Toys,296.71,5,Delivered,Apple Pay,Desktop,Social,Returning,4,2,14,3.0
Electronics,359.67,1,Delivered,Apple Pay,Tablet,Organic,Returning,4,2,14,6.0
Clothing,474.62,1,Delivered,Credit Card,Desktop,Paid Search,Returning,4,2,14,7.0
Clothing,408.76,4,Delivered,Debit Card,Mobile,Email,VIP,4,2,14,4.0
Books,394.99,2,Delivered,Debit Card,Desktop,Email,VIP,4,2,14,1.0
Home,334.74,3,Shipped,PayPal,Mobile,Email,Returning,4,2,14,6.0
Books,374.04,1,Pending,Credit Card,Tablet,Social,VIP,4,2,14,3.0
Home,126.51,1,Pending,Google Pay,Desktop,Email,New,4,2,14,4.0
Electronics,209.54,2,Delivered,Google Pay,Desktop,Social,Returning,4,2,14,4.0
Beauty,383.97,3,Shipped,PayPal,Tablet,Paid Search,VIP,4,2,14,6.0
Home,211.49,4,Delivered,Google Pay,Mobile,Social,VIP,4,2,14,1.0
Books,96.12,2,Delivered,PayPal,Mobile,Organic,VIP,4,2,14,2.0
Books,79.22,2,Pending,PayPal,Tablet,Paid Search,New,4,2,14,4.0
Electronics,405.57,1,Shipped,PayPal,Mobile,Email,New,4,3,14,7.0
Books,429.6,4,Pending,Google Pay,Desktop,Paid Search,VIP,4,3,14,6.0
Home,337.61,2,Delivered,Apple Pay,Tablet,Paid Search,Returning,4,3,14,6.0
Electronics,151.11,4,Shipped,Credit Card,Mobile,Email,VIP,4,3,14,6.0
Home,192.02,2,Delivered,Apple Pay,Tablet,Email,Returning,4,3,14,1.0
Electronics,74.59,1,Delivered,Apple Pay,Desktop,Email,VIP,4,3,14,6.0
Books,342.64,4,Returned,PayPal,Tablet,Organic,Returning,4,3,14,4.0
Toys,169.93,1,Pending,Debit Card,Mobile,Email,Returning,4,3,14,7.0
Home,200.68,3,Delivered,PayPal,Desktop,Paid Search,VIP,4,3,14,2.0
Clothing,331.34,1,Shipped,Credit Card,Mobile,Organic,VIP,4,3,14,4.0
Toys,289.34,3,Shipped,Credit Card,Mobile,Email,VIP,4,3,14,5.0
Clothing,6.49,3,Delivered,PayPal,Desktop,Social,Returning,4,3,14,4.0
Beauty,139.81,4,Shipped,Google Pay,Desktop,Social,Returning,4,3,14,7.0
Home,229.5,1,Shipped,PayPal,Desktop,Email,VIP,4,3,14,6.0
Books,492.39,1,Delivered,Apple Pay,Mobile,Paid Search,VIP,4,3,14,5.0
Home,131.34,1,Delivered,Apple Pay,Desktop,Paid Search,VIP,4,3,14,7.0
Books,270.33,2,Pending,Credit Card,Mobile,Email,Returning,4,3,14,5.0
Electronics,122.03,1,Returned,Google Pay,Tablet,Organic,Returning,4,3,14,5.0
Toys,45.47,5,Delivered,Apple Pay,Tablet,Paid Search,Returning,4,3,14,5.0
Beauty,184.17,1,Delivered,Apple Pay,Mobile,Paid Search,Returning,4,3,14,1.0
Electronics,153.96,1,Delivered,Google Pay,Mobile,Organic,Returning,4,3,14,1.0
Beauty,105.16,1,Delivered,PayPal,Tablet,Email,Returning,4,3,14,4.0
Books,306.34,3,Shipped,Debit Card,Tablet,Organic,Returning,4,3,14,4.0
Home,157.24,1,Delivered,Debit Card,Desktop,Social,VIP,4,3,14,6.0
Home,314.18,3,Shipped,Credit Card,Tablet,Social,Returning,4,3,14,1.0
Books,157.39,1,Shipped,Google Pay,Desktop,Paid Search,Returning,4,3,14,1.0
Home,300.91,2,Delivered,Apple Pay,Mobile,Social,VIP,4,3,14,1.0
Electronics,243.79,2,Returned,Credit Card,Tablet,Email,VIP,4,3,14,2.0
Electronics,86.78,1,Returned,Credit Card,Desktop,Email,Returning,4,3,14,7.0
Toys,325.97,3,Delivered,Apple Pay,Desktop,Email,Returning,4,3,14,3.0
Toys,11.92,2,Delivered,Apple Pay,Desktop,Email,New,4,3,14,7.0
Home,336.74,5,Delivered,Google Pay,Mobile,Social,Returning,4,3,14,7.0
Home,333.17,2,Delivered,Credit Card,Mobile,Social,Returning,4,4,14,3.0
Beauty,278.81,1,Delivered,Credit Card,Tablet,Organic,Returning,4,4,14,1.0
Books,207.01,1,Delivered,Google Pay,Tablet,Paid Search,Returning,4,4,14,1.0
Clothing,123.74,2,Shipped,Google Pay,Tablet,Email,Returning,4,4,14,2.0
Toys,333.32,1,Shipped,Debit Card,Desktop,Social,Returning,4,4,14,2.0
Electronics,228.71,3,Delivered,Apple Pay,Tablet,Social,Returning,4,4,14,6.0
Beauty,485.65,1,Shipped,Credit Card,Desktop,Paid Search,Returning,4,4,14,2.0
Books,460.32,2,Shipped,Credit Card,Desktop,Social,VIP,4,4,14,7.0
Clothing,223.43,2,Delivered,Google Pay,Tablet,Email,VIP,4,4,14,2.0
Electronics,292.87,1,Delivered,Debit Card,Desktop,Paid Search,Returning,4,4,14,1.0
Home,74.5,3,Delivered,PayPal,Desktop,Paid Search,VIP,4,4,14,4.0
Books,423.24,7,Delivered,Debit Card,Tablet,Paid Search,Returning,4,4,14,6.0
Electronics,51.86,1,Delivered,Debit Card,Mobile,Social,Returning,4,4,14,3.0
Electronics,371.08,1,Delivered,Credit Card,Tablet,Organic,VIP,4,4,14,3.0
Beauty,67.86,4,Delivered,Debit Card,Mobile,Social,VIP,4,4,14,1.0
Books,305.13,2,Delivered,Credit Card,Tablet,Paid Search,VIP,4,4,14,3.0
Electronics,39.26,3,Delivered,Apple Pay,Mobile,Organic,VIP,4,4,14,5.0
Toys,242.05,2,Delivered,PayPal,Mobile,Organic,Returning,4,4,14,6.0
Beauty,294.1,3,Delivered,Google Pay,Tablet,Social,VIP,4,4,14,7.0
Beauty,362.04,1,Delivered,Google Pay,Tablet,Paid Search,Returning,4,4,14,3.0
Beauty,409.43,1,Delivered,Apple Pay,Mobile,Email,VIP,4,4,14,5.0
Clothing,76.09,1,Delivered,Credit Card,Mobile,Social,VIP,4,4,14,5.0
Beauty,57.56,2,Delivered,Google Pay,Tablet,Social,VIP,4,4,14,3.0
Home,321.27,2,Delivered,Credit Card,Desktop,Organic,Returning,4,4,14,2.0
Beauty,157.93,1,Delivered,Credit Card,Mobile,Organic,Returning,4,4,14,3.0
Clothing,420.56,4,Delivered,Google Pay,Tablet,Social,Returning,4,4,14,3.0
Home,457.44,1,Delivered,Google Pay,Mobile,Social,Returning,4,4,14,7.0
Beauty,476.47,3,Delivered,Apple Pay,Desktop,Paid Search,VIP,4,4,14,2.0
Beauty,341.9,1,Shipped,Apple Pay,Tablet,Social,Returning,4,4,14,2.0
Beauty,493.89,1,Delivered,PayPal,Mobile,Email,New,4,4,14,5.0
Books,182.6,4,Delivered,PayPal,Tablet,Social,VIP,4,4,14,1.0
Toys,266.0,4,Shipped,Google Pay,Desktop,Social,VIP,4,4,14,3.0
Home,90.47,1,Delivered,Debit Card,Mobile,Email,VIP,4,4,14,4.0
Books,35.88,1,Delivered,Debit Card,Desktop,Email,Returning,4,4,14,6.0
Beauty,440.96,2,Delivered,Debit Card,Mobile,Organic,Returning,4,4,14,3.0
Toys,108.04,2,Pending,Credit Card,Tablet,Email,VIP,4,4,14,7.0
Toys,478.78,1,Delivered,PayPal,Mobile,Email,Returning,4,4,14,2.0
Clothing,147.89,2,Delivered,Apple Pay,Tablet,Paid Search,VIP,4,4,14,3.0
Books,42.1,3,Delivered,Apple Pay,Mobile,Social,Returning,4,5,14,5.0
Home,216.97,1,Delivered,Debit Card,Tablet,Paid Search,VIP,4,5,14,4.0
Beauty,76.06,1,Delivered,PayPal,Tablet,Social,Returning,4,5,14,7.0
Clothing,390.99,1,Delivered,Credit Card,Tablet,Organic,Returning,4,5,14,7.0
Beauty,54.23,3,Delivered,Debit Card,Mobile,Organic,VIP,4,5,14,2.0
Books,302.92,1,Delivered,PayPal,Tablet,Organic,New,4,5,14,3.0
Clothing,170.03,2,Shipped,PayPal,Tablet,Email,VIP,4,5,14,3.0
Toys,457.05,1,Delivered,Apple Pay,Desktop,Organic,VIP,4,5,14,4.0
Beauty,217.89,3,Delivered,Google Pay,Desktop,Email,Returning,4,5,14,1.0
Toys,68.96,2,Delivered,Credit Card,Tablet,Paid Search,Returning,4,5,14,5.0
Electronics,123.32,1,Delivered,Apple Pay,Tablet,Social,VIP,4,5,14,4.0
Home,44.28,1,Delivered,Google Pay,Tablet,Organic,VIP,4,5,14,1.0
Home,86.73,2,Delivered,Debit Card,Desktop,Email,VIP,4,5,14,7.0
Clothing,216.11,1,Shipped,PayPal,Mobile,Organic,VIP,4,5,14,2.0
Beauty,493.99,3,Returned,Google Pay,Desktop,Email,Returning,4,5,14,4.0
Beauty,391.46,2,Delivered,Credit Card,Desktop,Organic,VIP,4,5,14,7.0
Clothing,49.49,1,Delivered,Debit Card,Tablet,Email,VIP,4,5,14,5.0
Beauty,51.69,1,Delivered,Google Pay,Mobile,Social,VIP,4,5,14,1.0
Beauty,363.29,1,Shipped,Debit Card,Tablet,Paid Search,Returning,4,5,14,4.0
Beauty,77.64,4,Shipped,PayPal,Desktop,Social,VIP,4,5,14,4.0
Toys,192.58,2,Delivered,Google Pay,Tablet,Social,Returning,4,5,14,4.0
Electronics,288.46,1,Delivered,PayPal,Desktop,Social,Returning,4,5,14,7.0
Beauty,195.91,1,Delivered,Debit Card,Desktop,Email,New,4,5,14,1.0
Books,198.63,3,Delivered,Apple Pay,Mobile,Email,VIP,4,5,14,6.0
Beauty,266.54,3,Pending,Google Pay,Desktop,Paid Search,Returning,4,5,14,2.0
Clothing,282.51,1,Returned,Debit Card,Tablet,Paid Search,VIP,4,5,14,6.0
Home,294.12,1,Delivered,Credit Card,Tablet,Social,VIP,4,5,14,4.0
Books,450.33,1,Delivered,Google Pay,Mobile,Paid Search,VIP,4,5,14,3.0
Beauty,45.86,1,Delivered,Google Pay,Tablet,Social,VIP,4,5,14,2.0
Clothing,362.3,1,Returned,Google Pay,Mobile,Social,Returning,4,5,14,7.0
Electronics,361.31,1,Delivered,PayPal,Desktop,Paid Search,Returning,4,5,14,4.0
Toys,60.56,3,Delivered,Credit Card,Tablet,Paid Search,VIP,4,5,14,3.0
Home,48.71,1,Shipped,Debit Card,Mobile,Organic,New,4,6,14,2.0
Clothing,50.7,1,Delivered,Credit Card,Mobile,Paid Search,Returning,4,6,14,7.0
Books,198.27,1,Delivered,Apple Pay,Desktop,Social,VIP,4,6,14,5.0
Home,324.26,1,Delivered,Apple Pay,Tablet,Organic,VIP,4,6,14,3.0
Beauty,382.89,1,Delivered,Debit Card,Mobile,Social,Returning,4,6,14,3.0
Clothing,441.98,1,Delivered,PayPal,Desktop,Organic,VIP,4,6,14,3.0
Electronics,313.99,2,Returned,Google Pay,Desktop,Social,Returning,4,6,14,1.0
Electronics,343.22,3,Returned,Google Pay,Tablet,Paid Search,New,4,6,14,2.0
Home,201.19,1,Delivered,Apple Pay,Tablet,Email,Returning,4,6,14,3.0
Beauty,200.26,3,Delivered,Credit Card,Desktop,Paid Search,VIP,4,6,14,4.0
Books,12.61,3,Delivered,Debit Card,Mobile,Paid Search,Returning,4,6,14,7.0
Clothing,232.62,2,Shipped,Apple Pay,Desktop,Email,Returning,4,6,14,1.0
Electronics,268.66,2,Shipped,Credit Card,Mobile,Organic,VIP,4,6,14,6.0
Toys,286.93,4,Delivered,PayPal,Tablet,Email,Returning,4,6,14,2.0
Clothing,65.62,1,Delivered,Google Pay,Mobile,Email,VIP,4,6,14,4.0
Electronics,333.79,2,Delivered,PayPal,Tablet,Email,Returning,4,6,14,2.0
Home,302.6,1,Delivered,Debit Card,Desktop,Email,Returning,4,6,14,2.0
Home,131.84,4,Returned,Google Pay,Desktop,Email,VIP,4,6,14,2.0
Books,247.55,2,Delivered,Credit Card,Tablet,Email,Returning,4,6,14,3.0
Beauty,368.59,2,Delivered,Google Pay,Tablet,Email,New,4,6,14,5.0
Home,243.51,1,Delivered,Debit Card,Desktop,Organic,Returning,4,6,14,2.0
Electronics,230.19,2,Shipped,Credit Card,Desktop,Organic,Returning,4,6,14,2.0
Toys,375.22,2,Shipped,Google Pay,Tablet,Social,Returning,4,6,14,7.0
Home,385.79,2,Delivered,Apple Pay,Mobile,Paid Search,VIP,4,6,14,7.0
Toys,435.55,5,Delivered,PayPal,Desktop,Organic,VIP,4,6,14,1.0
Home,227.06,2,Returned,Debit Card,Mobile,Paid Search,VIP,4,6,14,5.0
Books,261.45,1,Delivered,Google Pay,Desktop,Organic,VIP,4,6,14,7.0
Clothing,58.4,3,Delivered,PayPal,Tablet,Social,Returning,4,6,14,1.0
Clothing,315.99,3,Shipped,Google Pay,Tablet,Paid Search,Returning,4,6,14,2.0
Toys,466.18,4,Delivered,Credit Card,Mobile,Paid Search,Returning,4,6,14,2.0
Clothing,364.29,1,Shipped,Google Pay,Desktop,Email,Returning,4,6,14,1.0
Electronics,216.72,5,Returned,Apple Pay,Desktop,Organic,VIP,4,6,14,3.0
Beauty,62.75,2,Delivered,Apple Pay,Mobile,Social,Returning,4,0,14,3.0
Beauty,462.46,3,Delivered,Apple Pay,Tablet,Social,Returning,4,0,14,2.0
Electronics,444.69,2,Delivered,Debit Card,Desktop,Email,Returning,4,0,14,3.0
Home,413.93,2,Delivered,Google Pay,Tablet,Organic,New,4,0,14,6.0
Clothing,102.4,1,Shipped,Apple Pay,Tablet,Email,Returning,4,0,14,2.0
Home,391.78,3,Delivered,Google Pay,Desktop,Paid Search,Returning,4,0,14,7.0
Beauty,321.53,2,Delivered,Apple Pay,Tablet,Paid Search,Returning,4,0,14,5.0
Electronics,343.45,2,Pending,Apple Pay,Tablet,Paid Search,Returning,4,0,14,7.0
Toys,105.56,4,Shipped,Google Pay,Tablet,Social,VIP,4,0,14,7.0
Toys,255.69,1,Delivered,Google Pay,Mobile,Email,VIP,4,0,14,6.0
Beauty,464.12,1,Delivered,Google Pay,Desktop,Organic,Returning,4,0,14,5.0
Electronics,486.97,2,Shipped,Debit Card,Mobile,Organic,VIP,4,0,14,3.0
Beauty,256.33,2,Shipped,Apple Pay,Desktop,Email,Returning,4,0,14,4.0
Electronics,174.4,1,Shipped,Google Pay,Mobile,Email,Returning,4,0,14,3.0
Clothing,422.0,3,Delivered,Apple Pay,Desktop,Email,VIP,4,0,14,2.0
Home,371.29,1,Pending,PayPal,Tablet,Social,VIP,4,0,14,1.0
Books,178.49,2,Delivered,Google Pay,Mobile,Organic,Returning,4,0,14,3.0
Home,451.48,2,Shipped,Apple Pay,Mobile,Social,VIP,4,0,14,1.0
Books,14.98,2,Delivered,PayPal,Tablet,Organic,Returning,4,0,14,1.0
Clothing,259.97,1,Delivered,PayPal,Mobile,Organic,VIP,4,0,14,2.0
Toys,132.59,4,Delivered,Google Pay,Desktop,Paid Search,VIP,4,0,14,1.0
Home,307.83,1,Delivered,Debit Card,Tablet,Social,Returning,4,0,14,3.0
Beauty,472.38,2,Shipped,PayPal,Tablet,Social,Returning,4,0,14,4.0
Toys,152.96,3,Delivered,Google Pay,Mobile,Email,Returning,4,0,14,7.0
Toys,150.8,1,Delivered,Credit Card,Mobile,Email,Returning,4,0,14,3.0
Beauty,330.28,1,Returned,PayPal,Tablet,Social,Returning,4,1,14,2.0
Books,253.14,4,Delivered,PayPal,Mobile,Paid Search,Returning,4,1,14,4.0
Books,465.41,2,Delivered,Debit Card,Tablet,Organic,Returning,4,1,14,3.0
Clothing,60.1,2,Delivered,Apple Pay,Desktop,Email,VIP,4,1,14,1.0
Clothing,329.21,2,Delivered,Google Pay,Tablet,Organic,VIP,4,1,14,1.0
Clothing,231.94,1,Shipped,Apple Pay,Mobile,Organic,Returning,4,1,14,4.0
Books,415.34,2,Delivered,Apple Pay,Tablet,Paid Search,Returning,4,1,14,6.0
Books,185.59,2,Delivered,Apple Pay,Mobile,Social,Returning,4,1,14,4.0
Electronics,193.39,1,Delivered,PayPal,Mobile,Organic,Returning,4,1,14,5.0
Home,8.43,4,Delivered,PayPal,Tablet,Social,Returning,4,1,14,5.0
Clothing,345.97,3,Delivered,Credit Card,Tablet,Email,Returning,4,1,14,5.0
Clothing,499.85,1,Delivered,Apple Pay,Desktop,Social,VIP,4,1,14,6.0
Home,397.35,2,Delivered,Debit Card,Mobile,Organic,VIP,4,1,14,5.0
Home,349.21,2,Delivered,Credit Card,Tablet,Email,VIP,4,1,14,5.0
Beauty,142.41,3,Delivered,Credit Card,Mobile,Organic,VIP,4,1,14,1.0
Electronics,289.12,2,Delivered,Google Pay,Desktop,Paid Search,VIP,4,1,14,5.0
Electronics,243.38,5,Shipped,Google Pay,Mobile,Email,Returning,4,1,14,5.0
Toys,93.72,1,Shipped,Credit Card,Desktop,Social,VIP,4,1,14,6.0
Clothing,486.02,2,Delivered,PayPal,Desktop,Organic,VIP,4,1,14,2.0
Clothing,315.52,4,Delivered,Debit Card,Tablet,Social,VIP,4,1,14,4.0
Electronics,228.6,1,Shipped,Credit Card,Desktop,Social,Returning,4,1,14,3.0
Clothing,479.95,2,Shipped,Debit Card,Desktop,Social,VIP,4,1,14,2.0
Toys,76.16,3,Delivered,Google Pay,Mobile,Email,VIP,4,1,14,1.0
Home,347.83,1,Delivered,Google Pay,Mobile,Organic,VIP,4,1,14,1.0
Beauty,42.85,2,Shipped,Apple Pay,Desktop,Email,VIP,4,1,14,6.0
Home,114.12,1,Delivered,PayPal,Mobile,Paid Search,VIP,4,1,14,1.0
Home,438.99,3,Shipped,Google Pay,Tablet,Social,VIP,4,1,14,1.0
Beauty,139.42,3,Delivered,Apple Pay,Tablet,Email,Returning,4,1,14,4.0
Electronics,172.7,1,Shipped,Google Pay,Mobile,Paid Search,Returning,4,1,14,3.0
Toys,425.81,2,Delivered,Credit Card,Desktop,Social,Returning,4,1,14,2.0
Beauty,180.62,1,Delivered,Credit Card,Desktop,Organic,VIP,5,2,14,3.0
Clothing,70.16,1,Delivered,PayPal,Mobile,Email,VIP,5,2,14,7.0
Books,277.44,1,Shipped,PayPal,Desktop,Email,New,5,2,14,2.0
Home,361.95,1,Delivered,Credit Card,Mobile,Organic,VIP,5,2,14,5.0
Books,324.95,1,Shipped,Credit Card,Desktop,Organic,VIP,5,2,14,1.0
Home,493.0,1,Delivered,Credit Card,Desktop,Email,VIP,5,2,14,2.0
Beauty,463.76,6,Shipped,Credit Card,Tablet,Paid Search,Returning,5,2,14,7.0
Beauty,81.89,3,Delivered,Debit Card,Mobile,Email,VIP,5,2,14,6.0
Beauty,281.04,1,Delivered,Apple Pay,Mobile,Social,VIP,5,2,14,6.0
Toys,218.93,3,Delivered,Google Pay,Mobile,Email,Returning,5,2,14,7.0
Electronics,17.79,4,Delivered,Debit Card,Mobile,Email,VIP,5,2,14,5.0
Home,84.43,3,Shipped,Debit Card,Mobile,Email,Returning,5,2,14,2.0
Home,26.09,4,Delivered,Credit Card,Mobile,Paid Search,VIP,5,2,14,2.0
Clothing,82.53,1,Delivered,Debit Card,Desktop,Paid Search,VIP,5,2,14,5.0
Electronics,199.74,3,Delivered,Google Pay,Mobile,Organic,VIP,5,2,14,7.0
Clothing,492.32,1,Delivered,Credit Card,Desktop,Organic,Returning,5,2,14,5.0
Clothing,339.53,3,Delivered,Apple Pay,Mobile,Organic,Returning,5,2,14,4.0
Electronics,378.22,1,Shipped,PayPal,Desktop,Paid Search,Returning,5,2,14,5.0
Electronics,490.97,2,Returned,PayPal,Tablet,Paid Search,VIP,5,2,14,4.0
Clothing,493.85,3,Delivered,Credit Card,Tablet,Organic,VIP,5,2,14,6.0
Books,404.05,1,Delivered,Google Pay,Tablet,Organic,VIP,5,2,14,7.0
Electronics,334.54,2,Delivered,Debit Card,Desktop,Organic,Returning,5,2,14,2.0
Clothing,419.05,1,Delivered,Apple Pay,Desktop,Email,VIP,5,2,14,6.0
Electronics,343.98,4,Delivered,Google Pay,Tablet,Organic,Returning,5,2,14,1.0
Clothing,64.53,1,Delivered,Debit Card,Tablet,Social,Returning,5,2,14,3.0
Toys,234.85,2,Delivered,Google Pay,Tablet,Paid Search,VIP,5,2,14,5.0
Books,92.95,2,Delivered,Debit Card,Tablet,Email,VIP,5,2,14,7.0
Electronics,384.55,5,Pending,Debit Card,Desktop,Email,Returning,5,2,14,5.0
Clothing,322.23,1,Returned,Google Pay,Tablet,Organic,VIP,5,2,14,5.0
Toys,465.6,1,Delivered,Google Pay,Desktop,Paid Search,Returning,5,3,14,1.0
Beauty,37.91,2,Delivered,Apple Pay,Desktop,Email,VIP,5,3,14,1.0
Clothing,351.51,2,Delivered,Google Pay,Desktop,Organic,VIP,5,3,14,4.0
Beauty,261.06,3,Delivered,PayPal,Mobile,Paid Search,VIP,5,3,14,7.0
Toys,81.04,2,Delivered,PayPal,Tablet,Paid Search,VIP,5,3,14,5.0
Electronics,321.49,1,Pending,Debit Card,Tablet,Organic,VIP,5,3,14,4.0
Beauty,159.26,3,Shipped,PayPal,Mobile,Social,VIP,5,3,14,1.0
Toys,185.35,1,Pending,Credit Card,Mobile,Paid Search,VIP,5,3,14,2.0
Home,106.55,4,Delivered,Credit Card,Tablet,Paid Search,VIP,5,3,14,5.0
Books,16.58,1,Shipped,Apple Pay,Desktop,Email,VIP,5,3,14,7.0
Home,245.55,2,Delivered,PayPal,Tablet,Paid Search,Returning,5,3,14,4.0
Beauty,269.23,3,Delivered,Debit Card,Mobile,Paid Search,New,5,3,14,7.0
Clothing,151.92,4,Delivered,Apple Pay,Mobile,Social,Returning,5,3,14,7.0
Toys,225.76,3,Shipped,Debit Card,Desktop,Organic,VIP,5,3,14,2.0
Toys,83.09,2,Delivered,Apple Pay,Mobile,Email,Returning,5,3,14,1.0
Clothing,312.97,4,Delivered,Credit Card,Mobile,Social,VIP,5,3,14,6.0
Beauty,44.99,1,Delivered,PayPal,Mobile,Email,VIP,5,3,14,7.0
Electronics,57.37,2,Shipped,PayPal,Mobile,Organic,VIP,5,3,14,6.0
Home,210.09,2,Delivered,Google Pay,Desktop,Paid Search,VIP,5,3,14,6.0
Beauty,375.63,5,Pending,Debit Card,Tablet,Organic,VIP,5,3,14,4.0
Books,383.99,1,Delivered,PayPal,Desktop,Organic,Returning,5,3,14,2.0
Clothing,222.02,1,Pending,Apple Pay,Tablet,Social,Returning,5,3,14,5.0
Electronics,350.11,4,Delivered,PayPal,Desktop,Organic,VIP,5,3,14,2.0
Beauty,473.22,1,Returned,Debit Card,Desktop,Paid Search,New,5,3,14,4.0
Beauty,475.66,6,Shipped,Credit Card,Tablet,Email,VIP,5,3,14,6.0
Beauty,48.49,1,Delivered,PayPal,Mobile,Paid Search,VIP,5,3,14,4.0
Books,21.89,1,Delivered,Credit Card,Tablet,Social,Returning,5,3,14,4.0
Electronics,99.24,3,Shipped,Credit Card,Mobile,Email,VIP,5,3,14,1.0
Beauty,247.84,1,Delivered,PayPal,Tablet,Organic,Returning,5,3,14,2.0
Clothing,262.65,2,Pending,Credit Card,Tablet,Email,Returning,5,3,14,4.0
Beauty,375.09,1,Delivered,Credit Card,Desktop,Email,VIP,5,3,14,6.0
Toys,120.0,2,Delivered,Apple Pay,Mobile,Organic,VIP,5,3,14,1.0
Electronics,30.36,3,Delivered,PayPal,Mobile,Paid Search,VIP,5,4,14,4.0
Clothing,331.09,1,Shipped,Debit Card,Desktop,Social,Returning,5,4,14,1.0
Toys,296.82,4,Delivered,Debit Card,Mobile,Organic,VIP,5,4,14,6.0
Toys,138.28,3,Delivered,Debit Card,Tablet,Organic,VIP,5,4,14,3.0
Home,442.85,5,Delivered,Credit Card,Desktop,Email,New,5,4,14,3.0
Beauty,393.06,1,Returned,PayPal,Tablet,Paid Search,VIP,5,4,14,5.0
Toys,444.64,2,Delivered,PayPal,Tablet,Social,VIP,5,4,14,5.0
Books,448.15,1,Delivered,Apple Pay,Tablet,Paid Search,VIP,5,4,14,3.0
Home,348.59,2,Delivered,Google Pay,Tablet,Organic,New,5,4,14,4.0
Electronics,84.81,2,Delivered,PayPal,Tablet,Organic,VIP,5,4,14,3.0
Home,169.06,3,Delivered,Apple Pay,Mobile,Paid Search,VIP,5,4,14,4.0
Clothing,153.47,1,Shipped,Credit Card,Tablet,Organic,Returning,5,4,14,3.0
Beauty,457.68,1,Delivered,Debit Card,Mobile,Email,VIP,5,4,14,2.0
Clothing,425.23,3,Delivered,Credit Card,Tablet,Paid Search,Returning,5,4,14,2.0
Books,324.45,1,Delivered,Apple Pay,Mobile,Social,Returning,5,4,14,1.0
Electronics,248.42,3,Shipped,Debit Card,Mobile,Organic,VIP,5,4,14,5.0
Electronics,82.38,3,Delivered,Apple Pay,Mobile,Organic,VIP,5,4,14,3.0
Home,7.88,1,Delivered,PayPal,Mobile,Social,VIP,5,4,14,4.0
Home,449.96,2,Shipped,Apple Pay,Mobile,Social,Returning,5,4,14,1.0
Electronics,225.43,2,Delivered,Credit Card,Tablet,Organic,VIP,5,4,14,4.0
Toys,348.81,1,Delivered,Apple Pay,Desktop,Email,VIP,5,4,14,4.0
Electronics,275.24,2,Shipped,Google Pay,Mobile,Social,Returning,5,4,14,1.0
Books,459.46,1,Delivered,PayPal,Mobile,Paid Search,VIP,5,4,14,5.0
Beauty,59.63,2,Shipped,PayPal,Tablet,Social,Returning,5,4,14,6.0
Clothing,387.44,1,Delivered,Debit Card,Tablet,Organic,Returning,5,4,14,3.0
Home,421.91,3,Pending,Google Pay,Desktop,Social,Returning,5,4,14,4.0
Clothing,434.77,1,Delivered,Apple Pay,Tablet,Paid Search,VIP,5,5,14,2.0
Books,343.96,1,Delivered,Credit Card,Desktop,Social,VIP,5,5,14,7.0
Home,265.92,2,Pending,Apple Pay,Tablet,Organic,Returning,5,5,14,1.0
Books,106.53,5,Shipped,Google Pay,Desktop,Paid Search,Returning,5,5,14,6.0
Beauty,183.24,1,Pending,Credit Card,Mobile,Organic,New,5,5,14,6.0
Clothing,480.56,1,Shipped,Credit Card,Mobile,Organic,VIP,5,5,14,5.0
Home,460.04,2,Shipped,Apple Pay,Tablet,Social,Returning,5,5,14,7.0
Books,172.54,1,Delivered,Apple Pay,Tablet,Organic,Returning,5,5,14,3.0
Books,148.77,1,Delivered,Debit Card,Desktop,Social,Returning,5,5,14,6.0
Home,56.45,2,Returned,Credit Card,Desktop,Organic,Returning,5,5,14,1.0
Books,499.93,4,Delivered,Debit Card,Desktop,Email,Returning,5,5,14,5.0
Home,328.58,2,Delivered,Debit Card,Tablet,Social,Returning,5,5,14,2.0
Beauty,29.77,2,Shipped,Google Pay,Tablet,Email,VIP,5,5,14,6.0
Beauty,6.12,1,Delivered,Credit Card,Desktop,Paid Search,Returning,5,5,14,1.0
Beauty,149.03,2,Delivered,Credit Card,Desktop,Email,VIP,5,5,14,3.0
Electronics,467.99,1,Pending,PayPal,Tablet,Social,VIP,5,5,14,1.0
Beauty,378.55,5,Delivered,PayPal,Mobile,Social,Returning,5,5,14,3.0
Electronics,322.62,2,Delivered,Apple Pay,Desktop,Email,VIP,5,5,14,3.0
Books,496.06,2,Shipped,Apple Pay,Tablet,Organic,Returning,5,5,14,2.0
Home,163.12,2,Shipped,Google Pay,Desktop,Paid Search,VIP,5,5,14,7.0
Books,255.29,1,Shipped,Google Pay,Mobile,Email,VIP,5,5,14,5.0
Books,155.38,3,Shipped,Apple Pay,Desktop,Paid Search,VIP,5,6,14,6.0
Toys,412.46,1,Delivered,Credit Card,Tablet,Organic,VIP,5,6,14,2.0
Clothing,196.43,2,Delivered,PayPal,Desktop,Email,VIP,5,6,14,5.0
Toys,217.91,3,Delivered,Google Pay,Desktop,Email,Returning,5,6,14,3.0
Beauty,18.76,1,Delivered,Debit Card,Mobile,Organic,Returning,5,6,14,6.0
Books,121.17,1,Delivered,Credit Card,Mobile,Social,VIP,5,6,14,3.0
Books,247.56,1,Pending,Google Pay,Mobile,Social,Returning,5,6,14,2.0
Beauty,487.6,3,Shipped,Google Pay,Tablet,Organic,Returning,5,6,14,5.0
Toys,219.99,2,Pending,Credit Card,Desktop,Email,VIP,5,6,14,1.0
Beauty,430.04,3,Delivered,Apple Pay,Desktop,Email,VIP,5,6,14,7.0
Home,82.04,3,Delivered,Apple Pay,Tablet,Paid Search,VIP,5,6,14,7.0
Electronics,322.34,4,Delivered,Apple Pay,Tablet,Paid Search,New,5,6,14,1.0
Books,257.12,4,Delivered,PayPal,Mobile,Social,VIP,5,6,14,1.0
Electronics,45.99,2,Shipped,Credit Card,Desktop,Social,VIP,5,6,14,3.0
Books,257.44,1,Delivered,Apple Pay,Tablet,Organic,VIP,5,6,14,4.0
Electronics,249.89,3,Shipped,Credit Card,Tablet,Email,Returning,5,6,14,6.0
Clothing,425.63,1,Shipped,Google Pay,Desktop,Email,VIP,5,6,14,2.0
Electronics,377.64,1,Delivered,Apple Pay,Desktop,Social,VIP,5,6,14,4.0
Home,413.74,1,Delivered,Apple Pay,Tablet,Email,VIP,5,6,14,4.0
Toys,37.28,1,Delivered,Google Pay,Mobile,Email,VIP,5,6,14,6.0
Toys,101.33,1,Delivered,Debit Card,Desktop,Organic,Returning,5,6,14,4.0
Home,29.41,1,Pending,Apple Pay,Desktop,Email,VIP,5,6,14,1.0
Clothing,382.76,1,Delivered,Apple Pay,Tablet,Paid Search,Returning,5,6,14,6.0
Electronics,449.77,3,Shipped,Credit Card,Mobile,Social,Returning,5,6,14,6.0
Home,49.13,1,Shipped,Debit Card,Tablet,Email,New,5,6,14,2.0
Clothing,421.99,1,Delivered,Credit Card,Desktop,Social,Returning,5,6,14,6.0
Electronics,235.02,2,Shipped,PayPal,Tablet,Social,VIP,5,6,14,4.0
Toys,146.2,3,Shipped,PayPal,Tablet,Organic,Returning,5,6,14,2.0
Toys,299.4,2,Returned,Credit Card,Tablet,Email,Returning,5,6,14,1.0
Toys,330.57,1,Delivered,Apple Pay,Tablet,Email,VIP,5,6,14,7.0
Beauty,145.58,3,Delivered,Credit Card,Mobile,Email,Returning,5,6,14,1.0
Toys,28.67,1,Delivered,Credit Card,Mobile,Paid Search,Returning,5,6,14,3.0
Beauty,141.57,2,Shipped,Google Pay,Mobile,Email,Returning,5,6,14,2.0
Electronics,65.56,2,Delivered,Apple Pay,Tablet,Email,VIP,5,6,14,3.0
Books,476.41,1,Delivered,Credit Card,Tablet,Social,VIP,5,0,14,7.0
Books,111.63,3,Delivered,Debit Card,Tablet,Social,VIP,5,0,14,4.0
Beauty,340.11,2,Delivered,Credit Card,Desktop,Social,Returning,5,0,14,4.0
Home,85.92,3,Shipped,Debit Card,Mobile,Paid Search,Returning,5,0,14,5.0
Books,89.47,3,Delivered,Apple Pay,Desktop,Organic,Returning,5,0,14,3.0
Electronics,170.3,2,Delivered,Apple Pay,Desktop,Email,VIP,5,0,14,3.0
Beauty,334.85,2,Delivered,PayPal,Tablet,Email,VIP,5,0,14,2.0
Books,234.24,1,Delivered,Google Pay,Tablet,Social,Returning,5,0,14,7.0
Beauty,359.14,1,Delivered,Credit Card,Mobile,Paid Search,VIP,5,0,14,6.0
Toys,93.8,2,Delivered,Apple Pay,Mobile,Organic,VIP,5,0,14,1.0
Home,370.65,4,Delivered,Debit Card,Mobile,Paid Search,Returning,5,0,14,6.0
Books,326.45,3,Delivered,Debit Card,Tablet,Social,New,5,0,14,5.0
Electronics,366.81,2,Returned,Credit Card,Tablet,Organic,VIP,5,0,14,6.0
Clothing,421.25,3,Delivered,Debit Card,Tablet,Social,New,5,0,14,3.0
Books,297.85,6,Delivered,Debit Card,Mobile,Social,Returning,5,0,14,5.0
Electronics,391.08,7,Delivered,PayPal,Tablet,Social,New,5,0,14,5.0
Beauty,462.21,2,Shipped,Apple Pay,Tablet,Organic,Returning,5,0,14,4.0
Electronics,262.9,1,Delivered,PayPal,Desktop,Paid Search,VIP,5,0,14,3.0
Clothing,416.29,2,Delivered,Debit Card,Mobile,Organic,Returning,5,0,14,1.0
Beauty,465.93,1,Shipped,Debit Card,Desktop,Paid Search,Returning,5,0,14,2.0
Electronics,368.33,1,Shipped,Credit Card,Desktop,Email,Returning,5,0,14,7.0
Home,116.91,3,Shipped,Debit Card,Tablet,Social,VIP,5,0,14,2.0
Home,480.9,1,Pending,PayPal,Tablet,Paid Search,Returning,5,1,14,1.0
Home,409.75,3,Shipped,Google Pay,Mobile,Paid Search,Returning,5,1,14,6.0
Beauty,15.14,1,Pending,Credit Card,Mobile,Organic,VIP,5,1,14,3.0
Clothing,340.35,1,Delivered,PayPal,Desktop,Email,VIP,5,1,14,5.0
Beauty,464.35,3,Shipped,Google Pay,Mobile,Social,Returning,5,1,14,1.0
Books,309.4,1,Delivered,Google Pay,Tablet,Paid Search,Returning,5,1,14,3.0
Electronics,497.52,4,Delivered,Credit Card,Desktop,Email,Returning,5,1,14,5.0
Electronics,254.0,1,Delivered,Google Pay,Mobile,Organic,VIP,5,1,14,6.0
Electronics,482.55,5,Delivered,Apple Pay,Desktop,Organic,VIP,5,1,14,7.0
Clothing,103.31,1,Delivered,Google Pay,Tablet,Organic,New,5,1,14,2.0
Clothing,316.68,1,Delivered,Credit Card,Desktop,Email,Returning,5,1,14,2.0
Home,249.15,4,Delivered,Apple Pay,Desktop,Social,VIP,5,1,14,6.0
Clothing,106.06,1,Delivered,Debit Card,Mobile,Email,VIP,5,1,14,7.0
Electronics,399.11,3,Shipped,PayPal,Tablet,Paid Search,VIP,5,1,14,7.0
Books,173.57,2,Delivered,Debit Card,Mobile,Email,Returning,5,1,14,5.0
Home,229.48,2,Delivered,Google Pay,Mobile,Paid Search,Returning,5,1,14,3.0
Clothing,341.05,3,Delivered,Google Pay,Tablet,Organic,VIP,5,1,14,1.0
Home,450.85,2,Shipped,Credit Card,Desktop,Social,VIP,5,1,14,1.0
Books,322.8,1,Delivered,Apple Pay,Tablet,Organic,New,5,1,14,3.0
Clothing,189.14,2,Delivered,PayPal,Mobile,Email,VIP,5,1,14,2.0
Home,166.11,1,Delivered,Apple Pay,Tablet,Email,VIP,5,1,14,3.0
Clothing,268.11,4,Shipped,PayPal,Mobile,Paid Search,Returning,5,1,14,6.0
Home,162.03,1,Pending,Apple Pay,Desktop,Organic,Returning,5,1,14,6.0
Beauty,38.34,4,Shipped,Credit Card,Desktop,Organic,Returning,5,1,14,3.0
Beauty,264.37,1,Delivered,Apple Pay,Desktop,Paid Search,VIP,5,1,14,7.0
Electronics,449.57,2,Delivered,Google Pay,Desktop,Organic,Returning,5,1,14,6.0
Toys,128.6,2,Delivered,Debit Card,Mobile,Organic,VIP,5,1,14,5.0
Toys,236.34,2,Shipped,Apple Pay,Mobile,Social,Returning,5,1,14,7.0
Clothing,494.63,1,Delivered,PayPal,Tablet,Email,Returning,5,2,14,6.0
Clothing,447.59,2,Delivered,PayPal,Tablet,Organic,VIP,5,2,14,6.0
Toys,114.78,1,Shipped,Google Pay,Mobile,Paid Search,VIP,5,2,14,7.0
Electronics,299.84,1,Pending,Google Pay,Mobile,Organic,VIP,5,2,14,4.0
Home,135.27,6,Delivered,Apple Pay,Tablet,Email,Returning,5,2,14,1.0
Beauty,290.71,1,Delivered,Google Pay,Desktop,Organic,VIP,5,2,14,5.0
Toys,251.16,4,Delivered,Debit Card,Mobile,Organic,Returning,5,2,14,7.0
Electronics,36.17,2,Delivered,Credit Card,Tablet,Paid Search,VIP,5,2,14,5.0
Home,326.38,3,Delivered,Apple Pay,Desktop,Organic,Returning,5,2,14,1.0
Toys,314.56,1,Delivered,Google Pay,Tablet,Organic,Returning,5,2,14,6.0
Beauty,122.83,2,Shipped,Google Pay,Desktop,Paid Search,Returning,5,2,14,3.0
Toys,282.5,2,Delivered,Apple Pay,Tablet,Social,New,5,2,14,4.0
Home,76.2,2,Shipped,Apple Pay,Tablet,Social,New,5,2,14,3.0
Toys,329.14,1,Shipped,PayPal,Tablet,Email,Returning,5,2,14,1.0
Electronics,397.24,1,Delivered,Google Pay,Desktop,Social,VIP,5,2,14,7.0
Beauty,485.51,1,Delivered,PayPal,Tablet,Organic,Returning,5,2,14,1.0
Home,435.15,3,Delivered,Credit Card,Mobile,Email,VIP,5,2,14,5.0
Clothing,406.01,4,Delivered,Credit Card,Mobile,Paid Search,Returning,5,2,14,1.0
Home,401.54,3,Delivered,Apple Pay,Desktop,Organic,VIP,5,2,14,6.0
Books,74.82,3,Delivered,Credit Card,Tablet,Organic,Returning,5,2,14,4.0
Home,64.91,4,Pending,Apple Pay,Tablet,Paid Search,Returning,5,2,14,4.0
Clothing,403.85,2,Delivered,Debit Card,Desktop,Social,VIP,5,2,14,5.0
Books,21.11,4,Pending,Debit Card,Desktop,Email,VIP,5,2,14,1.0
Electronics,401.11,1,Delivered,Debit Card,Desktop,Email,VIP,5,2,14,6.0
Toys,472.01,1,Pending,Apple Pay,Tablet,Paid Search,VIP,5,2,14,2.0
Clothing,456.07,2,Shipped,PayPal,Mobile,Paid Search,VIP,5,3,14,2.0
Electronics,489.8,1,Delivered,Debit Card,Desktop,Organic,Returning,5,3,14,3.0
Toys,400.66,1,Pending,Credit Card,Tablet,Email,Returning,5,3,14,4.0
Beauty,90.23,5,Shipped,Credit Card,Tablet,Organic,VIP,5,3,14,1.0
Electronics,280.15,1,Returned,Apple Pay,Tablet,Email,New,5,3,14,1.0
Beauty,153.99,2,Delivered,Apple Pay,Tablet,Email,VIP,5,3,14,3.0
Beauty,55.69,3,Returned,Google Pay,Desktop,Paid Search,VIP,5,3,14,2.0
Clothing,51.91,1,Delivered,Apple Pay,Tablet,Organic,VIP,5,3,14,1.0
Books,369.78,2,Delivered,PayPal,Mobile,Social,Returning,5,3,14,5.0
Books,472.5,4,Delivered,Credit Card,Mobile,Organic,VIP,5,3,14,1.0
Electronics,426.23,1,Delivered,Debit Card,Desktop,Social,Returning,5,3,14,2.0
Toys,410.43,4,Delivered,Debit Card,Desktop,Organic,VIP,5,3,14,5.0
Books,498.09,2,Delivered,Google Pay,Desktop,Email,Returning,5,3,14,4.0
Electronics,477.98,1,Returned,Google Pay,Tablet,Email,Returning,5,3,14,7.0
Books,381.6,3,Delivered,Apple Pay,Desktop,Email,Returning,5,3,14,7.0
Clothing,45.01,1,Delivered,PayPal,Desktop,Email,VIP,5,3,14,3.0
Home,369.61,1,Delivered,Debit Card,Desktop,Organic,Returning,5,3,14,4.0
Toys,139.22,2,Delivered,Debit Card,Desktop,Paid Search,Returning,5,3,14,1.0
Electronics,14.57,1,Delivered,Debit Card,Mobile,Organic,Returning,5,3,14,4.0
Home,401.83,1,Delivered,Google Pay,Tablet,Organic,VIP,5,3,14,5.0
Books,249.85,1,Pending,PayPal,Mobile,Organic,New,5,3,14,1.0
Toys,353.01,2,Delivered,PayPal,Tablet,Email,Returning,5,3,14,7.0
Home,20.43,2,Shipped,Debit Card,Desktop,Email,VIP,5,3,14,3.0
Electronics,137.43,3,Delivered,Credit Card,Tablet,Paid Search,Returning,5,3,14,5.0
Clothing,24.14,1,Delivered,Google Pay,Desktop,Paid Search,Returning,5,3,14,4.0
Electronics,498.91,4,Delivered,Credit Card,Desktop,Email,Returning,5,3,14,7.0
Electronics,444.6,4,Shipped,Debit Card,Tablet,Organic,Returning,5,3,14,7.0
Home,423.34,1,Shipped,PayPal,Desktop,Paid Search,VIP,5,3,14,6.0
Beauty,229.1,2,Delivered,Google Pay,Desktop,Paid Search,VIP,5,3,14,7.0
Books,268.84,6,Delivered,Google Pay,Desktop,Email,VIP,5,4,14,4.0
Toys,90.3,1,Delivered,PayPal,Desktop,Paid Search,VIP,5,4,14,1.0
Electronics,182.12,1,Delivered,Credit Card,Tablet,Social,New,5,4,14,5.0
Electronics,421.02,1,Shipped,Google Pay,Tablet,Email,VIP,5,4,14,5.0
Toys,222.13,1,Pending,Apple Pay,Mobile,Paid Search,VIP,5,4,14,4.0
Beauty,47.8,4,Delivered,PayPal,Tablet,Paid Search,VIP,5,4,14,2.0
Beauty,6.53,2,Delivered,Debit Card,Tablet,Paid Search,New,5,4,14,6.0
Books,364.03,1,Delivered,Debit Card,Mobile,Email,Returning,5,4,14,3.0
Beauty,65.45,1,Delivered,PayPal,Mobile,Organic,Returning,5,4,14,3.0
Electronics,455.02,1,Delivered,Apple Pay,Mobile,Organic,Returning,5,4,14,2.0
Clothing,445.9,2,Shipped,PayPal,Desktop,Social,VIP,5,4,14,7.0
Books,106.52,1,Delivered,Credit Card,Tablet,Social,Returning,5,4,14,5.0
Books,274.67,4,Shipped,PayPal,Tablet,Paid Search,VIP,5,4,14,7.0
Home,467.18,2,Delivered,Credit Card,Mobile,Organic,VIP,5,4,14,6.0
Clothing,475.02,3,Shipped,Credit Card,Desktop,Social,Returning,5,4,14,4.0
Electronics,95.14,2,Delivered,Google Pay,Desktop,Social,Returning,5,4,14,7.0
Electronics,436.34,1,Delivered,Debit Card,Desktop,Social,Returning,5,4,14,4.0
Books,203.72,1,Delivered,Credit Card,Tablet,Paid Search,VIP,5,4,14,3.0
Beauty,94.29,4,Delivered,Apple Pay,Desktop,Organic,VIP,5,4,14,3.0
Toys,275.86,1,Shipped,Credit Card,Tablet,Organic,Returning,5,4,14,4.0
Toys,249.41,3,Pending,PayPal,Desktop,Social,VIP,5,4,14,6.0
Toys,149.83,4,Delivered,PayPal,Desktop,Social,Returning,5,4,14,3.0
Electronics,109.35,2,Delivered,Apple Pay,Mobile,Paid Search,Returning,5,4,14,5.0
Electronics,67.76,1,Delivered,PayPal,Tablet,Social,Returning,5,4,14,3.0
Books,418.95,1,Pending,Google Pay,Desktop,Social,Returning,5,4,14,4.0
Beauty,250.06,1,Returned,Credit Card,Tablet,Organic,VIP,5,4,14,7.0
Clothing,20.98,2,Delivered,PayPal,Desktop,Paid Search,Returning,5,4,14,7.0
Electronics,254.9,1,Pending,Google Pay,Mobile,Social,Returning,5,5,14,4.0
Beauty,418.44,2,Delivered,Debit Card,Tablet,Organic,Returning,5,5,14,4.0
Clothing,342.02,2,Shipped,Debit Card,Desktop,Paid Search,Returning,5,5,14,1.0
Toys,251.23,1,Delivered,Credit Card,Mobile,Organic,VIP,5,5,14,1.0
Books,375.96,3,Delivered,PayPal,Tablet,Email,Returning,5,5,14,7.0
Toys,342.56,1,Shipped,Apple Pay,Mobile,Paid Search,VIP,5,5,14,6.0
Books,440.95,3,Delivered,Debit Card,Desktop,Paid Search,VIP,5,5,14,3.0
Books,33.66,1,Shipped,Google Pay,Desktop,Social,VIP,5,5,14,1.0
Electronics,402.19,1,Delivered,PayPal,Desktop,Email,VIP,5,5,14,5.0
Books,84.69,3,Delivered,Google Pay,Desktop,Paid Search,Returning,5,5,14,2.0
Electronics,88.67,4,Shipped,Apple Pay,Mobile,Organic,VIP,5,5,14,2.0
Electronics,497.62,2,Delivered,Debit Card,Tablet,Paid Search,Returning,5,5,14,5.0
Electronics,260.02,2,Pending,Google Pay,Tablet,Organic,Returning,5,5,14,3.0
Beauty,397.81,1,Delivered,Apple Pay,Desktop,Email,Returning,5,5,14,7.0
Books,463.67,1,Delivered,Apple Pay,Desktop,Social,VIP,5,5,14,4.0
Home,178.81,3,Delivered,PayPal,Tablet,Email,Returning,5,5,14,3.0
Home,288.13,2,Delivered,PayPal,Tablet,Paid Search,Returning,5,5,14,2.0
Clothing,243.87,3,Delivered,Credit Card,Tablet,Email,VIP,5,5,14,7.0
Books,325.33,1,Delivered,Google Pay,Desktop,Paid Search,Returning,5,5,14,3.0
Electronics,212.0,3,Returned,Debit Card,Mobile,Social,VIP,5,5,14,6.0
Beauty,141.19,2,Delivered,PayPal,Desktop,Email,Returning,5,5,14,3.0
Clothing,119.56,1,Shipped,Credit Card,Tablet,Email,Returning,5,5,14,2.0
Electronics,79.25,3,Delivered,Google Pay,Mobile,Organic,Returning,5,5,14,3.0
Home,174.94,2,Delivered,Credit Card,Tablet,Organic,Returning,5,5,14,7.0
Beauty,448.97,1,Shipped,PayPal,Tablet,Email,Returning,5,5,14,6.0
Toys,203.15,1,Shipped,PayPal,Mobile,Organic,VIP,5,5,14,5.0
Electronics,345.39,3,Delivered,Credit Card,Mobile,Paid Search,VIP,5,5,14,1.0
Books,72.67,2,Shipped,Credit Card,Mobile,Organic,VIP,5,5,14,7.0
Electronics,467.26,2,Delivered,Google Pay,Tablet,Organic,VIP,5,5,14,3.0
Clothing,459.2,5,Shipped,Debit Card,Mobile,Paid Search,Returning,5,5,14,2.0
Toys,276.77,1,Returned,Google Pay,Tablet,Paid Search,VIP,5,5,14,5.0
Electronics,136.53,1,Shipped,PayPal,Tablet,Email,Returning,5,5,14,3.0
Toys,29.52,3,Delivered,Credit Card,Mobile,Paid Search,VIP,5,5,14,7.0
Beauty,410.75,2,Delivered,Debit Card,Mobile,Paid Search,VIP,5,5,14,5.0
Beauty,307.84,1,Delivered,PayPal,Tablet,Paid Search,VIP,5,5,14,5.0
Clothing,59.01,2,Pending,Apple Pay,Desktop,Email,Returning,5,6,14,5.0
Home,405.5,1,Delivered,Credit Card,Desktop,Social,VIP,5,6,14,2.0
Clothing,37.98,3,Delivered,PayPal,Desktop,Organic,VIP,5,6,14,3.0
Clothing,278.82,1,Delivered,Debit Card,Mobile,Paid Search,VIP,5,6,14,1.0
Home,477.66,2,Delivered,PayPal,Tablet,Organic,Returning,5,6,14,2.0
Toys,480.98,1,Delivered,Debit Card,Mobile,Email,VIP,5,6,14,6.0
Electronics,126.52,3,Delivered,Apple Pay,Tablet,Organic,VIP,5,6,14,6.0
Electronics,418.4,1,Pending,PayPal,Desktop,Organic,New,5,6,14,6.0
Beauty,105.77,3,Delivered,Debit Card,Tablet,Email,New,5,6,14,4.0
Home,233.06,3,Delivered,Debit Card,Tablet,Organic,VIP,5,6,14,2.0
Clothing,249.68,3,Delivered,PayPal,Desktop,Organic,Returning,5,6,14,3.0
Home,350.16,3,Shipped,Credit Card,Tablet,Paid Search,Returning,5,6,14,4.0
Clothing,498.14,1,Delivered,Debit Card,Tablet,Organic,Returning,5,6,14,2.0
Beauty,479.38,4,Returned,Google Pay,Desktop,Email,Returning,5,6,14,2.0
Clothing,311.04,1,Delivered,Credit Card,Mobile,Paid Search,Returning,5,6,14,2.0
Home,76.76,1,Shipped,Apple Pay,Tablet,Social,VIP,5,6,14,5.0
Beauty,225.16,3,Delivered,PayPal,Mobile,Email,VIP,5,6,14,4.0
Books,417.13,1,Delivered,Debit Card,Tablet,Social,Returning,5,6,14,1.0
Home,282.88,4,Delivered,Credit Card,Mobile,Organic,Returning,5,6,14,5.0
Home,280.59,3,Shipped,Apple Pay,Tablet,Paid Search,VIP,5,6,14,6.0
Books,96.37,3,Delivered,Debit Card,Tablet,Organic,Returning,5,0,14,5.0
Home,360.54,2,Shipped,Debit Card,Mobile,Organic,VIP,5,0,14,4.0
Beauty,25.11,4,Shipped,Google Pay,Mobile,Social,Returning,5,0,14,7.0
Home,390.92,3,Delivered,PayPal,Mobile,Email,Returning,5,0,14,7.0
Beauty,64.86,4,Delivered,Credit Card,Desktop,Organic,VIP,5,0,14,5.0
Clothing,355.22,1,Delivered,PayPal,Mobile,Paid Search,VIP,5,0,14,6.0
Beauty,496.15,5,Delivered,PayPal,Tablet,Paid Search,VIP,5,0,14,1.0
Beauty,210.86,1,Shipped,Debit Card,Mobile,Email,Returning,5,0,14,7.0
Beauty,213.63,3,Delivered,Credit Card,Mobile,Paid Search,VIP,5,0,14,2.0
Electronics,215.15,2,Delivered,PayPal,Desktop,Email,Returning,5,0,14,6.0
Electronics,453.55,4,Shipped,Google Pay,Tablet,Organic,VIP,5,0,14,1.0
Beauty,197.34,1,Delivered,Apple Pay,Tablet,Paid Search,Returning,5,0,14,5.0
Electronics,60.52,5,Delivered,PayPal,Tablet,Email,Returning,5,0,14,4.0
Toys,159.41,3,Delivered,Credit Card,Tablet,Social,Returning,5,0,14,1.0
Beauty,217.12,2,Delivered,Google Pay,Tablet,Paid Search,VIP,5,0,14,5.0
Books,363.6,2,Delivered,Debit Card,Mobile,Paid Search,VIP,5,0,14,4.0
Electronics,329.93,1,Delivered,PayPal,Mobile,Organic,Returning,5,0,14,7.0
Beauty,182.6,1,Delivered,Credit Card,Mobile,Organic,VIP,5,0,14,4.0
Clothing,106.41,3,Shipped,Google Pay,Tablet,Social,VIP,5,0,14,3.0
Electronics,159.04,1,Returned,Credit Card,Tablet,Email,Returning,5,0,14,2.0
Beauty,430.03,1,Delivered,PayPal,Mobile,Organic,Returning,5,0,14,3.0
Toys,86.46,3,Delivered,Google Pay,Tablet,Organic,VIP,5,0,14,2.0
Books,54.69,1,Shipped,Apple Pay,Desktop,Organic,Returning,5,0,14,5.0
Home,395.58,2,Delivered,Apple Pay,Mobile,Paid Search,VIP,5,0,14,5.0
Home,324.98,1,Delivered,Credit Card,Mobile,Paid Search,New,5,0,14,5.0
Electronics,219.84,1,Delivered,Debit Card,Mobile,Paid Search,Returning,5,0,14,1.0
Beauty,176.7,1,Delivered,Credit Card,Tablet,Email,New,5,0,14,7.0
Beauty,140.58,5,Shipped,Apple Pay,Tablet,Paid Search,VIP,5,0,14,6.0
Clothing,215.44,2,Delivered,Apple Pay,Tablet,Social,VIP,5,0,14,1.0
Beauty,285.01,1,Shipped,Apple Pay,Desktop,Organic,VIP,5,0,14,1.0
Beauty,256.42,3,Delivered,Apple Pay,Desktop,Organic,Returning,5,0,14,1.0
Home,435.48,2,Returned,PayPal,Desktop,Paid Search,New,5,0,14,5.0
Home,318.42,3,Delivered,Debit Card,Tablet,Organic,VIP,5,0,14,2.0
Toys,175.59,4,Delivered,Credit Card,Tablet,Organic,Returning,5,1,14,6.0
Books,177.61,3,Delivered,PayPal,Tablet,Paid Search,VIP,5,1,14,3.0
Home,88.13,3,Returned,Credit Card,Desktop,Paid Search,Returning,5,1,14,6.0
Clothing,237.25,1,Delivered,Debit Card,Tablet,Organic,Returning,5,1,14,1.0
Books,86.91,1,Pending,Apple Pay,Tablet,Email,New,5,1,14,2.0
Electronics,24.67,3,Pending,Apple Pay,Mobile,Paid Search,VIP,5,1,14,5.0
Toys,101.84,1,Delivered,Apple Pay,Desktop,Email,VIP,5,1,14,1.0
Toys,357.53,2,Delivered,Debit Card,Desktop,Organic,VIP,5,1,14,1.0
Clothing,460.93,4,Delivered,Apple Pay,Desktop,Paid Search,Returning,5,1,14,6.0
Beauty,268.47,1,Delivered,Credit Card,Tablet,Paid Search,Returning,5,1,14,5.0
Electronics,430.14,1,Delivered,Apple Pay,Desktop,Email,Returning,5,1,14,1.0
Beauty,476.02,2,Shipped,Google Pay,Mobile,Paid Search,Returning,5,1,14,5.0
Electronics,351.71,3,Delivered,Google Pay,Desktop,Email,Returning,5,1,14,3.0
Books,72.21,1,Delivered,PayPal,Mobile,Organic,Returning,5,1,14,2.0
Beauty,83.19,1,Delivered,Apple Pay,Desktop,Paid Search,VIP,5,1,14,6.0
Books,426.74,4,Delivered,Debit Card,Desktop,Social,Returning,5,1,14,2.0
Electronics,371.5,1,Delivered,Debit Card,Mobile,Organic,VIP,5,1,14,4.0
Home,346.89,3,Delivered,Google Pay,Mobile,Organic,VIP,5,1,14,6.0
Beauty,217.03,2,Shipped,PayPal,Mobile,Social,VIP,5,1,14,5.0
Clothing,360.87,1,Delivered,Apple Pay,Mobile,Social,Returning,5,1,14,6.0
Beauty,343.43,1,Delivered,PayPal,Mobile,Email,Returning,5,1,14,2.0
Home,466.58,1,Shipped,Google Pay,Tablet,Organic,Returning,5,1,14,1.0
Books,442.5,1,Shipped,PayPal,Mobile,Email,VIP,5,1,14,1.0
Electronics,495.87,2,Delivered,Apple Pay,Tablet,Email,Returning,5,1,14,7.0
Home,320.13,2,Returned,PayPal,Mobile,Social,Returning,5,1,14,1.0
Clothing,72.16,1,Delivered,PayPal,Mobile,Paid Search,VIP,5,1,14,5.0
Home,327.88,1,Delivered,Debit Card,Desktop,Organic,New,5,1,14,5.0
Electronics,323.88,2,Shipped,Google Pay,Desktop,Organic,VIP,5,2,14,3.0
Beauty,200.84,3,Returned,PayPal,Desktop,Social,VIP,5,2,14,2.0
Beauty,137.91,3,Delivered,PayPal,Tablet,Paid Search,VIP,5,2,14,5.0
Home,364.82,4,Delivered,PayPal,Tablet,Paid Search,VIP,5,2,14,6.0
Electronics,302.69,4,Delivered,Debit Card,Tablet,Organic,VIP,5,2,14,1.0
Clothing,312.24,4,Delivered,Credit Card,Mobile,Social,VIP,5,2,14,5.0
Toys,472.94,1,Delivered,PayPal,Tablet,Email,VIP,5,2,14,4.0
Toys,276.36,2,Delivered,PayPal,Desktop,Paid Search,Returning,5,2,14,1.0
Beauty,487.79,4,Shipped,Google Pay,Tablet,Email,VIP,5,2,14,2.0
Home,464.7,1,Delivered,Apple Pay,Mobile,Social,Returning,5,2,14,6.0
Books,91.25,1,Delivered,PayPal,Desktop,Social,Returning,5,2,14,3.0
Electronics,294.4,1,Delivered,Debit Card,Mobile,Social,VIP,5,2,14,4.0
Clothing,325.98,3,Delivered,Credit Card,Desktop,Social,VIP,5,2,14,7.0
Clothing,257.83,1,Delivered,Google Pay,Desktop,Social,Returning,5,2,14,4.0
Clothing,434.68,3,Delivered,Google Pay,Mobile,Email,Returning,5,2,14,7.0
Clothing,213.28,1,Delivered,Google Pay,Mobile,Paid Search,VIP,5,2,14,5.0
Books,67.8,1,Delivered,Debit Card,Desktop,Email,Returning,5,2,14,7.0
Home,305.63,2,Delivered,Credit Card,Mobile,Social,VIP,5,2,14,1.0
Home,158.44,3,Delivered,Credit Card,Tablet,Paid Search,Returning,5,2,14,2.0
Beauty,118.79,3,Delivered,PayPal,Desktop,Email,VIP,5,2,14,6.0
Toys,163.26,2,Delivered,PayPal,Desktop,Paid Search,Returning,5,2,14,2.0
Electronics,191.25,1,Shipped,Debit Card,Mobile,Email,Returning,5,2,14,7.0
Home,230.36,1,Pending,Credit Card,Desktop,Email,VIP,5,2,14,5.0
Toys,240.57,3,Delivered,Debit Card,Mobile,Paid Search,VIP,5,2,14,2.0
Home,281.84,2,Delivered,Debit Card,Mobile,Social,VIP,5,2,14,6.0
Toys,365.46,1,Delivered,Google Pay,Desktop,Paid Search,VIP,5,3,14,3.0
Beauty,373.87,2,Shipped,PayPal,Mobile,Social,New,5,3,14,1.0
Electronics,454.02,2,Delivered,Apple Pay,Desktop,Social,VIP,5,3,14,4.0
Home,263.97,1,Shipped,Google Pay,Mobile,Organic,Returning,5,3,14,2.0
Home,304.62,4,Delivered,PayPal,Tablet,Paid Search,Returning,5,3,14,5.0
Home,15.26,1,Delivered,Debit Card,Mobile,Social,VIP,5,3,14,3.0
Electronics,307.56,5,Delivered,PayPal,Tablet,Organic,VIP,5,3,14,2.0
Clothing,80.69,1,Returned,Debit Card,Mobile,Email,VIP,5,3,14,5.0
Toys,483.95,2,Delivered,Debit Card,Tablet,Paid Search,Returning,5,3,14,1.0
Electronics,442.32,2,Delivered,Apple Pay,Desktop,Email,Returning,5,3,14,3.0
Home,425.41,1,Shipped,PayPal,Desktop,Organic,Returning,5,3,14,2.0
Home,498.76,1,Delivered,Debit Card,Tablet,Email,VIP,5,3,14,1.0
Electronics,237.9,1,Shipped,Credit Card,Tablet,Paid Search,Returning,5,3,14,1.0
Electronics,13.93,2,Shipped,Debit Card,Mobile,Social,VIP,5,3,14,7.0
Clothing,265.0,2,Pending,Apple Pay,Mobile,Social,VIP,5,3,14,7.0
Clothing,137.92,1,Delivered,Credit Card,Tablet,Email,Returning,5,3,14,1.0
Beauty,82.53,1,Delivered,Google Pay,Mobile,Paid Search,VIP,5,3,14,7.0
Toys,85.34,1,Delivered,Debit Card,Tablet,Email,VIP,5,3,14,1.0
Beauty,451.95,4,Shipped,Google Pay,Mobile,Organic,VIP,5,3,14,7.0
Books,354.18,1,Delivered,Credit Card,Mobile,Organic,VIP,5,3,14,6.0
Clothing,119.45,3,Delivered,Credit Card,Desktop,Email,VIP,5,3,14,5.0
Electronics,110.53,3,Delivered,Credit Card,Desktop,Social,New,5,3,14,2.0
Beauty,261.29,4,Shipped,Credit Card,Tablet,Organic,Returning,5,3,14,3.0
Home,238.59,2,Shipped,PayPal,Desktop,Organic,VIP,5,3,14,4.0
Electronics,132.45,2,Delivered,Apple Pay,Tablet,Organic,VIP,5,3,14,4.0
Books,195.51,3,Delivered,Credit Card,Tablet,Email,VIP,5,3,14,6.0
Books,306.0,3,Shipped,Google Pay,Desktop,Paid Search,VIP,5,3,14,1.0
Beauty,373.63,1,Shipped,Credit Card,Mobile,Email,Returning,5,3,14,3.0
Books,92.4,1,Shipped,PayPal,Desktop,Paid Search,VIP,5,3,14,5.0
Clothing,412.49,3,Delivered,Debit Card,Tablet,Social,Returning,5,3,14,5.0
Home,266.17,1,Shipped,Apple Pay,Tablet,Paid Search,VIP,5,4,14,5.0
Home,283.06,3,Delivered,Apple Pay,Desktop,Social,Returning,5,4,14,2.0
Books,213.16,1,Delivered,Debit Card,Mobile,Social,Returning,5,4,14,4.0
Electronics,318.54,1,Returned,Debit Card,Tablet,Email,Returning,5,4,14,6.0
Books,340.96,2,Delivered,PayPal,Mobile,Email,VIP,5,4,14,7.0
Beauty,413.09,2,Delivered,Credit Card,Mobile,Paid Search,VIP,5,4,14,6.0
Clothing,121.25,3,Delivered,Debit Card,Mobile,Social,New,5,4,14,4.0
Beauty,40.25,3,Delivered,Apple Pay,Desktop,Organic,VIP,5,4,14,7.0
Clothing,417.09,3,Shipped,PayPal,Desktop,Social,Returning,5,4,14,5.0
Clothing,385.66,1,Delivered,Apple Pay,Tablet,Paid Search,VIP,5,4,14,4.0
Toys,402.92,1,Delivered,Credit Card,Tablet,Paid Search,VIP,5,4,14,4.0
Home,266.46,2,Delivered,Debit Card,Mobile,Organic,New,5,4,14,3.0
Books,493.17,3,Returned,Apple Pay,Tablet,Social,VIP,5,4,14,3.0
Books,320.85,2,Delivered,Credit Card,Mobile,Paid Search,Returning,5,4,14,3.0
Clothing,498.22,2,Delivered,Google Pay,Desktop,Organic,VIP,5,4,14,2.0
Beauty,420.15,3,Shipped,PayPal,Mobile,Paid Search,VIP,5,4,14,5.0
Clothing,363.14,1,Delivered,PayPal,Desktop,Social,Returning,5,4,14,6.0
Home,200.83,1,Delivered,PayPal,Desktop,Email,VIP,5,4,14,1.0
Home,404.04,1,Delivered,Debit Card,Mobile,Organic,Returning,5,4,14,4.0
Home,253.64,1,Returned,Credit Card,Desktop,Email,Returning,5,4,14,7.0
Electronics,309.71,1,Returned,Credit Card,Mobile,Social,Returning,5,4,14,7.0
Books,284.18,4,Delivered,Google Pay,Tablet,Organic,Returning,5,4,14,7.0
Home,336.96,3,Delivered,Google Pay,Mobile,Organic,Returning,5,4,14,3.0
Toys,406.1,1,Delivered,Apple Pay,Tablet,Organic,Returning,5,5,14,1.0
Electronics,5.63,6,Delivered,Debit Card,Tablet,Email,VIP,5,5,14,1.0
Toys,208.38,3,Delivered,Google Pay,Desktop,Social,Returning,5,5,14,7.0
Electronics,454.56,4,Shipped,Credit Card,Mobile,Social,VIP,5,5,14,7.0
Home,456.01,1,Delivered,Apple Pay,Mobile,Organic,Returning,5,5,14,5.0
Clothing,117.36,2,Delivered,Google Pay,Tablet,Social,Returning,5,5,14,7.0
Toys,146.85,1,Shipped,Google Pay,Desktop,Paid Search,Returning,5,5,14,5.0
Beauty,24.83,2,Delivered,Debit Card,Tablet,Email,VIP,5,5,14,4.0
Beauty,239.26,2,Shipped,Credit Card,Tablet,Social,Returning,5,5,14,2.0
Electronics,132.61,4,Delivered,Apple Pay,Mobile,Social,VIP,5,5,14,3.0
Toys,313.97,1,Delivered,Debit Card,Desktop,Paid Search,VIP,5,5,14,1.0
Toys,332.72,3,Delivered,Google Pay,Mobile,Social,New,5,5,14,3.0
Electronics,257.75,1,Shipped,Apple Pay,Desktop,Social,VIP,5,5,14,3.0
Toys,248.43,1,Delivered,Debit Card,Tablet,Social,VIP,5,5,14,6.0
Toys,145.54,1,Delivered,PayPal,Desktop,Social,VIP,5,5,14,7.0
Electronics,48.83,1,Delivered,Debit Card,Tablet,Organic,VIP,5,5,14,5.0
Clothing,331.47,2,Delivered,Apple Pay,Desktop,Email,Returning,5,5,14,1.0
Clothing,36.46,2,Delivered,PayPal,Desktop,Social,VIP,5,5,14,3.0
Electronics,55.0,1,Delivered,Credit Card,Tablet,Organic,VIP,5,5,14,4.0
Toys,481.87,1,Shipped,Credit Card,Desktop,Paid Search,Returning,5,5,14,6.0
Home,214.49,2,Delivered,Credit Card,Mobile,Organic,VIP,5,5,14,4.0
Home,261.98,4,Delivered,Google Pay,Desktop,Organic,VIP,5,5,14,3.0
Electronics,385.82,4,Shipped,Apple Pay,Desktop,Email,VIP,5,5,14,7.0
Toys,353.95,2,Delivered,PayPal,Mobile,Social,VIP,5,5,14,7.0
Books,383.16,7,Delivered,Apple Pay,Mobile,Paid Search,VIP,5,5,14,2.0
Electronics,69.13,1,Shipped,Google Pay,Mobile,Paid Search,VIP,5,5,14,6.0
Home,318.66,3,Delivered,Apple Pay,Desktop,Paid Search,Returning,5,6,14,4.0
Electronics,241.17,2,Delivered,PayPal,Mobile,Organic,VIP,5,6,14,3.0
Toys,112.75,1,Shipped,PayPal,Mobile,Organic,VIP,5,6,14,1.0
Home,92.58,4,Returned,Debit Card,Mobile,Organic,Returning,5,6,14,6.0
Electronics,132.71,1,Delivered,Google Pay,Desktop,Email,VIP,5,6,14,4.0
Books,137.99,1,Shipped,Credit Card,Desktop,Social,Returning,5,6,14,6.0
Electronics,453.55,3,Delivered,Credit Card,Tablet,Paid Search,Returning,5,6,14,4.0
Beauty,361.02,1,Delivered,Apple Pay,Desktop,Organic,VIP,5,6,14,2.0
Beauty,217.15,2,Delivered,PayPal,Tablet,Social,VIP,5,6,14,4.0
Home,21.9,2,Delivered,Google Pay,Tablet,Social,VIP,5,6,14,7.0
Electronics,34.43,2,Shipped,Google Pay,Tablet,Organic,VIP,5,6,14,1.0
Toys,129.03,1,Delivered,Apple Pay,Desktop,Paid Search,Returning,5,6,14,3.0
Clothing,147.95,1,Delivered,Credit Card,Desktop,Organic,Returning,5,6,14,1.0
Home,315.05,6,Pending,Apple Pay,Mobile,Paid Search,VIP,5,6,14,5.0
Electronics,103.43,2,Returned,PayPal,Desktop,Organic,VIP,5,6,14,6.0
Electronics,373.57,1,Delivered,Google Pay,Desktop,Organic,VIP,5,6,14,2.0
Books,339.67,1,Pending,Credit Card,Tablet,Organic,VIP,5,6,14,5.0
Electronics,115.12,1,Delivered,Debit Card,Tablet,Email,VIP,5,6,14,1.0
Toys,8.85,1,Delivered,Credit Card,Desktop,Organic,VIP,5,6,14,2.0
Books,145.56,1,Delivered,Apple Pay,Tablet,Email,VIP,5,6,14,1.0
Beauty,344.6,1,Returned,Google Pay,Mobile,Organic,Returning,5,6,14,1.0
Books,176.62,4,Delivered,Credit Card,Desktop,Email,VIP,5,6,14,4.0
Toys,14.17,2,Delivered,Google Pay,Tablet,Paid Search,Returning,5,6,14,4.0
Clothing,255.78,1,Delivered,Credit Card,Tablet,Email,VIP,5,6,14,7.0
Beauty,328.93,5,Delivered,PayPal,Tablet,Email,VIP,5,6,14,3.0
Clothing,398.19,4,Delivered,PayPal,Desktop,Organic,Returning,5,6,14,5.0
Books,203.19,2,Delivered,Credit Card,Desktop,Organic,VIP,5,6,14,1.0
Books,125.42,2,Delivered,Google Pay,Tablet,Email,Returning,5,6,14,1.0
Books,411.27,1,Delivered,PayPal,Tablet,Social,VIP,5,6,14,4.0
Toys,131.18,3,Returned,Debit Card,Mobile,Organic,VIP,5,6,14,4.0
Books,466.41,1,Delivered,Google Pay,Tablet,Organic,Returning,5,6,14,2.0
Books,24.63,1,Pending,Debit Card,Desktop,Email,Returning,5,0,14,6.0
Beauty,38.08,3,Delivered,Debit Card,Mobile,Social,Returning,5,0,14,4.0
Clothing,310.73,1,Delivered,PayPal,Mobile,Paid Search,VIP,5,0,14,4.0
Clothing,316.16,2,Delivered,Credit Card,Desktop,Paid Search,Returning,5,0,14,4.0
Beauty,76.49,1,Delivered,PayPal,Desktop,Organic,VIP,5,0,14,1.0
Clothing,114.75,1,Delivered,Google Pay,Desktop,Paid Search,New,5,0,14,3.0
Toys,331.16,2,Delivered,PayPal,Tablet,Organic,Returning,5,0,14,4.0
Books,272.19,2,Delivered,Apple Pay,Mobile,Social,Returning,5,0,14,7.0
Toys,469.36,9,Shipped,Google Pay,Desktop,Organic,VIP,5,0,14,4.0
Home,252.76,3,Delivered,Google Pay,Desktop,Email,Returning,5,0,14,5.0
Electronics,63.02,5,Delivered,PayPal,Mobile,Email,VIP,5,0,14,3.0
Home,437.19,1,Shipped,Credit Card,Tablet,Social,Returning,5,0,14,5.0
Beauty,137.0,3,Delivered,Apple Pay,Desktop,Organic,New,5,0,14,1.0
Beauty,114.5,6,Delivered,PayPal,Tablet,Paid Search,Returning,5,0,14,4.0
Clothing,422.62,2,Delivered,PayPal,Tablet,Social,Returning,5,0,14,7.0
Home,433.65,1,Delivered,Apple Pay,Desktop,Social,Returning,5,0,14,1.0
Books,356.9,2,Delivered,Apple Pay,Tablet,Paid Search,Returning,5,0,14,4.0
Toys,288.97,2,Delivered,PayPal,Mobile,Paid Search,VIP,5,0,14,4.0
Beauty,286.7,3,Delivered,Debit Card,Mobile,Organic,Returning,5,0,14,1.0
Books,416.56,1,Delivered,Credit Card,Mobile,Social,VIP,5,0,14,3.0
Beauty,147.64,2,Shipped,Credit Card,Desktop,Paid Search,Returning,5,0,14,3.0
Clothing,482.36,2,Delivered,Debit Card,Desktop,Organic,Returning,5,0,14,4.0
Electronics,334.91,3,Delivered,Credit Card,Tablet,Organic,VIP,5,0,14,2.0
Home,56.52,3,Delivered,Apple Pay,Desktop,Paid Search,Returning,5,0,14,1.0
Home,141.85,1,Delivered,Google Pay,Tablet,Email,VIP,5,0,14,5.0
Books,199.7,2,Delivered,Google Pay,Tablet,Email,Returning,5,1,14,2.0
Toys,122.88,2,Shipped,Apple Pay,Tablet,Email,Returning,5,1,14,2.0
Toys,9.87,2,Shipped,Google Pay,Desktop,Organic,New,5,1,14,1.0
Clothing,440.47,1,Delivered,Credit Card,Desktop,Paid Search,VIP,5,1,14,2.0
Beauty,278.24,3,Delivered,Apple Pay,Desktop,Social,Returning,5,1,14,4.0
Home,274.66,5,Delivered,Debit Card,Tablet,Email,Returning,5,1,14,6.0
Books,386.48,1,Delivered,Apple Pay,Tablet,Social,Returning,5,1,14,1.0
Beauty,437.98,1,Shipped,Debit Card,Mobile,Paid Search,VIP,5,1,14,6.0
Beauty,222.65,1,Delivered,Google Pay,Tablet,Organic,Returning,5,1,14,1.0
Beauty,459.84,1,Delivered,Debit Card,Tablet,Social,Returning,5,1,14,3.0
Beauty,94.83,2,Pending,Debit Card,Desktop,Paid Search,VIP,5,1,14,1.0
Home,224.63,3,Delivered,Google Pay,Desktop,Organic,Returning,5,1,14,6.0
Beauty,377.82,2,Delivered,PayPal,Desktop,Social,Returning,5,1,14,2.0
Electronics,81.84,1,Delivered,PayPal,Desktop,Social,Returning,5,1,14,4.0
Books,164.62,1,Delivered,Google Pay,Desktop,Paid Search,VIP,5,1,14,6.0
Home,110.29,2,Delivered,Credit Card,Tablet,Organic,VIP,5,1,14,5.0
Books,466.76,1,Delivered,Apple Pay,Tablet,Organic,VIP,5,1,14,6.0
Beauty,325.17,2,Delivered,Credit Card,Desktop,Paid Search,VIP,5,1,14,5.0
Clothing,246.65,2,Delivered,Credit Card,Desktop,Email,New,5,1,14,4.0
Clothing,130.3,4,Delivered,Debit Card,Tablet,Email,VIP,5,1,14,1.0
Toys,422.25,3,Delivered,PayPal,Mobile,Paid Search,Returning,5,1,14,3.0
Beauty,22.21,3,Delivered,PayPal,Desktop,Social,VIP,5,1,14,7.0
Books,273.31,1,Delivered,Credit Card,Desktop,Social,Returning,5,1,14,4.0
Home,250.14,3,Delivered,Debit Card,Mobile,Email,VIP,5,1,14,5.0
Beauty,286.47,3,Delivered,Debit Card,Tablet,Organic,Returning,5,1,14,6.0
Beauty,304.77,3,Delivered,Apple Pay,Mobile,Email,Returning,5,1,14,3.0
Home,20.23,4,Delivered,Debit Card,Tablet,Social,VIP,5,1,14,5.0
Electronics,302.89,1,Delivered,Google Pay,Tablet,Organic,VIP,5,1,14,6.0
Beauty,394.28,2,Returned,Debit Card,Desktop,Social,VIP,5,1,14,4.0
Books,70.11,1,Shipped,Apple Pay,Mobile,Email,VIP,5,1,14,1.0
Beauty,298.39,2,Shipped,Apple Pay,Desktop,Social,VIP,5,1,14,4.0
Toys,225.01,4,Shipped,PayPal,Desktop,Social,Returning,5,1,14,3.0
Home,126.58,3,Delivered,Debit Card,Desktop,Organic,Returning,5,1,14,7.0
Home,62.79,4,Delivered,Credit Card,Tablet,Email,VIP,5,1,14,5.0
Home,300.06,3,Shipped,Debit Card,Desktop,Paid Search,New,5,1,14,7.0
Home,496.61,2,Delivered,Debit Card,Tablet,Email,New,5,1,14,1.0
Electronics,271.83,2,Delivered,Google Pay,Tablet,Email,Returning,5,1,14,3.0
Books,433.24,3,Shipped,PayPal,Desktop,Paid Search,VIP,5,2,14,1.0
Toys,261.65,3,Delivered,Debit Card,Mobile,Organic,Returning,5,2,14,3.0
Home,408.93,3,Delivered,Debit Card,Desktop,Social,VIP,5,2,14,3.0
Home,136.39,2,Shipped,Debit Card,Desktop,Organic,VIP,5,2,14,1.0
Beauty,379.22,1,Delivered,Debit Card,Tablet,Paid Search,VIP,5,2,14,2.0
Electronics,491.02,3,Shipped,Google Pay,Desktop,Social,Returning,5,2,14,1.0
Clothing,489.13,1,Shipped,Credit Card,Mobile,Paid Search,VIP,5,2,14,5.0
Clothing,426.86,3,Delivered,Debit Card,Desktop,Organic,Returning,5,2,14,4.0
Electronics,123.69,1,Delivered,Apple Pay,Tablet,Social,VIP,5,2,14,1.0
Home,446.45,2,Shipped,Apple Pay,Mobile,Email,VIP,5,2,14,4.0
Books,255.96,1,Delivered,Google Pay,Desktop,Organic,VIP,5,2,14,6.0
Beauty,307.61,1,Delivered,Credit Card,Tablet,Email,VIP,5,2,14,2.0
Beauty,312.85,1,Delivered,PayPal,Tablet,Paid Search,VIP,5,2,14,5.0
Toys,378.65,2,Delivered,Apple Pay,Tablet,Email,VIP,5,2,14,1.0
Books,188.78,2,Delivered,Debit Card,Mobile,Paid Search,VIP,5,2,14,1.0
Electronics,208.67,6,Delivered,PayPal,Tablet,Organic,VIP,5,2,14,7.0
Home,338.01,2,Delivered,PayPal,Tablet,Paid Search,VIP,5,2,14,6.0
Home,233.34,1,Delivered,Apple Pay,Desktop,Organic,Returning,5,2,14,7.0
Clothing,148.78,4,Delivered,PayPal,Desktop,Email,VIP,5,2,14,5.0
Clothing,19.6,1,Delivered,PayPal,Tablet,Paid Search,VIP,5,2,14,3.0
Books,148.6,5,Shipped,Credit Card,Desktop,Email,VIP,5,2,14,4.0
Home,153.07,2,Delivered,Apple Pay,Mobile,Email,VIP,5,3,14,1.0
Clothing,196.39,1,Shipped,PayPal,Tablet,Social,VIP,5,3,14,2.0
Toys,268.46,2,Returned,Google Pay,Tablet,Organic,New,5,3,14,3.0
Toys,28.85,1,Delivered,PayPal,Mobile,Paid Search,New,5,3,14,7.0
Clothing,128.93,2,Shipped,Debit Card,Desktop,Social,VIP,5,3,14,3.0
Home,352.46,1,Delivered,Credit Card,Desktop,Organic,VIP,5,3,14,6.0
Beauty,25.44,5,Delivered,PayPal,Desktop,Paid Search,Returning,5,3,14,6.0
Beauty,5.25,1,Delivered,Google Pay,Mobile,Social,Returning,5,3,14,7.0
Electronics,488.45,2,Delivered,PayPal,Mobile,Email,Returning,5,3,14,2.0
Home,161.5,1,Delivered,Apple Pay,Mobile,Organic,VIP,5,3,14,6.0
Home,146.05,3,Delivered,Apple Pay,Desktop,Social,Returning,5,3,14,6.0
Electronics,99.27,1,Shipped,PayPal,Mobile,Organic,VIP,5,3,14,1.0
Clothing,398.63,3,Delivered,Debit Card,Mobile,Social,VIP,5,3,14,4.0
Clothing,304.02,3,Delivered,Google Pay,Tablet,Organic,Returning,5,3,14,4.0
Books,338.33,1,Delivered,Apple Pay,Tablet,Organic,Returning,5,3,14,6.0
Clothing,434.6,1,Delivered,Debit Card,Desktop,Paid Search,Returning,5,3,14,1.0
Home,136.56,2,Delivered,Debit Card,Tablet,Organic,Returning,5,3,14,2.0
Beauty,423.0,2,Shipped,Credit Card,Desktop,Email,Returning,5,3,14,4.0
Electronics,132.86,4,Delivered,Apple Pay,Desktop,Organic,VIP,5,3,14,7.0
Electronics,95.55,1,Delivered,PayPal,Tablet,Email,VIP,5,3,14,5.0
Electronics,297.64,1,Delivered,Google Pay,Tablet,Email,Returning,5,4,14,2.0
Electronics,305.77,1,Shipped,Google Pay,Mobile,Social,VIP,5,4,14,7.0
Clothing,232.86,2,Delivered,Apple Pay,Desktop,Email,VIP,5,4,14,6.0
Toys,240.34,1,Delivered,Credit Card,Tablet,Email,VIP,5,4,14,5.0
Clothing,192.94,1,Delivered,Apple Pay,Tablet,Social,New,5,4,14,2.0
Clothing,226.53,1,Delivered,Google Pay,Tablet,Email,New,5,4,14,7.0
Electronics,28.4,3,Delivered,Apple Pay,Desktop,Social,Returning,5,4,14,1.0
Electronics,489.07,4,Delivered,Credit Card,Mobile,Email,VIP,5,4,14,5.0
Toys,112.1,1,Delivered,Debit Card,Tablet,Social,Returning,5,4,14,6.0
Toys,358.56,1,Shipped,Credit Card,Desktop,Email,VIP,5,4,14,2.0
Clothing,287.24,2,Delivered,Credit Card,Desktop,Email,VIP,5,4,14,1.0
Books,192.55,1,Shipped,Debit Card,Tablet,Social,VIP,5,4,14,7.0
Clothing,289.69,2,Delivered,PayPal,Desktop,Social,VIP,5,4,14,7.0
Books,141.1,2,Delivered,Google Pay,Mobile,Email,VIP,5,4,14,6.0
Home,286.79,5,Delivered,Apple Pay,Tablet,Email,VIP,5,4,14,6.0
Electronics,41.39,2,Pending,Google Pay,Mobile,Social,Returning,5,4,14,3.0
Home,289.17,3,Returned,Apple Pay,Mobile,Paid Search,Returning,5,4,14,2.0
Clothing,183.04,4,Delivered,PayPal,Desktop,Paid Search,Returning,5,4,14,3.0
Toys,342.21,1,Delivered,Credit Card,Tablet,Organic,Returning,5,4,14,7.0
Electronics,281.73,1,Shipped,Credit Card,Tablet,Paid Search,VIP,5,4,14,5.0
Toys,388.87,1,Delivered,Debit Card,Desktop,Paid Search,Returning,5,4,14,2.0
Clothing,222.92,3,Shipped,PayPal,Desktop,Social,Returning,5,4,14,7.0
Books,283.7,2,Delivered,Google Pay,Tablet,Organic,VIP,5,5,14,4.0
Beauty,247.29,2,Shipped,Google Pay,Desktop,Organic,Returning,5,5,14,1.0
Clothing,334.83,1,Delivered,Google Pay,Tablet,Paid Search,Returning,5,5,14,2.0
Clothing,317.08,1,Shipped,Credit Card,Mobile,Social,Returning,5,5,14,5.0
Books,168.79,1,Pending,Apple Pay,Tablet,Paid Search,Returning,5,5,14,6.0
Home,267.11,3,Delivered,Google Pay,Tablet,Organic,Returning,5,5,14,5.0
Home,310.16,5,Pending,Debit Card,Desktop,Paid Search,VIP,5,5,14,7.0
Beauty,335.43,1,Delivered,Debit Card,Mobile,Social,Returning,5,5,14,5.0
Home,126.52,3,Delivered,Apple Pay,Mobile,Paid Search,VIP,5,5,14,4.0
Home,224.83,4,Delivered,Google Pay,Mobile,Paid Search,Returning,5,5,14,2.0
Electronics,317.03,5,Shipped,Apple Pay,Desktop,Social,Returning,5,5,14,4.0
Books,166.17,1,Pending,Credit Card,Desktop,Email,VIP,5,5,14,3.0
Books,319.78,1,Pending,Debit Card,Tablet,Social,VIP,5,5,14,4.0
Beauty,441.58,1,Delivered,PayPal,Desktop,Email,Returning,5,5,14,1.0
Books,109.56,5,Delivered,Debit Card,Desktop,Paid Search,VIP,5,5,14,4.0
Beauty,191.33,3,Delivered,PayPal,Tablet,Paid Search,VIP,5,5,14,5.0
Beauty,194.32,1,Shipped,Credit Card,Mobile,Email,VIP,5,5,14,1.0
Beauty,261.35,1,Delivered,Debit Card,Tablet,Social,VIP,5,5,14,3.0
Books,152.63,4,Delivered,PayPal,Mobile,Paid Search,VIP,5,5,14,1.0
Clothing,306.83,1,Shipped,Debit Card,Tablet,Email,VIP,5,5,14,6.0
Electronics,415.46,5,Delivered,Apple Pay,Mobile,Social,Returning,5,5,14,2.0
Electronics,486.21,1,Shipped,Google Pay,Tablet,Organic,VIP,5,5,14,5.0
Electronics,50.47,4,Delivered,Credit Card,Desktop,Email,VIP,5,5,14,7.0
Books,89.42,4,Delivered,Apple Pay,Tablet,Organic,VIP,5,5,14,5.0
Toys,17.96,2,Delivered,Apple Pay,Mobile,Paid Search,Returning,5,5,14,2.0
Books,497.07,2,Shipped,Credit Card,Desktop,Social,VIP,5,5,14,6.0
Clothing,185.0,1,Delivered,Debit Card,Desktop,Organic,Returning,5,5,14,6.0
Beauty,473.18,1,Delivered,Google Pay,Mobile,Social,VIP,5,6,14,1.0
Electronics,179.23,1,Delivered,Google Pay,Mobile,Email,Returning,5,6,14,6.0
Beauty,336.05,1,Delivered,Debit Card,Mobile,Organic,VIP,5,6,14,1.0
Electronics,103.68,1,Delivered,PayPal,Desktop,Organic,VIP,5,6,14,4.0
Beauty,54.88,1,Delivered,Apple Pay,Tablet,Email,VIP,5,6,14,3.0
Books,213.29,1,Delivered,Debit Card,Mobile,Social,Returning,5,6,14,7.0
Home,402.1,4,Delivered,Credit Card,Desktop,Organic,Returning,5,6,14,6.0
Toys,366.08,1,Delivered,Google Pay,Mobile,Social,Returning,5,6,14,1.0
Beauty,83.66,1,Delivered,Apple Pay,Tablet,Email,VIP,5,6,14,6.0
Home,437.44,2,Delivered,Apple Pay,Tablet,Social,VIP,5,6,14,2.0
Toys,394.86,1,Delivered,Google Pay,Desktop,Organic,VIP,5,6,14,7.0
Books,489.42,3,Delivered,Apple Pay,Tablet,Social,Returning,5,6,14,4.0
Home,79.49,4,Delivered,Credit Card,Mobile,Organic,Returning,5,6,14,5.0
Home,45.47,1,Delivered,PayPal,Tablet,Paid Search,VIP,5,6,14,7.0
Clothing,359.25,4,Shipped,PayPal,Desktop,Social,Returning,5,6,14,6.0
Toys,48.0,1,Delivered,Apple Pay,Desktop,Paid Search,Returning,5,6,14,4.0
Electronics,160.01,2,Delivered,Apple Pay,Mobile,Email,Returning,5,6,14,6.0
Home,94.13,1,Delivered,Google Pay,Desktop,Organic,VIP,5,6,14,1.0
Books,189.6,3,Delivered,PayPal,Mobile,Email,VIP,5,6,14,6.0
Beauty,78.8,1,Shipped,Apple Pay,Tablet,Email,Returning,5,6,14,4.0
Toys,479.87,4,Delivered,Credit Card,Mobile,Social,VIP,5,0,14,3.0
Toys,95.29,1,Delivered,Debit Card,Mobile,Organic,VIP,5,0,14,6.0
Home,8.79,1,Delivered,Apple Pay,Tablet,Organic,Returning,5,0,14,5.0
Toys,283.74,1,Delivered,Credit Card,Mobile,Organic,Returning,5,0,14,4.0
Electronics,178.62,1,Returned,PayPal,Tablet,Email,Returning,5,0,14,1.0
Clothing,412.31,1,Delivered,Credit Card,Tablet,Email,VIP,5,0,14,1.0
Toys,498.49,1,Delivered,Credit Card,Desktop,Social,VIP,5,0,14,5.0
Books,167.25,3,Pending,Credit Card,Tablet,Social,Returning,5,0,14,6.0
Beauty,408.6,3,Pending,Google Pay,Tablet,Email,Returning,5,0,14,3.0
Books,426.21,1,Delivered,Apple Pay,Tablet,Paid Search,Returning,5,0,14,2.0
Home,285.6,4,Delivered,Apple Pay,Mobile,Social,Returning,5,0,14,7.0
Toys,104.48,3,Delivered,Google Pay,Tablet,Social,VIP,5,0,14,3.0
Clothing,207.84,1,Delivered,Credit Card,Desktop,Social,VIP,5,0,14,6.0
Home,390.98,2,Delivered,Apple Pay,Mobile,Organic,VIP,5,0,14,5.0
Beauty,461.56,3,Shipped,Credit Card,Desktop,Social,VIP,5,0,14,2.0
Beauty,429.67,1,Delivered,Debit Card,Tablet,Social,VIP,5,0,14,4.0
Home,45.57,2,Delivered,Google Pay,Tablet,Email,New,5,0,14,6.0
Toys,175.42,2,Delivered,Apple Pay,Mobile,Email,VIP,5,0,14,4.0
Beauty,368.73,2,Delivered,Apple Pay,Tablet,Organic,VIP,5,0,14,1.0
Electronics,85.57,1,Shipped,Apple Pay,Desktop,Social,Returning,5,0,14,3.0
Books,74.57,1,Delivered,PayPal,Mobile,Organic,Returning,5,0,14,7.0
Books,148.61,2,Delivered,Debit Card,Mobile,Email,Returning,5,0,14,4.0
Home,136.59,2,Delivered,Debit Card,Tablet,Paid Search,VIP,5,0,14,5.0
Toys,305.82,1,Delivered,Debit Card,Desktop,Email,Returning,5,1,14,5.0
Books,448.87,2,Shipped,Debit Card,Tablet,Organic,Returning,5,1,14,1.0
Clothing,271.08,2,Shipped,Credit Card,Tablet,Paid Search,Returning,5,1,14,1.0
Toys,383.55,1,Shipped,Apple Pay,Desktop,Paid Search,Returning,5,1,14,1.0
Electronics,18.25,3,Delivered,PayPal,Desktop,Social,Returning,5,1,14,2.0
Beauty,358.26,3,Pending,PayPal,Mobile,Social,Returning,5,1,14,7.0
Electronics,143.31,2,Shipped,Credit Card,Mobile,Paid Search,Returning,5,1,14,6.0
Clothing,141.74,1,Pending,Credit Card,Desktop,Social,Returning,5,1,14,4.0
Toys,350.47,2,Delivered,PayPal,Mobile,Email,Returning,5,1,14,6.0
Clothing,35.26,1,Delivered,Credit Card,Mobile,Email,VIP,5,1,14,2.0
Beauty,23.99,1,Returned,Debit Card,Desktop,Organic,VIP,5,1,14,7.0
Books,149.18,1,Shipped,Apple Pay,Desktop,Organic,Returning,5,1,14,4.0
Beauty,320.61,1,Delivered,Google Pay,Tablet,Paid Search,Returning,5,1,14,7.0
Home,326.32,1,Shipped,Google Pay,Desktop,Email,VIP,5,1,14,1.0
Home,466.97,2,Delivered,Debit Card,Tablet,Email,VIP,5,1,14,6.0
Clothing,252.52,1,Delivered,PayPal,Tablet,Social,Returning,5,1,14,5.0
Clothing,149.0,3,Shipped,PayPal,Tablet,Email,VIP,5,1,14,3.0
Books,176.48,2,Delivered,Credit Card,Mobile,Social,VIP,5,1,14,5.0
Home,24.2,2,Pending,Debit Card,Mobile,Paid Search,VIP,5,1,14,1.0
Books,20.6,2,Delivered,Debit Card,Desktop,Organic,VIP,5,1,14,2.0
Electronics,217.62,2,Delivered,Credit Card,Mobile,Email,VIP,5,1,14,3.0
Electronics,6.35,1,Delivered,Apple Pay,Mobile,Email,Returning,5,1,14,4.0
Home,486.2,1,Pending,Credit Card,Mobile,Social,New,5,1,14,3.0
Clothing,294.87,1,Delivered,Apple Pay,Desktop,Paid Search,VIP,5,1,14,1.0
Home,483.61,1,Delivered,Debit Card,Tablet,Organic,VIP,5,2,14,7.0
Clothing,248.04,2,Delivered,Debit Card,Mobile,Email,Returning,5,2,14,2.0
Toys,246.23,4,Delivered,PayPal,Mobile,Email,Returning,5,2,14,4.0
Toys,76.05,1,Delivered,Credit Card,Desktop,Paid Search,VIP,5,2,14,5.0
Books,499.23,1,Delivered,Google Pay,Desktop,Organic,VIP,5,2,14,1.0
Toys,86.91,2,Delivered,Debit Card,Mobile,Social,Returning,5,2,14,2.0
Home,370.24,3,Delivered,Debit Card,Mobile,Social,Returning,5,2,14,3.0
Clothing,179.24,2,Delivered,Credit Card,Mobile,Social,VIP,5,2,14,1.0
Home,317.09,1,Delivered,Credit Card,Tablet,Paid Search,Returning,5,2,14,6.0
Electronics,155.0,1,Delivered,Debit Card,Desktop,Social,Returning,5,2,14,7.0
Home,167.4,4,Delivered,Debit Card,Mobile,Social,VIP,5,2,14,6.0
Books,297.42,2,Delivered,Apple Pay,Desktop,Organic,Returning,5,2,14,7.0
Toys,189.26,4,Returned,Google Pay,Tablet,Email,Returning,5,2,14,1.0
Clothing,431.67,3,Shipped,Google Pay,Tablet,Paid Search,VIP,5,2,14,7.0
Books,193.88,1,Delivered,Apple Pay,Tablet,Paid Search,Returning,5,2,14,4.0
Clothing,395.66,2,Delivered,Apple Pay,Mobile,Organic,Returning,5,2,14,4.0
Electronics,238.19,2,Delivered,Apple Pay,Tablet,Email,Returning,5,2,14,2.0
Clothing,66.53,1,Delivered,Credit Card,Mobile,Organic,VIP,5,2,14,2.0
Clothing,220.72,2,Delivered,Credit Card,Tablet,Social,VIP,5,2,14,3.0
Toys,15.27,2,Delivered,Google Pay,Desktop,Organic,Returning,5,2,14,1.0
Clothing,48.82,1,Shipped,PayPal,Tablet,Email,VIP,5,2,14,4.0
Beauty,398.14,3,Pending,Google Pay,Desktop,Organic,VIP,5,2,14,4.0
Books,359.73,2,Delivered,Credit Card,Tablet,Paid Search,Returning,5,2,14,7.0
Beauty,94.96,1,Delivered,Google Pay,Mobile,Email,VIP,5,2,14,6.0
Beauty,299.05,1,Shipped,Credit Card,Mobile,Email,VIP,5,2,14,6.0
Toys,287.21,1,Shipped,Google Pay,Tablet,Organic,VIP,5,2,14,1.0
Home,207.3,6,Delivered,Apple Pay,Mobile,Paid Search,VIP,5,2,14,2.0
Clothing,228.61,2,Delivered,Apple Pay,Tablet,Social,Returning,5,2,14,4.0
Toys,15.54,1,Delivered,Google Pay,Tablet,Email,VIP,5,2,14,5.0
Beauty,467.52,3,Pending,Google Pay,Tablet,Email,VIP,5,2,14,7.0
Books,260.73,2,Shipped,Debit Card,Desktop,Paid Search,Returning,5,3,14,5.0
Books,86.14,2,Delivered,PayPal,Desktop,Social,New,5,3,14,4.0
Beauty,275.39,1,Delivered,Debit Card,Desktop,Email,Returning,5,3,14,1.0
Books,30.58,1,Shipped,Apple Pay,Tablet,Social,VIP,5,3,14,1.0
Books,493.84,4,Returned,Debit Card,Desktop,Paid Search,Returning,5,3,14,2.0
Beauty,330.08,2,Delivered,PayPal,Desktop,Organic,New,5,3,14,1.0
Home,476.62,4,Pending,PayPal,Mobile,Email,VIP,5,3,14,7.0
Home,96.68,3,Delivered,Google Pay,Mobile,Social,Returning,5,3,14,6.0
Home,62.9,5,Returned,PayPal,Desktop,Organic,New,5,3,14,1.0
Beauty,58.9,2,Delivered,Debit Card,Tablet,Paid Search,VIP,5,3,14,2.0
Clothing,410.72,1,Shipped,Credit Card,Mobile,Organic,VIP,5,3,14,6.0
Electronics,402.03,2,Shipped,PayPal,Mobile,Paid Search,Returning,5,3,14,5.0
Clothing,233.76,3,Shipped,Google Pay,Mobile,Social,VIP,5,3,14,4.0
Clothing,421.02,1,Shipped,Credit Card,Desktop,Social,VIP,5,3,14,6.0
Electronics,228.54,3,Delivered,Credit Card,Tablet,Paid Search,VIP,5,3,14,2.0
Home,495.74,1,Delivered,Apple Pay,Tablet,Email,Returning,5,3,14,4.0
Electronics,23.83,3,Delivered,Debit Card,Mobile,Organic,Returning,5,3,14,3.0
Home,389.82,5,Delivered,Credit Card,Tablet,Social,Returning,5,3,14,6.0
Home,396.98,1,Pending,Google Pay,Mobile,Organic,VIP,5,3,14,2.0
Electronics,348.74,2,Delivered,PayPal,Mobile,Social,VIP,5,3,14,6.0
Electronics,491.02,3,Delivered,Apple Pay,Tablet,Email,Returning,5,3,14,3.0
Electronics,144.41,2,Delivered,Apple Pay,Tablet,Social,Returning,5,3,14,2.0
Electronics,322.68,1,Delivered,Apple Pay,Tablet,Email,Returning,5,3,14,4.0
Home,436.7,1,Delivered,Apple Pay,Tablet,Email,VIP,5,3,14,6.0
Toys,409.7,3,Shipped,Debit Card,Tablet,Social,VIP,5,3,14,3.0
Home,355.12,2,Delivered,Credit Card,Desktop,Organic,VIP,5,3,14,6.0
Toys,105.41,1,Shipped,Debit Card,Tablet,Paid Search,Returning,5,3,14,4.0
Books,342.49,3,Delivered,Google Pay,Mobile,Paid Search,VIP,5,3,14,2.0
Electronics,162.64,2,Pending,PayPal,Mobile,Email,VIP,5,3,14,1.0
Toys,412.47,2,Delivered,Debit Card,Desktop,Organic,Returning,5,3,14,6.0
Electronics,208.96,1,Delivered,Credit Card,Tablet,Email,VIP,5,3,14,2.0
Beauty,24.46,3,Delivered,Apple Pay,Desktop,Paid Search,Returning,5,4,14,4.0
Toys,224.82,3,Shipped,Credit Card,Tablet,Social,Returning,5,4,14,6.0
Toys,450.31,1,Delivered,Google Pay,Desktop,Email,Returning,5,4,14,6.0
Books,128.27,2,Delivered,Apple Pay,Mobile,Social,Returning,5,4,14,7.0
Home,289.71,1,Delivered,Apple Pay,Mobile,Organic,Returning,5,4,14,6.0
Clothing,178.85,2,Delivered,Debit Card,Tablet,Email,VIP,5,4,14,5.0
Clothing,127.75,5,Delivered,Apple Pay,Desktop,Organic,VIP,5,4,14,3.0
Books,426.89,3,Delivered,Apple Pay,Mobile,Paid Search,VIP,5,4,14,7.0
Clothing,411.28,3,Delivered,Credit Card,Desktop,Organic,Returning,5,4,14,6.0
Clothing,347.86,2,Delivered,PayPal,Mobile,Organic,Returning,5,4,14,4.0
Toys,385.15,2,Delivered,Google Pay,Mobile,Organic,VIP,5,4,14,6.0
Clothing,254.89,3,Delivered,PayPal,Mobile,Paid Search,VIP,5,4,14,1.0
Home,244.67,1,Delivered,Apple Pay,Mobile,Social,Returning,5,4,14,1.0
Home,40.4,2,Pending,Credit Card,Tablet,Organic,VIP,5,4,14,3.0
Books,107.68,3,Shipped,Credit Card,Desktop,Email,Returning,5,4,14,2.0
Beauty,19.97,3,Delivered,Credit Card,Tablet,Email,Returning,5,4,14,6.0
Clothing,172.2,2,Delivered,Credit Card,Tablet,Email,VIP,5,4,14,2.0
Books,432.24,4,Delivered,Debit Card,Desktop,Organic,VIP,5,4,14,3.0
Books,456.55,4,Delivered,Apple Pay,Mobile,Organic,Returning,5,4,14,5.0
Toys,357.65,1,Delivered,Google Pay,Tablet,Organic,Returning,5,4,14,3.0
Home,451.06,5,Delivered,Credit Card,Tablet,Email,VIP,5,4,14,5.0
Electronics,346.03,1,Delivered,Credit Card,Desktop,Social,VIP,5,4,14,5.0
Toys,388.78,1,Delivered,PayPal,Desktop,Email,VIP,5,4,14,1.0
Toys,213.47,4,Delivered,Apple Pay,Tablet,Paid Search,Returning,5,4,14,2.0
Home,421.54,2,Delivered,Google Pay,Mobile,Email,Returning,5,4,14,3.0
Beauty,372.17,1,Delivered,Debit Card,Tablet,Email,VIP,5,4,14,3.0
Books,389.81,5,Delivered,PayPal,Tablet,Paid Search,Returning,5,4,14,3.0
Clothing,351.42,2,Delivered,Apple Pay,Mobile,Email,VIP,5,4,14,4.0
Beauty,100.18,1,Delivered,Google Pay,Tablet,Organic,VIP,6,5,14,4.0
Electronics,241.35,1,Delivered,Apple Pay,Desktop,Social,New,6,5,14,1.0
Beauty,389.66,2,Delivered,Credit Card,Desktop,Social,VIP,6,5,14,7.0
Toys,247.32,1,Pending,Apple Pay,Desktop,Paid Search,VIP,6,5,14,4.0
Home,244.2,1,Delivered,Debit Card,Desktop,Social,VIP,6,5,14,3.0
Home,460.56,1,Delivered,Debit Card,Mobile,Email,Returning,6,5,14,1.0
Beauty,170.4,1,Delivered,Credit Card,Mobile,Social,VIP,6,5,14,3.0
Home,276.93,4,Delivered,Credit Card,Mobile,Email,Returning,6,5,14,1.0
Toys,272.55,2,Delivered,PayPal,Tablet,Social,Returning,6,5,14,2.0
Toys,393.87,2,Delivered,PayPal,Desktop,Email,Returning,6,5,14,1.0
Electronics,63.21,1,Delivered,PayPal,Desktop,Social,VIP,6,5,14,7.0
Home,291.75,1,Shipped,Google Pay,Mobile,Organic,VIP,6,5,14,2.0
Beauty,13.78,2,Delivered,Credit Card,Desktop,Paid Search,New,6,5,14,2.0
Beauty,86.74,2,Shipped,Apple Pay,Desktop,Organic,VIP,6,5,14,4.0
Books,25.53,3,Delivered,Debit Card,Desktop,Social,VIP,6,5,14,4.0
Home,221.14,1,Delivered,Debit Card,Desktop,Organic,Returning,6,5,14,4.0
Toys,265.53,6,Delivered,PayPal,Mobile,Organic,VIP,6,5,14,4.0
Electronics,318.27,4,Delivered,Google Pay,Desktop,Social,Returning,6,5,14,2.0
Beauty,441.13,1,Delivered,Google Pay,Tablet,Organic,VIP,6,5,14,7.0
Beauty,191.02,1,Delivered,Google Pay,Desktop,Paid Search,Returning,6,5,14,3.0
Toys,390.91,1,Delivered,PayPal,Desktop,Email,Returning,6,6,14,3.0
Clothing,280.37,4,Delivered,Apple Pay,Mobile,Organic,Returning,6,6,14,5.0
Clothing,423.35,1,Returned,PayPal,Tablet,Email,Returning,6,6,14,1.0
Toys,121.55,3,Shipped,Debit Card,Tablet,Organic,Returning,6,6,14,3.0
Beauty,132.5,2,Delivered,PayPal,Mobile,Email,Returning,6,6,14,7.0
Books,435.57,1,Returned,Apple Pay,Tablet,Organic,Returning,6,6,14,1.0
Books,314.54,4,Shipped,PayPal,Mobile,Paid Search,VIP,6,6,14,5.0
Toys,480.88,1,Delivered,Debit Card,Mobile,Organic,VIP,6,6,14,1.0
Electronics,441.56,1,Delivered,PayPal,Desktop,Social,Returning,6,6,14,1.0
Books,268.96,1,Pending,Apple Pay,Tablet,Paid Search,VIP,6,6,14,3.0
Home,123.2,1,Delivered,Credit Card,Mobile,Email,VIP,6,6,14,3.0
Books,357.52,5,Delivered,Debit Card,Tablet,Paid Search,VIP,6,6,14,6.0
Electronics,34.17,1,Shipped,PayPal,Desktop,Email,VIP,6,6,14,7.0
Electronics,243.46,1,Shipped,Debit Card,Desktop,Email,VIP,6,6,14,6.0
Books,444.77,4,Delivered,Debit Card,Desktop,Email,VIP,6,6,14,7.0
Electronics,263.21,4,Delivered,Apple Pay,Desktop,Paid Search,VIP,6,6,14,6.0
Home,410.45,1,Delivered,PayPal,Tablet,Organic,VIP,6,6,14,1.0
Books,401.82,1,Delivered,Apple Pay,Desktop,Paid Search,Returning,6,6,14,7.0
Toys,67.21,4,Returned,PayPal,Tablet,Paid Search,Returning,6,6,14,5.0
Toys,432.6,1,Shipped,Apple Pay,Tablet,Organic,VIP,6,6,14,4.0
Electronics,415.54,2,Delivered,PayPal,Mobile,Paid Search,Returning,6,6,14,7.0
Toys,411.38,3,Delivered,Credit Card,Desktop,Paid Search,New,6,6,14,1.0
Electronics,415.55,1,Delivered,PayPal,Desktop,Social,VIP,6,6,14,6.0
Books,139.57,3,Delivered,PayPal,Tablet,Email,VIP,6,6,14,7.0
Clothing,121.48,3,Shipped,Credit Card,Tablet,Social,New,6,6,14,6.0
Toys,487.67,3,Shipped,Debit Card,Mobile,Social,VIP,6,6,14,2.0
Clothing,104.75,3,Delivered,Google Pay,Tablet,Paid Search,VIP,6,6,14,2.0
Toys,94.64,1,Delivered,Google Pay,Desktop,Organic,VIP,6,6,14,3.0
Beauty,406.02,1,Delivered,Credit Card,Desktop,Paid Search,VIP,6,6,14,3.0
Clothing,438.58,2,Delivered,Google Pay,Desktop,Organic,VIP,6,6,14,6.0
Toys,239.08,3,Pending,PayPal,Tablet,Paid Search,VIP,6,0,14,6.0
Toys,99.46,3,Delivered,PayPal,Desktop,Social,New,6,0,14,4.0
Beauty,238.28,3,Shipped,Apple Pay,Mobile,Email,VIP,6,0,14,5.0
Electronics,153.9,2,Delivered,Apple Pay,Tablet,Social,Returning,6,0,14,3.0
Beauty,495.28,1,Pending,PayPal,Tablet,Social,VIP,6,0,14,5.0
Home,359.11,4,Returned,Apple Pay,Tablet,Organic,Returning,6,0,14,2.0
Toys,8.78,3,Delivered,Google Pay,Mobile,Paid Search,VIP,6,0,14,3.0
Electronics,103.27,3,Shipped,PayPal,Tablet,Social,Returning,6,0,14,2.0
Beauty,228.86,3,Delivered,Apple Pay,Desktop,Social,VIP,6,0,14,5.0
Toys,212.98,2,Delivered,PayPal,Tablet,Paid Search,VIP,6,0,14,6.0
Books,263.21,4,Pending,Apple Pay,Mobile,Organic,VIP,6,0,14,5.0
Beauty,331.88,4,Delivered,Google Pay,Mobile,Social,VIP,6,0,14,7.0
Clothing,411.66,2,Returned,PayPal,Desktop,Paid Search,Returning,6,0,14,6.0
Home,195.49,3,Delivered,Apple Pay,Tablet,Social,Returning,6,0,14,7.0
Toys,438.75,4,Delivered,Credit Card,Mobile,Social,VIP,6,0,14,7.0
Beauty,127.47,2,Delivered,PayPal,Mobile,Paid Search,VIP,6,0,14,5.0
Books,235.67,1,Shipped,Credit Card,Desktop,Email,Returning,6,0,14,4.0
Toys,298.63,1,Delivered,Google Pay,Tablet,Email,Returning,6,0,14,2.0
Toys,144.21,5,Delivered,Google Pay,Desktop,Paid Search,Returning,6,0,14,7.0
Toys,371.71,4,Shipped,PayPal,Tablet,Email,Returning,6,0,14,4.0
Books,229.68,3,Delivered,Apple Pay,Mobile,Organic,VIP,6,0,14,6.0
Beauty,471.63,3,Shipped,Debit Card,Desktop,Organic,Returning,6,0,14,7.0
Beauty,395.68,1,Delivered,Apple Pay,Desktop,Email,VIP,6,0,14,4.0
Home,345.18,3,Delivered,Credit Card,Tablet,Social,VIP,6,0,14,4.0
Home,45.24,3,Delivered,Credit Card,Desktop,Paid Search,New,6,0,14,1.0
Toys,158.19,2,Delivered,Debit Card,Mobile,Social,VIP,6,0,14,3.0
Clothing,294.18,2,Delivered,Debit Card,Desktop,Paid Search,Returning,6,0,14,7.0
Clothing,161.13,2,Delivered,Google Pay,Mobile,Organic,VIP,6,0,14,1.0
Toys,103.0,4,Delivered,Credit Card,Desktop,Paid Search,Returning,6,0,14,3.0
Books,214.75,4,Delivered,Apple Pay,Desktop,Email,VIP,6,0,14,4.0
Beauty,194.43,1,Shipped,Apple Pay,Mobile,Social,VIP,6,0,14,5.0
Electronics,150.84,2,Delivered,Debit Card,Tablet,Organic,VIP,6,0,14,5.0
Electronics,199.82,4,Delivered,Debit Card,Desktop,Organic,Returning,6,0,14,4.0
Beauty,142.62,2,Delivered,Google Pay,Tablet,Organic,New,6,0,14,4.0
Books,486.81,4,Shipped,Credit Card,Desktop,Email,VIP,6,0,14,6.0
Home,304.15,3,Delivered,Apple Pay,Desktop,Organic,VIP,6,0,14,7.0
Beauty,404.02,1,Delivered,Debit Card,Mobile,Organic,VIP,6,1,14,6.0
Home,281.57,6,Delivered,Google Pay,Desktop,Social,VIP,6,1,14,3.0
Home,84.65,3,Shipped,Credit Card,Mobile,Email,Returning,6,1,14,5.0
Beauty,390.94,4,Shipped,Debit Card,Mobile,Social,VIP,6,1,14,4.0
Home,295.7,3,Delivered,Google Pay,Desktop,Organic,VIP,6,1,14,7.0
Toys,8.31,2,Delivered,Debit Card,Mobile,Organic,Returning,6,1,14,3.0
Home,215.32,2,Shipped,PayPal,Desktop,Paid Search,VIP,6,1,14,3.0
Clothing,92.84,1,Delivered,Debit Card,Tablet,Organic,Returning,6,1,14,2.0
Home,292.03,1,Delivered,Apple Pay,Desktop,Social,VIP,6,1,14,6.0
Toys,267.97,2,Delivered,Debit Card,Mobile,Organic,Returning,6,1,14,5.0
Toys,374.39,2,Delivered,Apple Pay,Mobile,Organic,VIP,6,1,14,2.0
Clothing,404.35,5,Delivered,Debit Card,Desktop,Email,VIP,6,1,14,2.0
Clothing,19.83,3,Delivered,Credit Card,Desktop,Social,New,6,1,14,5.0
Books,342.88,1,Delivered,PayPal,Mobile,Social,VIP,6,1,14,5.0
Beauty,412.65,4,Delivered,Credit Card,Mobile,Organic,VIP,6,1,14,7.0
Home,95.34,3,Delivered,Apple Pay,Mobile,Organic,New,6,1,14,7.0
Electronics,417.25,1,Delivered,Apple Pay,Desktop,Paid Search,VIP,6,1,14,4.0
Books,79.14,2,Delivered,Credit Card,Tablet,Social,Returning,6,1,14,2.0
Home,38.3,4,Delivered,Google Pay,Tablet,Paid Search,VIP,6,1,14,7.0
Beauty,219.61,4,Delivered,Debit Card,Mobile,Paid Search,Returning,6,1,14,2.0
Toys,253.21,1,Delivered,Google Pay,Mobile,Email,VIP,6,1,14,6.0
Books,264.2,1,Shipped,Debit Card,Tablet,Email,VIP,6,1,14,5.0
Beauty,245.38,3,Delivered,Google Pay,Tablet,Email,VIP,6,1,14,2.0
Clothing,315.43,2,Delivered,Credit Card,Tablet,Email,VIP,6,1,14,2.0
Electronics,156.2,4,Delivered,Google Pay,Desktop,Paid Search,VIP,6,1,14,5.0
Home,482.41,1,Delivered,PayPal,Mobile,Paid Search,Returning,6,1,14,3.0
Home,322.07,1,Delivered,Google Pay,Desktop,Email,VIP,6,1,14,4.0
Toys,493.03,2,Delivered,Debit Card,Mobile,Email,Returning,6,1,14,6.0
Books,413.66,4,Delivered,Debit Card,Tablet,Email,VIP,6,1,14,5.0
Clothing,165.49,2,Delivered,Debit Card,Desktop,Social,VIP,6,1,14,6.0
Home,339.69,1,Delivered,Apple Pay,Desktop,Paid Search,Returning,6,1,14,5.0
Beauty,159.59,1,Delivered,Debit Card,Desktop,Paid Search,Returning,6,1,14,5.0
Books,350.19,1,Delivered,Apple Pay,Tablet,Email,VIP,6,1,14,1.0
Electronics,326.38,1,Delivered,Google Pay,Tablet,Social,Returning,6,1,14,6.0
Home,296.43,1,Delivered,Apple Pay,Tablet,Organic,New,6,1,14,4.0
Home,389.87,3,Delivered,Credit Card,Desktop,Social,Returning,6,2,14,2.0
Electronics,431.22,1,Delivered,Debit Card,Tablet,Paid Search,VIP,6,2,14,4.0
Home,451.2,2,Pending,Apple Pay,Desktop,Email,VIP,6,2,14,5.0
Beauty,193.6,1,Delivered,Credit Card,Mobile,Paid Search,Returning,6,2,14,7.0
Electronics,197.78,1,Returned,Google Pay,Desktop,Email,VIP,6,2,14,5.0
Beauty,51.18,1,Shipped,Apple Pay,Mobile,Social,New,6,2,14,2.0
Toys,291.44,2,Shipped,Apple Pay,Tablet,Email,Returning,6,2,14,6.0
Beauty,194.05,1,Delivered,Apple Pay,Mobile,Email,VIP,6,2,14,1.0
Toys,92.87,3,Delivered,Apple Pay,Tablet,Email,Returning,6,2,14,3.0
Electronics,499.76,2,Shipped,Apple Pay,Tablet,Social,VIP,6,2,14,7.0
Home,314.25,1,Delivered,Apple Pay,Tablet,Social,VIP,6,2,14,6.0
Toys,191.6,2,Shipped,PayPal,Desktop,Social,Returning,6,2,14,6.0
Toys,113.89,1,Shipped,PayPal,Tablet,Email,Returning,6,2,14,6.0
Toys,125.13,1,Returned,Google Pay,Tablet,Paid Search,Returning,6,2,14,4.0
Clothing,75.02,6,Delivered,PayPal,Desktop,Social,VIP,6,2,14,1.0
Toys,312.67,1,Delivered,Google Pay,Desktop,Social,Returning,6,2,14,6.0
Toys,263.62,2,Delivered,Google Pay,Tablet,Paid Search,Returning,6,2,14,3.0
Electronics,89.27,2,Delivered,PayPal,Tablet,Email,Returning,6,2,14,3.0
Books,186.57,1,Delivered,Google Pay,Desktop,Email,Returning,6,2,14,1.0
Books,269.31,2,Delivered,Credit Card,Mobile,Social,Returning,6,2,14,2.0
Toys,429.48,3,Delivered,Google Pay,Tablet,Email,New,6,2,14,6.0
Books,81.47,3,Shipped,Credit Card,Tablet,Organic,Returning,6,2,14,4.0
Books,150.3,3,Delivered,Google Pay,Mobile,Email,Returning,6,2,14,2.0
Books,210.2,1,Delivered,Credit Card,Tablet,Social,VIP,6,2,14,1.0
Electronics,301.71,2,Returned,Apple Pay,Tablet,Organic,Returning,6,2,14,4.0
Clothing,289.58,2,Delivered,Credit Card,Desktop,Email,VIP,6,2,14,7.0
Beauty,260.28,3,Delivered,Credit Card,Desktop,Email,VIP,6,2,14,5.0
Toys,115.9,3,Delivered,Credit Card,Mobile,Email,Returning,6,3,14,3.0
Electronics,158.74,5,Delivered,Apple Pay,Desktop,Paid Search,VIP,6,3,14,5.0
Books,125.13,1,Pending,PayPal,Desktop,Organic,Returning,6,3,14,2.0
Home,69.73,3,Delivered,Google Pay,Mobile,Paid Search,Returning,6,3,14,1.0
Home,277.02,3,Shipped,Google Pay,Mobile,Social,VIP,6,3,14,3.0
Books,169.42,1,Delivered,Apple Pay,Tablet,Paid Search,Returning,6,3,14,5.0
Toys,349.97,2,Shipped,PayPal,Mobile,Organic,VIP,6,3,14,5.0
Books,369.18,1,Delivered,Apple Pay,Desktop,Social,VIP,6,3,14,4.0
Electronics,436.79,1,Shipped,PayPal,Mobile,Organic,Returning,6,3,14,3.0
Books,85.6,1,Delivered,Debit Card,Desktop,Social,VIP,6,3,14,1.0
Clothing,205.33,1,Shipped,Debit Card,Mobile,Social,Returning,6,3,14,6.0
Electronics,305.67,2,Delivered,Credit Card,Desktop,Paid Search,VIP,6,3,14,5.0
Home,201.66,1,Delivered,Debit Card,Tablet,Email,New,6,3,14,7.0
Home,180.2,1,Delivered,Google Pay,Tablet,Organic,VIP,6,3,14,1.0
Toys,43.75,5,Delivered,Google Pay,Desktop,Email,VIP,6,3,14,2.0
Books,318.49,1,Delivered,Google Pay,Tablet,Paid Search,VIP,6,3,14,5.0
Toys,195.57,2,Delivered,PayPal,Tablet,Email,VIP,6,3,14,4.0
Home,293.28,1,Shipped,Google Pay,Desktop,Paid Search,Returning,6,3,14,1.0
Electronics,101.97,3,Delivered,PayPal,Mobile,Email,VIP,6,3,14,4.0
Electronics,140.75,4,Delivered,PayPal,Tablet,Email,VIP,6,3,14,4.0
Clothing,313.78,1,Delivered,Debit Card,Tablet,Organic,Returning,6,3,14,6.0
Clothing,296.36,3,Delivered,Apple Pay,Tablet,Social,Returning,6,3,14,6.0
Home,346.43,4,Delivered,Apple Pay,Desktop,Paid Search,VIP,6,3,14,5.0
Electronics,357.82,1,Delivered,Credit Card,Mobile,Organic,Returning,6,3,14,7.0
Home,320.6,1,Delivered,Debit Card,Mobile,Email,VIP,6,3,14,6.0
Books,64.05,6,Returned,Apple Pay,Mobile,Organic,Returning,6,3,14,7.0
Books,31.26,1,Shipped,Google Pay,Tablet,Paid Search,VIP,6,3,14,2.0
Beauty,294.8,1,Shipped,PayPal,Desktop,Organic,Returning,6,3,14,6.0
Home,296.28,1,Pending,Credit Card,Tablet,Email,VIP,6,3,14,5.0
Toys,52.24,4,Delivered,PayPal,Mobile,Paid Search,Returning,6,4,14,4.0
Toys,272.07,1,Delivered,Credit Card,Tablet,Social,VIP,6,4,14,6.0
Books,165.78,1,Delivered,Debit Card,Tablet,Organic,VIP,6,4,14,5.0
Clothing,440.74,2,Delivered,Credit Card,Mobile,Email,VIP,6,4,14,4.0
Clothing,408.34,1,Delivered,Google Pay,Tablet,Email,Returning,6,4,14,7.0
Home,186.0,5,Delivered,Apple Pay,Tablet,Paid Search,VIP,6,4,14,5.0
Beauty,400.88,1,Delivered,Apple Pay,Desktop,Social,VIP,6,4,14,5.0
Books,272.34,3,Delivered,Apple Pay,Mobile,Social,Returning,6,4,14,7.0
Home,427.97,4,Shipped,Apple Pay,Mobile,Email,VIP,6,4,14,6.0
Home,329.3,2,Delivered,Google Pay,Tablet,Email,Returning,6,4,14,5.0
Books,387.02,3,Delivered,Apple Pay,Mobile,Organic,New,6,4,14,7.0
Electronics,81.74,3,Shipped,Apple Pay,Desktop,Paid Search,Returning,6,4,14,6.0
Electronics,125.83,3,Delivered,Google Pay,Desktop,Paid Search,VIP,6,4,14,1.0
Clothing,164.12,1,Delivered,Debit Card,Desktop,Email,Returning,6,4,14,6.0
Books,347.57,3,Shipped,PayPal,Mobile,Email,VIP,6,4,14,3.0
Home,9.2,1,Delivered,Debit Card,Mobile,Organic,VIP,6,4,14,5.0
Clothing,472.2,2,Shipped,Apple Pay,Desktop,Paid Search,VIP,6,4,14,4.0
Toys,128.75,1,Delivered,Apple Pay,Desktop,Paid Search,VIP,6,4,14,6.0
Beauty,369.27,1,Delivered,Apple Pay,Tablet,Email,VIP,6,4,14,3.0
Home,131.55,2,Delivered,Credit Card,Mobile,Paid Search,VIP,6,4,14,6.0
Home,157.48,2,Delivered,PayPal,Mobile,Paid Search,VIP,6,4,14,2.0
Home,24.2,1,Delivered,Google Pay,Desktop,Paid Search,VIP,6,4,14,6.0
Books,419.8,1,Delivered,Google Pay,Mobile,Organic,VIP,6,4,14,4.0
Home,405.74,1,Shipped,Apple Pay,Tablet,Social,New,6,4,14,5.0
Toys,373.67,1,Returned,Credit Card,Desktop,Organic,Returning,6,4,14,7.0
Toys,431.26,4,Shipped,Apple Pay,Desktop,Organic,VIP,6,4,14,4.0
Home,170.49,2,Delivered,Apple Pay,Tablet,Email,VIP,6,4,14,5.0
Electronics,127.91,3,Shipped,Apple Pay,Tablet,Organic,VIP,6,4,14,3.0
Electronics,432.41,4,Delivered,PayPal,Tablet,Paid Search,VIP,6,4,14,7.0
Clothing,381.64,1,Delivered,PayPal,Mobile,Organic,New,6,4,14,4.0
Toys,147.97,2,Delivered,PayPal,Mobile,Organic,Returning,6,5,14,1.0
Books,301.56,1,Delivered,Google Pay,Tablet,Paid Search,VIP,6,5,14,3.0
Toys,176.97,1,Shipped,Google Pay,Tablet,Paid Search,VIP,6,5,14,7.0
Clothing,442.48,1,Delivered,Credit Card,Tablet,Email,VIP,6,5,14,7.0
Home,474.99,2,Delivered,Debit Card,Tablet,Social,VIP,6,5,14,7.0
Home,362.83,2,Delivered,Debit Card,Desktop,Organic,VIP,6,5,14,7.0
Books,214.24,4,Delivered,Apple Pay,Mobile,Social,VIP,6,5,14,6.0
Beauty,41.1,1,Delivered,Google Pay,Mobile,Email,VIP,6,5,14,2.0
Clothing,24.96,3,Delivered,Google Pay,Desktop,Social,VIP,6,5,14,1.0
Toys,286.68,1,Delivered,Debit Card,Tablet,Social,Returning,6,5,14,1.0
Clothing,193.48,3,Delivered,Apple Pay,Desktop,Paid Search,Returning,6,5,14,1.0
Toys,366.07,3,Delivered,PayPal,Tablet,Paid Search,VIP,6,5,14,6.0
Beauty,443.08,1,Pending,Google Pay,Desktop,Organic,New,6,5,14,4.0
Beauty,205.85,3,Delivered,PayPal,Mobile,Paid Search,VIP,6,5,14,3.0
Clothing,65.33,3,Shipped,Google Pay,Mobile,Email,Returning,6,5,14,3.0
Toys,51.92,2,Shipped,Credit Card,Desktop,Social,Returning,6,5,14,5.0
Electronics,457.97,3,Pending,Credit Card,Mobile,Paid Search,VIP,6,5,14,3.0
Toys,219.91,1,Returned,Apple Pay,Desktop,Social,Returning,6,5,14,4.0
Clothing,236.74,1,Delivered,Google Pay,Mobile,Organic,VIP,6,5,14,1.0
Electronics,252.15,3,Delivered,Credit Card,Mobile,Paid Search,Returning,6,5,14,1.0
Electronics,23.97,3,Delivered,Apple Pay,Tablet,Paid Search,New,6,5,14,1.0
Electronics,183.98,3,Delivered,PayPal,Mobile,Email,Returning,6,5,14,5.0
Electronics,160.98,1,Pending,Apple Pay,Mobile,Organic,VIP,6,5,14,6.0
Beauty,488.64,1,Delivered,Debit Card,Tablet,Social,VIP,6,6,14,1.0
Home,318.95,1,Delivered,Debit Card,Desktop,Paid Search,Returning,6,6,14,3.0
Electronics,324.57,3,Shipped,Google Pay,Desktop,Paid Search,Returning,6,6,14,2.0
Toys,320.62,3,Shipped,Credit Card,Mobile,Email,VIP,6,6,14,7.0
Clothing,343.47,1,Delivered,Google Pay,Mobile,Organic,Returning,6,6,14,7.0
Electronics,249.54,2,Shipped,Credit Card,Desktop,Social,Returning,6,6,14,3.0
Electronics,350.13,4,Delivered,Apple Pay,Mobile,Email,VIP,6,6,14,1.0
Electronics,473.65,1,Pending,Debit Card,Tablet,Social,VIP,6,6,14,2.0
Electronics,306.09,2,Delivered,Credit Card,Mobile,Social,VIP,6,6,14,5.0
Clothing,89.7,2,Shipped,PayPal,Tablet,Organic,Returning,6,6,14,3.0
Beauty,139.91,1,Delivered,Google Pay,Mobile,Email,VIP,6,6,14,2.0
Home,153.93,5,Delivered,Google Pay,Mobile,Social,VIP,6,6,14,3.0
Home,456.55,1,Shipped,Apple Pay,Desktop,Paid Search,Returning,6,6,14,4.0
Clothing,27.24,3,Shipped,Debit Card,Tablet,Social,VIP,6,6,14,1.0
Home,20.77,1,Delivered,Credit Card,Desktop,Paid Search,VIP,6,6,14,6.0
Toys,356.8,5,Shipped,PayPal,Tablet,Paid Search,VIP,6,6,14,1.0
Home,404.86,4,Delivered,Apple Pay,Mobile,Social,VIP,6,6,14,1.0
Electronics,81.07,2,Delivered,Credit Card,Mobile,Organic,VIP,6,6,14,5.0
Books,134.65,1,Delivered,Debit Card,Desktop,Social,Returning,6,6,14,1.0
Books,286.56,1,Delivered,Credit Card,Mobile,Social,VIP,6,6,14,7.0
Beauty,288.62,3,Shipped,Google Pay,Tablet,Email,Returning,6,6,14,5.0
Beauty,40.97,1,Shipped,Apple Pay,Mobile,Social,VIP,6,0,14,7.0
Electronics,492.09,2,Delivered,Apple Pay,Desktop,Social,VIP,6,0,14,6.0
Clothing,215.62,1,Delivered,Google Pay,Mobile,Social,VIP,6,0,14,2.0
Toys,82.69,4,Delivered,Apple Pay,Mobile,Paid Search,VIP,6,0,14,1.0
Clothing,424.34,4,Pending,Apple Pay,Desktop,Paid Search,VIP,6,0,14,7.0
Books,116.59,2,Shipped,Google Pay,Mobile,Paid Search,Returning,6,0,14,6.0
Home,306.28,2,Delivered,Apple Pay,Mobile,Email,VIP,6,0,14,3.0
Toys,331.39,3,Pending,Debit Card,Desktop,Social,Returning,6,0,14,1.0
Books,401.91,1,Delivered,Apple Pay,Mobile,Paid Search,Returning,6,0,14,7.0
Home,473.84,2,Delivered,Google Pay,Mobile,Paid Search,Returning,6,0,14,7.0
Home,224.36,1,Delivered,Debit Card,Desktop,Social,Returning,6,0,14,5.0
Home,389.04,4,Returned,Credit Card,Tablet,Social,VIP,6,0,14,7.0
Clothing,275.07,2,Delivered,Debit Card,Desktop,Organic,Returning,6,0,14,3.0
Beauty,27.4,2,Delivered,Google Pay,Desktop,Social,Returning,6,0,14,2.0
Toys,417.2,1,Delivered,Apple Pay,Desktop,Email,New,6,0,14,5.0
Books,170.37,2,Delivered,Apple Pay,Desktop,Email,New,6,0,14,3.0
Beauty,326.57,1,Delivered,Google Pay,Desktop,Social,Returning,6,0,14,6.0
Books,470.67,5,Delivered,Debit Card,Desktop,Paid Search,New,6,0,14,7.0
Home,350.07,3,Delivered,Credit Card,Tablet,Email,New,6,0,14,2.0
Home,290.21,5,Pending,PayPal,Desktop,Paid Search,Returning,6,0,14,6.0
Electronics,27.98,3,Pending,Google Pay,Mobile,Social,VIP,6,1,14,1.0
Clothing,424.43,2,Shipped,Google Pay,Tablet,Email,Returning,6,1,14,6.0
Toys,259.77,4,Delivered,Google Pay,Mobile,Paid Search,VIP,6,1,14,2.0
Toys,54.91,2,Delivered,Debit Card,Mobile,Paid Search,Returning,6,1,14,5.0
Toys,380.11,1,Delivered,Apple Pay,Desktop,Social,Returning,6,1,14,7.0
Home,119.02,1,Delivered,PayPal,Mobile,Email,VIP,6,1,14,2.0
Books,346.31,2,Delivered,Google Pay,Tablet,Social,New,6,1,14,6.0
Beauty,205.13,1,Delivered,Google Pay,Desktop,Paid Search,Returning,6,1,14,1.0
Clothing,164.54,3,Delivered,Credit Card,Tablet,Email,Returning,6,1,14,1.0
Beauty,248.16,2,Shipped,Credit Card,Desktop,Social,VIP,6,1,14,7.0
Home,468.29,3,Shipped,Google Pay,Mobile,Social,VIP,6,1,14,2.0
Toys,117.21,4,Shipped,Google Pay,Tablet,Email,Returning,6,1,14,4.0
Electronics,304.7,2,Delivered,Google Pay,Tablet,Paid Search,VIP,6,1,14,7.0
Books,207.83,4,Shipped,Credit Card,Tablet,Email,VIP,6,1,14,7.0
Home,359.17,3,Shipped,Credit Card,Desktop,Social,Returning,6,1,14,6.0
Home,163.97,1,Delivered,Apple Pay,Mobile,Paid Search,Returning,6,1,14,6.0
Books,295.66,1,Delivered,Apple Pay,Tablet,Paid Search,Returning,6,1,14,3.0
Books,43.47,2,Shipped,Google Pay,Mobile,Social,Returning,6,1,14,6.0
Books,131.1,3,Delivered,Apple Pay,Mobile,Organic,VIP,6,1,14,5.0
Clothing,54.48,1,Delivered,Google Pay,Mobile,Social,Returning,6,1,14,4.0
Clothing,380.92,1,Delivered,Google Pay,Mobile,Social,VIP,6,1,14,1.0
Books,66.81,4,Returned,Apple Pay,Desktop,Paid Search,Returning,6,1,14,6.0
Clothing,173.41,3,Delivered,Google Pay,Desktop,Social,VIP,6,1,14,2.0
Books,6.56,2,Delivered,Credit Card,Tablet,Social,VIP,6,1,14,5.0
Toys,326.15,1,Delivered,PayPal,Mobile,Organic,New,6,1,14,5.0
Home,223.7,2,Shipped,Debit Card,Tablet,Email,VIP,6,1,14,4.0
Toys,153.14,2,Delivered,Debit Card,Mobile,Paid Search,New,6,1,14,4.0
Beauty,373.62,2,Returned,Debit Card,Tablet,Paid Search,VIP,6,2,14,3.0
Clothing,118.97,1,Delivered,Debit Card,Mobile,Organic,Returning,6,2,14,5.0
Toys,95.12,1,Delivered,Credit Card,Mobile,Organic,Returning,6,2,14,4.0
Books,420.21,4,Delivered,PayPal,Tablet,Social,VIP,6,2,14,5.0
Electronics,495.7,4,Delivered,Apple Pay,Mobile,Organic,VIP,6,2,14,6.0
Home,472.35,1,Delivered,PayPal,Desktop,Organic,VIP,6,2,14,5.0
Electronics,397.99,6,Shipped,Apple Pay,Tablet,Paid Search,Returning,6,2,14,5.0
Home,239.89,1,Delivered,Google Pay,Tablet,Email,VIP,6,2,14,2.0
Toys,473.36,2,Delivered,Debit Card,Tablet,Paid Search,Returning,6,2,14,2.0
Electronics,285.08,1,Shipped,Google Pay,Tablet,Social,VIP,6,2,14,5.0
Home,294.81,2,Shipped,Credit Card,Desktop,Organic,VIP,6,2,14,3.0
Toys,97.69,2,Delivered,Apple Pay,Desktop,Paid Search,VIP,6,2,14,3.0
Home,366.17,1,Returned,Google Pay,Mobile,Organic,VIP,6,2,14,3.0
Home,397.71,1,Delivered,Google Pay,Tablet,Email,Returning,6,2,14,7.0
Electronics,343.37,4,Delivered,Apple Pay,Desktop,Organic,New,6,2,14,7.0
Toys,268.75,3,Delivered,Debit Card,Tablet,Paid Search,Returning,6,2,14,1.0
Toys,103.78,1,Delivered,Credit Card,Tablet,Organic,Returning,6,2,14,7.0
Clothing,164.05,1,Shipped,PayPal,Mobile,Organic,Returning,6,2,14,2.0
Electronics,442.18,2,Delivered,Apple Pay,Tablet,Social,Returning,6,2,14,2.0
Home,57.74,2,Delivered,Credit Card,Tablet,Paid Search,VIP,6,2,14,5.0
Clothing,496.0,1,Pending,PayPal,Desktop,Social,VIP,6,2,14,3.0
Toys,374.09,1,Pending,Google Pay,Tablet,Paid Search,Returning,6,2,14,7.0
Toys,366.14,5,Shipped,Google Pay,Desktop,Paid Search,Returning,6,2,14,7.0
Home,368.36,3,Delivered,Debit Card,Desktop,Email,VIP,6,2,14,4.0
Beauty,393.65,2,Shipped,Credit Card,Desktop,Paid Search,VIP,6,2,14,1.0
Clothing,428.05,1,Delivered,Apple Pay,Desktop,Email,Returning,6,3,14,4.0
Beauty,22.28,1,Delivered,Apple Pay,Desktop,Organic,Returning,6,3,14,1.0
Books,328.39,2,Returned,Google Pay,Mobile,Email,VIP,6,3,14,6.0
Electronics,312.52,4,Delivered,Google Pay,Tablet,Email,VIP,6,3,14,1.0
Electronics,47.49,1,Delivered,PayPal,Desktop,Organic,Returning,6,3,14,7.0
Toys,441.13,1,Delivered,Debit Card,Tablet,Social,VIP,6,3,14,3.0
Clothing,43.71,1,Delivered,Credit Card,Mobile,Social,VIP,6,3,14,1.0
Home,425.4,4,Delivered,Debit Card,Tablet,Paid Search,Returning,6,3,14,5.0
Beauty,401.84,2,Shipped,Credit Card,Desktop,Organic,VIP,6,3,14,4.0
Electronics,473.14,1,Delivered,Credit Card,Tablet,Social,Returning,6,3,14,1.0
Electronics,298.12,1,Delivered,Credit Card,Desktop,Organic,VIP,6,3,14,5.0
Electronics,84.25,2,Returned,Google Pay,Mobile,Organic,VIP,6,3,14,4.0
Electronics,275.89,1,Delivered,PayPal,Desktop,Paid Search,Returning,6,3,14,5.0
Books,374.64,1,Shipped,Apple Pay,Desktop,Organic,VIP,6,3,14,3.0
Books,311.27,1,Pending,Credit Card,Mobile,Paid Search,Returning,6,3,14,7.0
Books,52.29,3,Delivered,PayPal,Tablet,Social,Returning,6,3,14,7.0
Beauty,93.17,2,Delivered,Google Pay,Desktop,Paid Search,VIP,6,3,14,5.0
Home,218.46,2,Delivered,Apple Pay,Mobile,Organic,New,6,3,14,4.0
Toys,261.56,3,Shipped,Google Pay,Desktop,Paid Search,New,6,3,14,5.0
Toys,116.71,2,Delivered,Google Pay,Desktop,Email,VIP,6,3,14,6.0
Clothing,126.99,1,Shipped,Debit Card,Desktop,Organic,Returning,6,3,14,1.0
Toys,356.14,1,Shipped,PayPal,Mobile,Social,VIP,6,3,14,1.0
Clothing,486.72,1,Delivered,Credit Card,Desktop,Organic,VIP,6,3,14,3.0
Home,388.98,2,Shipped,Credit Card,Mobile,Paid Search,Returning,6,3,14,2.0
Home,311.2,2,Delivered,Google Pay,Mobile,Organic,VIP,6,4,14,2.0
Books,476.15,2,Delivered,Credit Card,Tablet,Social,Returning,6,4,14,2.0
Beauty,393.82,4,Shipped,Google Pay,Mobile,Email,New,6,4,14,2.0
Toys,465.3,1,Shipped,Apple Pay,Mobile,Organic,VIP,6,4,14,6.0
Beauty,121.91,1,Delivered,Credit Card,Desktop,Email,Returning,6,4,14,3.0
Clothing,168.12,3,Delivered,Credit Card,Desktop,Organic,Returning,6,4,14,2.0
Books,440.83,1,Delivered,Credit Card,Tablet,Email,New,6,4,14,3.0
Beauty,329.65,1,Delivered,Apple Pay,Mobile,Email,VIP,6,4,14,6.0
Books,261.85,2,Delivered,Debit Card,Tablet,Email,VIP,6,4,14,5.0
Books,153.4,5,Delivered,Google Pay,Mobile,Email,Returning,6,4,14,2.0
Beauty,16.14,2,Returned,Google Pay,Tablet,Organic,New,6,4,14,5.0
Books,379.27,4,Pending,PayPal,Mobile,Social,VIP,6,4,14,5.0
Electronics,399.78,1,Delivered,PayPal,Desktop,Paid Search,VIP,6,4,14,6.0
Beauty,172.86,2,Shipped,Apple Pay,Desktop,Social,Returning,6,4,14,1.0
Home,23.22,5,Delivered,Google Pay,Desktop,Email,VIP,6,4,14,7.0
Clothing,478.1,1,Delivered,Google Pay,Mobile,Paid Search,VIP,6,4,14,5.0
Electronics,321.9,1,Delivered,Credit Card,Tablet,Social,Returning,6,4,14,4.0
Books,457.97,1,Delivered,Credit Card,Mobile,Organic,Returning,6,4,14,4.0
Clothing,196.03,2,Delivered,PayPal,Tablet,Social,VIP,6,4,14,4.0
Electronics,16.52,2,Delivered,Apple Pay,Desktop,Organic,VIP,6,4,14,4.0
Home,272.56,3,Delivered,PayPal,Desktop,Social,Returning,6,4,14,6.0
Beauty,171.61,2,Delivered,Credit Card,Tablet,Email,Returning,6,4,14,1.0
Toys,279.24,2,Delivered,Apple Pay,Tablet,Organic,VIP,6,4,14,7.0
Toys,396.06,1,Delivered,Google Pay,Tablet,Paid Search,VIP,6,4,14,7.0
Electronics,423.71,1,Delivered,Debit Card,Tablet,Organic,Returning,6,4,14,3.0
Books,228.05,4,Delivered,PayPal,Desktop,Social,VIP,6,4,14,1.0
Clothing,89.67,3,Pending,Credit Card,Tablet,Social,New,6,4,14,5.0
Home,60.14,2,Shipped,Google Pay,Mobile,Organic,VIP,6,5,14,5.0
Home,168.77,1,Delivered,Google Pay,Desktop,Email,Returning,6,5,14,5.0
Electronics,437.01,2,Delivered,Debit Card,Desktop,Social,VIP,6,5,14,5.0
Home,361.48,4,Shipped,Google Pay,Desktop,Social,VIP,6,5,14,1.0
Home,477.01,1,Shipped,PayPal,Desktop,Social,Returning,6,5,14,4.0
Electronics,118.3,3,Delivered,Debit Card,Tablet,Email,Returning,6,5,14,4.0
Beauty,6.39,3,Delivered,Debit Card,Desktop,Email,Returning,6,5,14,5.0
Home,260.62,4,Shipped,Debit Card,Desktop,Paid Search,Returning,6,5,14,7.0
Electronics,219.79,5,Delivered,Credit Card,Mobile,Organic,VIP,6,5,14,2.0
Books,294.44,2,Shipped,Apple Pay,Mobile,Paid Search,VIP,6,5,14,1.0
Electronics,98.76,1,Delivered,Debit Card,Tablet,Social,Returning,6,5,14,2.0
Home,469.77,1,Delivered,PayPal,Desktop,Paid Search,VIP,6,5,14,4.0
Home,253.0,3,Delivered,PayPal,Desktop,Social,VIP,6,5,14,4.0
Electronics,100.02,1,Delivered,Apple Pay,Tablet,Paid Search,Returning,6,5,14,5.0
Beauty,498.15,1,Delivered,Debit Card,Mobile,Organic,VIP,6,5,14,7.0
Books,407.71,3,Delivered,Google Pay,Desktop,Social,VIP,6,5,14,4.0
Home,368.05,2,Delivered,Google Pay,Tablet,Social,VIP,6,5,14,6.0
Books,450.05,1,Delivered,Apple Pay,Desktop,Paid Search,Returning,6,5,14,3.0
Clothing,259.42,2,Delivered,Google Pay,Tablet,Email,VIP,6,5,14,2.0
Books,30.21,1,Delivered,Debit Card,Mobile,Email,Returning,6,5,14,3.0
Electronics,62.73,2,Delivered,Google Pay,Desktop,Email,Returning,6,5,14,4.0
Home,46.1,1,Delivered,Debit Card,Tablet,Organic,VIP,6,5,14,7.0
Books,234.68,3,Delivered,Google Pay,Tablet,Email,VIP,6,5,14,3.0
Home,331.11,2,Delivered,Apple Pay,Desktop,Organic,Returning,6,5,14,3.0
Beauty,108.2,2,Delivered,Credit Card,Desktop,Paid Search,Returning,6,6,14,4.0
Electronics,313.3,1,Delivered,Google Pay,Desktop,Paid Search,VIP,6,6,14,6.0
Beauty,207.72,2,Pending,Google Pay,Desktop,Social,VIP,6,6,14,7.0
Clothing,451.5,3,Delivered,Apple Pay,Tablet,Paid Search,VIP,6,6,14,5.0
Clothing,296.7,2,Delivered,Apple Pay,Mobile,Organic,Returning,6,6,14,4.0
Toys,459.49,1,Shipped,PayPal,Tablet,Email,Returning,6,6,14,3.0
Toys,333.01,1,Delivered,PayPal,Desktop,Social,Returning,6,6,14,4.0
Toys,178.98,2,Delivered,Debit Card,Tablet,Email,VIP,6,6,14,4.0
Toys,77.51,1,Delivered,Credit Card,Mobile,Paid Search,New,6,6,14,3.0
Home,207.93,4,Shipped,Debit Card,Desktop,Email,VIP,6,6,14,2.0
Toys,320.84,1,Shipped,Debit Card,Mobile,Paid Search,VIP,6,6,14,5.0
Clothing,80.46,4,Delivered,Credit Card,Desktop,Email,VIP,6,6,14,4.0
Electronics,373.12,2,Delivered,Google Pay,Mobile,Organic,VIP,6,6,14,3.0
Books,353.81,4,Shipped,Debit Card,Tablet,Paid Search,VIP,6,6,14,5.0
Beauty,170.53,3,Delivered,Credit Card,Tablet,Organic,Returning,6,6,14,2.0
Beauty,228.0,2,Delivered,Debit Card,Mobile,Email,New,6,6,14,7.0
Clothing,326.89,2,Returned,Credit Card,Mobile,Organic,VIP,6,6,14,6.0
Home,431.37,5,Delivered,Google Pay,Mobile,Paid Search,New,6,6,14,3.0
Toys,161.32,3,Delivered,PayPal,Tablet,Organic,Returning,6,6,14,3.0
Toys,189.8,1,Delivered,Debit Card,Tablet,Organic,VIP,6,6,14,4.0
Toys,423.86,2,Shipped,Debit Card,Desktop,Organic,Returning,6,6,14,1.0
Clothing,176.23,2,Delivered,Apple Pay,Tablet,Paid Search,Returning,6,6,14,1.0
Toys,468.32,2,Shipped,Apple Pay,Desktop,Social,VIP,6,6,14,1.0
Clothing,210.2,1,Delivered,Apple Pay,Desktop,Organic,VIP,6,6,14,4.0
Clothing,379.02,1,Delivered,Debit Card,Desktop,Social,Returning,6,6,14,6.0
Beauty,191.22,2,Delivered,Google Pay,Tablet,Organic,Returning,6,6,14,4.0
Toys,437.64,2,Delivered,PayPal,Desktop,Social,Returning,6,0,14,5.0
Books,408.37,1,Delivered,PayPal,Tablet,Email,VIP,6,0,14,4.0
Toys,483.37,3,Delivered,Credit Card,Mobile,Email,VIP,6,0,14,1.0
Toys,476.18,2,Delivered,Google Pay,Mobile,Organic,VIP,6,0,14,6.0
Clothing,127.75,1,Delivered,Apple Pay,Mobile,Paid Search,Returning,6,0,14,7.0
Clothing,292.83,2,Shipped,Google Pay,Mobile,Paid Search,Returning,6,0,14,1.0
Home,274.73,3,Delivered,PayPal,Tablet,Organic,VIP,6,0,14,6.0
Beauty,33.93,1,Delivered,Credit Card,Tablet,Paid Search,VIP,6,0,14,1.0
Electronics,457.58,1,Delivered,Apple Pay,Mobile,Email,VIP,6,0,14,1.0
Beauty,310.44,1,Delivered,Debit Card,Mobile,Paid Search,Returning,6,0,14,6.0
Beauty,233.37,1,Shipped,Google Pay,Desktop,Paid Search,VIP,6,0,14,1.0
Home,131.44,1,Shipped,Google Pay,Mobile,Organic,Returning,6,0,14,6.0
Electronics,154.53,1,Shipped,Debit Card,Tablet,Social,VIP,6,0,14,2.0
Electronics,13.81,3,Delivered,Apple Pay,Desktop,Paid Search,Returning,6,0,14,7.0
Beauty,199.46,1,Pending,PayPal,Mobile,Organic,VIP,6,0,14,2.0
Toys,86.84,2,Pending,Google Pay,Desktop,Paid Search,VIP,6,0,14,7.0
Toys,190.44,1,Pending,PayPal,Mobile,Paid Search,VIP,6,0,14,1.0
Toys,178.25,3,Delivered,Debit Card,Desktop,Social,VIP,6,0,14,4.0
Clothing,451.03,1,Delivered,Google Pay,Desktop,Paid Search,VIP,6,0,14,4.0
Electronics,401.28,1,Delivered,PayPal,Tablet,Organic,VIP,6,0,14,4.0
Home,357.29,1,Delivered,Credit Card,Mobile,Email,Returning,6,0,14,7.0
Home,299.03,3,Shipped,Credit Card,Tablet,Email,VIP,6,0,14,5.0
Books,152.29,1,Delivered,Google Pay,Mobile,Email,Returning,6,0,14,7.0
Beauty,206.26,1,Delivered,Google Pay,Tablet,Paid Search,Returning,6,0,14,4.0
Electronics,419.35,2,Shipped,Credit Card,Tablet,Email,VIP,6,0,14,3.0
Clothing,281.11,1,Delivered,Credit Card,Desktop,Paid Search,VIP,6,0,14,2.0
Toys,131.63,3,Shipped,Google Pay,Mobile,Social,VIP,6,0,14,6.0
Clothing,225.0,2,Shipped,Apple Pay,Mobile,Email,Returning,6,0,14,3.0
Toys,216.14,1,Delivered,Debit Card,Desktop,Paid Search,Returning,6,1,14,1.0
Clothing,371.71,5,Delivered,Debit Card,Tablet,Social,VIP,6,1,14,7.0
Beauty,472.96,1,Delivered,Debit Card,Desktop,Organic,Returning,6,1,14,1.0
Electronics,221.86,1,Delivered,Apple Pay,Tablet,Social,VIP,6,1,14,5.0
Electronics,265.48,1,Delivered,Credit Card,Mobile,Email,VIP,6,1,14,3.0
Electronics,414.31,2,Delivered,Google Pay,Tablet,Paid Search,VIP,6,1,14,5.0
Electronics,336.8,1,Returned,Google Pay,Desktop,Paid Search,VIP,6,1,14,4.0
Beauty,40.55,3,Delivered,PayPal,Mobile,Email,VIP,6,1,14,6.0
Books,258.9,1,Shipped,Credit Card,Tablet,Social,VIP,6,1,14,1.0
Toys,435.32,2,Delivered,Apple Pay,Mobile,Organic,Returning,6,1,14,3.0
Electronics,377.88,1,Delivered,Credit Card,Mobile,Email,VIP,6,1,14,6.0
Toys,74.23,3,Delivered,PayPal,Tablet,Email,Returning,6,1,14,6.0
Clothing,116.13,4,Pending,Credit Card,Tablet,Paid Search,Returning,6,1,14,3.0
Clothing,452.46,3,Delivered,Debit Card,Tablet,Social,VIP,6,1,14,7.0
Clothing,317.85,2,Returned,Google Pay,Mobile,Social,VIP,6,1,14,5.0
Toys,481.75,2,Delivered,Debit Card,Tablet,Paid Search,VIP,6,1,14,4.0
Electronics,164.31,1,Delivered,Debit Card,Desktop,Organic,VIP,6,1,14,2.0
Home,47.11,3,Pending,Apple Pay,Desktop,Email,VIP,6,1,14,1.0
Toys,129.92,3,Delivered,Google Pay,Desktop,Email,Returning,6,1,14,3.0
Electronics,335.12,2,Delivered,Credit Card,Desktop,Social,VIP,6,1,14,6.0
Home,265.99,5,Delivered,Credit Card,Tablet,Social,Returning,6,1,14,5.0
Electronics,134.58,3,Returned,Debit Card,Mobile,Paid Search,VIP,6,1,14,1.0
Electronics,271.24,2,Delivered,Google Pay,Mobile,Organic,Returning,6,1,14,2.0
Clothing,230.37,2,Delivered,Debit Card,Tablet,Organic,Returning,6,1,14,6.0
Home,253.98,1,Delivered,Debit Card,Mobile,Social,VIP,6,1,14,3.0
Beauty,17.75,3,Delivered,Debit Card,Mobile,Organic,VIP,6,1,14,3.0
Clothing,65.25,2,Delivered,PayPal,Desktop,Email,Returning,6,1,14,4.0
Home,74.56,2,Delivered,PayPal,Mobile,Organic,VIP,6,1,14,7.0
Beauty,187.54,1,Delivered,PayPal,Mobile,Paid Search,VIP,6,1,14,2.0
Toys,117.26,1,Shipped,Debit Card,Desktop,Paid Search,Returning,6,1,14,2.0
Electronics,209.83,2,Delivered,Google Pay,Mobile,Social,VIP,6,1,14,4.0
Home,202.69,3,Delivered,Apple Pay,Mobile,Social,New,6,1,14,7.0
Home,45.85,2,Delivered,Debit Card,Desktop,Social,VIP,6,1,14,2.0
Home,196.55,2,Shipped,PayPal,Desktop,Organic,New,6,1,14,5.0
Toys,371.5,1,Shipped,Apple Pay,Mobile,Organic,VIP,6,1,14,4.0
Electronics,122.51,1,Delivered,Google Pay,Desktop,Paid Search,Returning,6,1,14,1.0
Toys,431.6,1,Delivered,Debit Card,Desktop,Paid Search,VIP,6,1,14,4.0
Clothing,170.0,1,Shipped,Google Pay,Tablet,Organic,New,6,1,14,1.0
Clothing,378.89,1,Delivered,Apple Pay,Desktop,Organic,VIP,6,2,14,5.0
Books,368.21,1,Delivered,Google Pay,Mobile,Email,VIP,6,2,14,3.0
Books,391.76,3,Delivered,Credit Card,Mobile,Email,Returning,6,2,14,3.0
Home,313.61,3,Delivered,PayPal,Tablet,Paid Search,Returning,6,2,14,3.0
Clothing,193.14,1,Delivered,Credit Card,Mobile,Organic,VIP,6,2,14,3.0
Clothing,122.33,4,Delivered,Credit Card,Tablet,Email,VIP,6,2,14,1.0
Clothing,493.43,5,Shipped,Credit Card,Mobile,Organic,VIP,6,2,14,4.0
Books,448.94,4,Shipped,Debit Card,Desktop,Social,Returning,6,2,14,7.0
Toys,138.1,2,Delivered,Apple Pay,Tablet,Email,VIP,6,2,14,2.0
Electronics,322.12,3,Shipped,Credit Card,Tablet,Paid Search,VIP,6,2,14,5.0
Toys,423.73,4,Shipped,PayPal,Desktop,Organic,Returning,6,2,14,7.0
Clothing,177.72,2,Delivered,Credit Card,Desktop,Email,VIP,6,2,14,4.0
Books,438.98,3,Returned,Google Pay,Tablet,Organic,Returning,6,2,14,7.0
Toys,57.34,3,Delivered,PayPal,Desktop,Email,Returning,6,2,14,4.0
Beauty,315.2,1,Returned,Credit Card,Mobile,Organic,Returning,6,2,14,7.0
Clothing,294.08,1,Shipped,Google Pay,Tablet,Paid Search,VIP,6,2,14,1.0
Books,37.99,3,Delivered,Credit Card,Mobile,Email,VIP,6,2,14,5.0
Toys,102.91,1,Shipped,Apple Pay,Tablet,Email,VIP,6,2,14,5.0
Books,116.42,1,Returned,Debit Card,Tablet,Paid Search,VIP,6,2,14,5.0
Books,14.09,3,Delivered,Debit Card,Mobile,Organic,VIP,6,2,14,7.0
Toys,319.62,1,Delivered,Apple Pay,Desktop,Paid Search,New,6,2,14,5.0
Beauty,347.25,3,Shipped,Apple Pay,Mobile,Email,VIP,6,2,14,5.0
Electronics,276.49,1,Delivered,PayPal,Tablet,Email,Returning,6,2,14,1.0
Clothing,23.23,3,Delivered,PayPal,Tablet,Email,Returning,6,2,14,3.0
Home,496.0,2,Delivered,PayPal,Tablet,Organic,Returning,6,2,14,4.0
Clothing,169.41,1,Delivered,Credit Card,Desktop,Organic,VIP,6,2,14,4.0
Clothing,436.47,2,Returned,Google Pay,Tablet,Social,VIP,6,2,14,2.0
Clothing,456.04,1,Delivered,PayPal,Mobile,Organic,VIP,6,2,14,4.0
Electronics,51.75,2,Delivered,Debit Card,Desktop,Paid Search,VIP,6,2,14,7.0
Home,483.04,1,Delivered,Google Pay,Mobile,Email,Returning,6,2,14,6.0
Toys,250.31,2,Pending,Google Pay,Mobile,Social,VIP,6,2,14,5.0
Electronics,225.83,2,Delivered,Credit Card,Mobile,Social,New,6,2,14,6.0
Electronics,417.14,3,Delivered,Apple Pay,Tablet,Email,Returning,6,3,14,7.0
Home,356.4,2,Delivered,Debit Card,Desktop,Paid Search,Returning,6,3,14,2.0
Electronics,297.03,3,Delivered,Google Pay,Desktop,Social,Returning,6,3,14,4.0
Electronics,296.06,1,Delivered,PayPal,Desktop,Organic,Returning,6,3,14,5.0
Books,46.42,3,Returned,Credit Card,Desktop,Social,Returning,6,3,14,4.0
Electronics,66.4,1,Delivered,Credit Card,Desktop,Email,VIP,6,3,14,5.0
Toys,13.02,2,Returned,Google Pay,Desktop,Email,New,6,3,14,7.0
Books,243.27,2,Delivered,Google Pay,Tablet,Organic,VIP,6,3,14,6.0
Clothing,255.85,1,Delivered,Google Pay,Tablet,Organic,VIP,6,3,14,7.0
Toys,82.13,2,Delivered,Credit Card,Tablet,Email,Returning,6,3,14,7.0
Books,432.11,3,Delivered,Credit Card,Desktop,Social,VIP,6,3,14,1.0
Beauty,204.84,2,Delivered,PayPal,Tablet,Email,VIP,6,3,14,4.0
Toys,437.77,2,Shipped,Debit Card,Mobile,Paid Search,Returning,6,3,14,2.0
Electronics,391.06,6,Shipped,Google Pay,Desktop,Email,New,6,3,14,1.0
Clothing,335.4,1,Shipped,Debit Card,Tablet,Organic,VIP,6,3,14,6.0
Beauty,286.62,3,Delivered,Debit Card,Tablet,Organic,VIP,6,3,14,6.0
Electronics,487.3,1,Delivered,PayPal,Mobile,Email,VIP,6,3,14,3.0
Electronics,129.49,2,Delivered,Apple Pay,Mobile,Paid Search,VIP,6,3,14,3.0
Clothing,229.6,1,Delivered,PayPal,Desktop,Social,VIP,6,3,14,2.0
Toys,446.64,3,Delivered,PayPal,Mobile,Email,VIP,6,3,14,6.0
Home,356.83,4,Delivered,PayPal,Desktop,Paid Search,Returning,6,3,14,5.0
Books,381.23,1,Delivered,Google Pay,Tablet,Organic,Returning,6,3,14,5.0
Home,14.25,2,Delivered,Credit Card,Mobile,Paid Search,Returning,6,3,14,2.0
Beauty,327.83,2,Shipped,PayPal,Desktop,Email,VIP,6,3,14,7.0
Electronics,282.81,3,Delivered,PayPal,Desktop,Paid Search,VIP,6,3,14,1.0
Home,212.58,1,Delivered,Google Pay,Tablet,Organic,VIP,6,3,14,3.0
Books,166.47,1,Delivered,Debit Card,Mobile,Paid Search,Returning,6,3,14,7.0
Clothing,237.27,2,Returned,Debit Card,Desktop,Organic,Returning,6,3,14,2.0
Clothing,175.93,3,Delivered,Debit Card,Desktop,Organic,VIP,6,3,14,7.0
Toys,494.71,1,Delivered,PayPal,Mobile,Email,Returning,6,3,14,3.0
Toys,36.86,1,Shipped,Credit Card,Tablet,Paid Search,Returning,6,3,14,2.0
Toys,76.06,2,Delivered,Credit Card,Desktop,Paid Search,VIP,6,3,14,3.0
Books,344.52,2,Shipped,Credit Card,Tablet,Organic,VIP,6,3,14,3.0
Toys,87.6,1,Delivered,Debit Card,Desktop,Organic,VIP,6,3,14,6.0
Clothing,376.24,1,Shipped,Google Pay,Tablet,Paid Search,VIP,6,3,14,7.0
Books,171.97,1,Shipped,Credit Card,Tablet,Organic,Returning,6,3,14,2.0
Clothing,72.17,8,Shipped,Debit Card,Desktop,Organic,Returning,6,3,14,4.0
Books,321.03,3,Delivered,PayPal,Desktop,Email,VIP,6,3,14,6.0
Clothing,368.09,1,Shipped,Credit Card,Tablet,Paid Search,Returning,6,3,14,6.0
Beauty,37.53,3,Delivered,Apple Pay,Mobile,Social,Returning,6,3,14,5.0
Home,315.73,1,Shipped,PayPal,Mobile,Paid Search,Returning,6,3,14,1.0
Toys,140.93,3,Shipped,PayPal,Desktop,Organic,Returning,6,3,14,6.0
Toys,344.53,1,Shipped,Apple Pay,Desktop,Organic,Returning,6,3,14,1.0
Electronics,401.65,1,Returned,Debit Card,Tablet,Organic,New,6,4,14,6.0
Books,221.7,1,Delivered,Google Pay,Mobile,Email,New,6,4,14,3.0
Electronics,135.93,1,Shipped,Google Pay,Mobile,Social,VIP,6,4,14,5.0
Clothing,40.45,2,Pending,Apple Pay,Mobile,Paid Search,VIP,6,4,14,1.0
Beauty,86.53,3,Delivered,Apple Pay,Tablet,Email,Returning,6,4,14,5.0
Home,252.11,2,Shipped,Apple Pay,Desktop,Email,Returning,6,4,14,1.0
Home,480.22,1,Shipped,Credit Card,Tablet,Organic,Returning,6,4,14,2.0
Beauty,213.42,2,Shipped,PayPal,Tablet,Email,Returning,6,4,14,1.0
Electronics,315.34,1,Delivered,Debit Card,Desktop,Organic,Returning,6,4,14,1.0
Electronics,132.66,1,Delivered,Credit Card,Tablet,Paid Search,Returning,6,4,14,5.0
Electronics,26.55,3,Pending,Debit Card,Mobile,Social,VIP,6,4,14,6.0
Clothing,148.69,2,Returned,Google Pay,Tablet,Organic,VIP,6,4,14,1.0
Books,450.09,2,Delivered,Apple Pay,Tablet,Organic,VIP,6,4,14,5.0
Books,245.24,2,Delivered,Credit Card,Tablet,Social,VIP,6,4,14,3.0
Home,241.35,4,Delivered,Debit Card,Desktop,Social,Returning,6,4,14,4.0
Books,434.89,1,Delivered,Google Pay,Desktop,Email,VIP,6,4,14,2.0
Books,494.58,1,Delivered,PayPal,Desktop,Email,VIP,6,4,14,3.0
Home,141.21,3,Delivered,Apple Pay,Tablet,Social,Returning,6,4,14,4.0
Books,269.76,4,Delivered,Credit Card,Mobile,Organic,VIP,6,4,14,3.0
Beauty,494.62,1,Delivered,Debit Card,Desktop,Email,VIP,6,4,14,6.0
Toys,185.43,2,Delivered,Apple Pay,Desktop,Email,Returning,6,4,14,6.0
Home,396.18,4,Shipped,Debit Card,Mobile,Organic,VIP,6,5,14,7.0
Electronics,290.65,2,Delivered,PayPal,Mobile,Social,Returning,6,5,14,7.0
Home,126.47,1,Delivered,PayPal,Desktop,Social,Returning,6,5,14,4.0
Home,297.48,2,Delivered,Google Pay,Mobile,Email,VIP,6,5,14,7.0
Beauty,208.37,1,Delivered,Debit Card,Desktop,Organic,VIP,6,5,14,2.0
Electronics,110.1,1,Shipped,Apple Pay,Tablet,Social,VIP,6,5,14,5.0
Books,441.2,3,Delivered,PayPal,Desktop,Paid Search,VIP,6,5,14,5.0
Books,173.02,2,Returned,PayPal,Tablet,Social,VIP,6,5,14,3.0
Books,86.93,1,Delivered,Google Pay,Desktop,Organic,VIP,6,5,14,3.0
Electronics,385.72,2,Delivered,Apple Pay,Desktop,Organic,VIP,6,5,14,7.0
Clothing,379.02,1,Delivered,Debit Card,Desktop,Email,Returning,6,5,14,6.0
Home,380.3,1,Delivered,Apple Pay,Mobile,Organic,VIP,6,5,14,2.0
Beauty,473.41,1,Delivered,Google Pay,Desktop,Social,VIP,6,5,14,2.0
Clothing,92.53,4,Delivered,Apple Pay,Desktop,Social,VIP,6,5,14,1.0
Beauty,469.52,1,Delivered,Credit Card,Tablet,Organic,Returning,6,5,14,7.0
Beauty,180.25,1,Delivered,Apple Pay,Mobile,Social,VIP,6,5,14,2.0
Clothing,219.51,2,Delivered,Google Pay,Desktop,Social,VIP,6,5,14,2.0
Electronics,372.7,3,Shipped,Debit Card,Mobile,Email,Returning,6,6,14,6.0
Beauty,49.67,2,Delivered,Apple Pay,Mobile,Email,VIP,6,6,14,6.0
Beauty,427.78,4,Shipped,Google Pay,Tablet,Social,VIP,6,6,14,2.0
Beauty,80.06,1,Shipped,PayPal,Desktop,Paid Search,VIP,6,6,14,5.0
Clothing,466.68,1,Pending,Credit Card,Mobile,Email,VIP,6,6,14,1.0
Beauty,69.68,1,Delivered,Google Pay,Desktop,Social,Returning,6,6,14,3.0
Books,202.44,1,Delivered,PayPal,Mobile,Organic,Returning,6,6,14,5.0
Electronics,336.73,2,Delivered,Debit Card,Mobile,Organic,VIP,6,6,14,7.0
Home,28.01,2,Delivered,PayPal,Mobile,Paid Search,VIP,6,6,14,5.0
Clothing,73.14,5,Shipped,Apple Pay,Mobile,Social,VIP,6,6,14,1.0
Electronics,359.85,1,Delivered,Credit Card,Tablet,Organic,VIP,6,6,14,1.0
Home,491.52,3,Delivered,PayPal,Tablet,Email,Returning,6,6,14,2.0
Beauty,182.98,1,Pending,PayPal,Mobile,Email,VIP,6,6,14,3.0
Books,260.58,1,Shipped,Google Pay,Tablet,Email,Returning,6,6,14,5.0
Toys,242.7,2,Delivered,Credit Card,Desktop,Email,VIP,6,6,14,4.0
Beauty,177.88,4,Delivered,Apple Pay,Desktop,Organic,VIP,6,6,14,4.0
Electronics,152.68,2,Delivered,PayPal,Desktop,Paid Search,VIP,6,6,14,7.0
Toys,136.68,1,Delivered,Apple Pay,Mobile,Organic,VIP,6,6,14,7.0
Toys,251.16,3,Delivered,Google Pay,Tablet,Paid Search,Returning,6,6,14,2.0
Beauty,314.23,4,Shipped,Debit Card,Tablet,Paid Search,Returning,6,6,14,4.0
Electronics,214.61,2,Delivered,PayPal,Desktop,Email,Returning,6,6,14,6.0
Books,254.71,1,Delivered,Debit Card,Tablet,Email,VIP,6,6,14,4.0
Books,356.7,1,Pending,Google Pay,Tablet,Paid Search,Returning,6,6,14,5.0
Home,302.83,2,Shipped,Debit Card,Mobile,Email,Returning,6,6,14,4.0
Toys,345.39,1,Delivered,Apple Pay,Desktop,Paid Search,Returning,6,6,14,4.0
Books,233.6,4,Delivered,Google Pay,Desktop,Social,VIP,6,6,14,1.0
Toys,149.37,2,Pending,Debit Card,Tablet,Paid Search,Returning,6,6,14,7.0
Clothing,334.88,2,Pending,Credit Card,Desktop,Social,Returning,6,0,14,2.0
Books,85.21,5,Delivered,PayPal,Mobile,Email,VIP,6,0,14,6.0
Toys,365.93,3,Delivered,Debit Card,Tablet,Paid Search,Returning,6,0,14,2.0
Home,360.47,1,Delivered,Debit Card,Desktop,Social,VIP,6,0,14,4.0
Electronics,395.73,2,Delivered,PayPal,Mobile,Paid Search,VIP,6,0,14,4.0
Home,315.88,1,Shipped,PayPal,Desktop,Social,VIP,6,0,14,2.0
Toys,419.34,2,Delivered,PayPal,Tablet,Paid Search,New,6,0,14,6.0
Electronics,122.09,3,Delivered,Credit Card,Desktop,Paid Search,Returning,6,0,14,3.0
Toys,113.98,2,Delivered,Debit Card,Tablet,Organic,Returning,6,0,14,3.0
Toys,23.88,2,Shipped,Credit Card,Tablet,Organic,Returning,6,0,14,6.0
Toys,74.41,1,Delivered,Credit Card,Mobile,Email,VIP,6,0,14,1.0
Books,127.7,1,Delivered,Apple Pay,Desktop,Organic,Returning,6,0,14,6.0
Electronics,161.3,2,Delivered,PayPal,Mobile,Organic,VIP,6,0,14,6.0
Toys,442.1,4,Delivered,Apple Pay,Desktop,Email,VIP,6,0,14,2.0
Electronics,163.12,3,Delivered,Google Pay,Desktop,Paid Search,VIP,6,0,14,7.0
Books,39.61,1,Delivered,Google Pay,Mobile,Social,VIP,6,0,14,2.0
Clothing,407.51,2,Delivered,Debit Card,Mobile,Social,Returning,6,0,14,3.0
Beauty,265.58,1,Returned,Google Pay,Desktop,Email,VIP,6,0,14,3.0
Books,96.0,3,Shipped,Credit Card,Mobile,Social,VIP,6,0,14,7.0
Home,292.17,4,Delivered,PayPal,Desktop,Organic,VIP,6,0,14,3.0
Clothing,321.54,1,Shipped,Debit Card,Desktop,Social,VIP,6,0,14,4.0
Beauty,416.6,3,Shipped,Credit Card,Desktop,Social,Returning,6,0,14,1.0
Beauty,48.8,2,Delivered,Apple Pay,Desktop,Paid Search,New,6,0,14,3.0
Clothing,215.68,1,Delivered,Debit Card,Desktop,Social,Returning,6,0,14,2.0
Electronics,60.73,3,Shipped,Google Pay,Mobile,Email,VIP,6,0,14,1.0
Toys,490.63,3,Delivered,Google Pay,Mobile,Paid Search,VIP,6,0,14,3.0
Electronics,432.39,1,Delivered,Apple Pay,Tablet,Organic,Returning,6,1,14,5.0
Beauty,211.66,1,Delivered,Google Pay,Mobile,Paid Search,VIP,6,1,14,5.0
Beauty,174.29,1,Delivered,Apple Pay,Tablet,Organic,VIP,6,1,14,6.0
Books,48.38,5,Delivered,Debit Card,Mobile,Organic,VIP,6,1,14,6.0
Clothing,240.36,2,Delivered,Apple Pay,Desktop,Social,VIP,6,1,14,2.0
Electronics,23.17,4,Shipped,Apple Pay,Tablet,Social,Returning,6,1,14,5.0
Home,304.81,3,Delivered,Credit Card,Tablet,Social,Returning,6,1,14,1.0
Clothing,124.8,1,Delivered,Apple Pay,Tablet,Organic,Returning,6,1,14,6.0
Books,335.97,2,Delivered,Google Pay,Mobile,Email,VIP,6,1,14,6.0
Home,230.09,1,Delivered,Google Pay,Tablet,Paid Search,New,6,1,14,2.0
Beauty,381.59,2,Delivered,PayPal,Desktop,Organic,Returning,6,1,14,7.0
Toys,299.93,1,Pending,Credit Card,Tablet,Email,VIP,6,1,14,7.0
Home,60.63,4,Delivered,Apple Pay,Desktop,Social,Returning,6,1,14,6.0
Beauty,225.75,1,Delivered,Debit Card,Tablet,Email,Returning,6,1,14,7.0
Clothing,458.31,1,Delivered,PayPal,Tablet,Social,VIP,6,1,14,5.0
Beauty,144.63,2,Delivered,Credit Card,Desktop,Social,Returning,6,1,14,1.0
Beauty,120.95,2,Delivered,Apple Pay,Desktop,Paid Search,VIP,6,2,14,6.0
Books,166.42,3,Delivered,Debit Card,Tablet,Paid Search,VIP,6,2,14,6.0
Books,167.37,6,Pending,Credit Card,Desktop,Email,VIP,6,2,14,6.0
Electronics,9.76,1,Pending,Google Pay,Desktop,Organic,Returning,6,2,14,3.0
Beauty,379.39,1,Pending,Debit Card,Mobile,Organic,Returning,6,2,14,5.0
Beauty,236.93,2,Shipped,Apple Pay,Desktop,Organic,Returning,6,2,14,2.0
Home,126.41,6,Shipped,Credit Card,Mobile,Paid Search,VIP,6,2,14,4.0
Books,65.51,2,Delivered,Credit Card,Mobile,Social,VIP,6,2,14,3.0
Beauty,483.49,1,Pending,Debit Card,Desktop,Social,VIP,6,2,14,2.0
Toys,257.95,1,Delivered,Google Pay,Desktop,Email,Returning,6,2,14,1.0
Electronics,342.81,2,Delivered,Google Pay,Tablet,Social,Returning,6,2,14,3.0
Clothing,469.17,2,Delivered,Google Pay,Mobile,Paid Search,Returning,6,2,14,2.0
Home,320.28,3,Shipped,Google Pay,Desktop,Organic,New,6,2,14,7.0
Electronics,215.06,2,Delivered,Apple Pay,Desktop,Organic,Returning,6,2,14,7.0
Books,420.46,1,Delivered,Apple Pay,Mobile,Social,VIP,6,2,14,4.0
Toys,13.78,1,Delivered,Debit Card,Mobile,Organic,VIP,6,2,14,4.0
Clothing,309.39,1,Returned,Credit Card,Mobile,Paid Search,Returning,6,2,14,2.0
Toys,188.22,3,Delivered,PayPal,Desktop,Paid Search,Returning,6,2,14,7.0
Clothing,38.83,1,Delivered,Apple Pay,Desktop,Email,VIP,6,2,14,4.0
Books,217.14,1,Delivered,PayPal,Mobile,Email,VIP,6,2,14,1.0
Electronics,73.12,3,Delivered,PayPal,Mobile,Email,VIP,6,2,14,7.0
Toys,388.67,4,Pending,Debit Card,Desktop,Paid Search,Returning,6,2,14,6.0
Clothing,16.39,2,Delivered,Credit Card,Mobile,Paid Search,Returning,6,2,14,6.0
Electronics,47.41,2,Delivered,Debit Card,Desktop,Email,Returning,6,2,14,4.0
Home,358.67,1,Returned,Debit Card,Mobile,Email,Returning,6,2,14,4.0
Clothing,410.35,6,Delivered,Apple Pay,Tablet,Organic,Returning,6,2,14,5.0
Clothing,432.35,4,Delivered,PayPal,Tablet,Organic,Returning,6,2,14,2.0
Toys,404.49,5,Delivered,Google Pay,Tablet,Paid Search,VIP,6,2,14,1.0
Home,39.18,1,Delivered,Google Pay,Tablet,Email,VIP,6,2,14,4.0
Electronics,372.72,2,Delivered,Google Pay,Mobile,Paid Search,New,6,3,14,6.0
Toys,160.96,2,Delivered,PayPal,Mobile,Organic,Returning,6,3,14,3.0
Home,205.76,1,Delivered,Google Pay,Desktop,Email,VIP,6,3,14,6.0
Home,145.25,1,Delivered,Apple Pay,Desktop,Organic,Returning,6,3,14,2.0
Electronics,55.91,1,Delivered,Google Pay,Mobile,Social,Returning,6,3,14,7.0
Electronics,380.22,1,Delivered,Credit Card,Desktop,Organic,VIP,6,3,14,6.0
Books,129.64,2,Shipped,Debit Card,Desktop,Social,Returning,6,3,14,6.0
Clothing,154.24,3,Delivered,PayPal,Tablet,Paid Search,VIP,6,3,14,3.0
Electronics,156.54,1,Delivered,Apple Pay,Mobile,Organic,Returning,6,3,14,3.0
Home,157.34,1,Delivered,Credit Card,Mobile,Social,New,6,3,14,7.0
Toys,469.7,1,Delivered,PayPal,Mobile,Social,VIP,6,3,14,3.0
Books,391.87,1,Delivered,Credit Card,Tablet,Social,VIP,6,3,14,2.0
Home,262.91,1,Delivered,Apple Pay,Mobile,Social,Returning,6,3,14,3.0
Electronics,327.88,2,Shipped,Credit Card,Tablet,Paid Search,VIP,6,3,14,3.0
Beauty,168.6,1,Delivered,Debit Card,Tablet,Email,VIP,6,3,14,5.0
Beauty,400.16,1,Delivered,Google Pay,Desktop,Organic,Returning,6,3,14,6.0
Books,391.97,4,Delivered,Credit Card,Mobile,Email,VIP,6,3,14,7.0
Beauty,376.79,1,Delivered,Credit Card,Desktop,Social,VIP,6,3,14,1.0
Toys,446.93,3,Delivered,Credit Card,Desktop,Organic,New,6,3,14,1.0
Toys,101.25,4,Shipped,Apple Pay,Tablet,Paid Search,VIP,6,3,14,7.0
Beauty,258.38,1,Returned,Apple Pay,Mobile,Paid Search,VIP,6,3,14,6.0
Home,265.33,3,Delivered,Debit Card,Mobile,Organic,VIP,6,3,14,5.0
Electronics,138.84,1,Delivered,Google Pay,Tablet,Organic,VIP,6,3,14,7.0
Beauty,98.09,4,Delivered,Credit Card,Tablet,Paid Search,Returning,6,3,14,7.0
Home,458.1,3,Delivered,PayPal,Mobile,Organic,Returning,6,4,14,5.0
Electronics,372.47,2,Delivered,Google Pay,Desktop,Email,Returning,6,4,14,4.0
Beauty,186.58,1,Delivered,Debit Card,Desktop,Organic,VIP,6,4,14,4.0
Books,398.35,2,Delivered,Credit Card,Desktop,Social,Returning,6,4,14,2.0
Electronics,56.94,2,Delivered,PayPal,Tablet,Email,Returning,6,4,14,2.0
Electronics,285.6,5,Delivered,PayPal,Mobile,Email,New,6,4,14,6.0
Electronics,365.97,2,Shipped,Credit Card,Tablet,Social,VIP,6,4,14,3.0
Home,454.93,4,Delivered,Debit Card,Tablet,Paid Search,Returning,6,4,14,3.0
Electronics,491.5,2,Delivered,Apple Pay,Desktop,Paid Search,Returning,6,4,14,6.0
Toys,356.86,2,Delivered,PayPal,Tablet,Paid Search,VIP,6,4,14,4.0
Beauty,94.98,2,Delivered,Debit Card,Desktop,Organic,Returning,6,4,14,6.0
Electronics,123.32,1,Delivered,Apple Pay,Mobile,Social,Returning,6,4,14,6.0
Beauty,127.97,3,Shipped,Credit Card,Tablet,Organic,VIP,6,4,14,5.0
Toys,158.97,4,Shipped,Credit Card,Tablet,Organic,Returning,6,4,14,1.0
Toys,12.87,2,Delivered,PayPal,Mobile,Email,VIP,6,4,14,1.0
Beauty,199.55,2,Delivered,Apple Pay,Desktop,Email,Returning,6,4,14,6.0
Beauty,375.38,2,Delivered,Debit Card,Tablet,Organic,Returning,6,4,14,3.0
Electronics,121.89,2,Shipped,PayPal,Tablet,Email,VIP,6,4,14,7.0
Electronics,312.08,4,Delivered,Debit Card,Desktop,Organic,VIP,6,4,14,6.0
Books,372.9,1,Delivered,Credit Card,Mobile,Organic,VIP,6,4,14,4.0
Electronics,93.77,2,Delivered,Apple Pay,Tablet,Organic,VIP,6,4,14,4.0
Books,329.07,4,Shipped,Google Pay,Tablet,Social,Returning,6,4,14,7.0
Electronics,208.85,6,Returned,Google Pay,Desktop,Email,VIP,6,4,14,6.0
Beauty,431.34,1,Delivered,Google Pay,Mobile,Organic,VIP,6,4,14,4.0
Toys,465.7,5,Delivered,PayPal,Tablet,Email,VIP,6,4,14,6.0
Toys,143.65,2,Delivered,Credit Card,Desktop,Social,Returning,6,4,14,6.0
Beauty,314.48,3,Delivered,Google Pay,Tablet,Email,Returning,6,4,14,5.0
Toys,364.79,2,Pending,Google Pay,Desktop,Email,VIP,6,4,14,7.0
Beauty,300.51,2,Delivered,Debit Card,Tablet,Social,VIP,6,4,14,6.0
Beauty,19.71,1,Delivered,PayPal,Desktop,Organic,Returning,6,4,14,1.0
Electronics,367.41,1,Delivered,Debit Card,Desktop,Social,Returning,6,5,14,6.0
Clothing,120.8,2,Delivered,Google Pay,Mobile,Email,Returning,6,5,14,3.0
Home,80.87,2,Delivered,Debit Card,Tablet,Paid Search,VIP,6,5,14,3.0
Clothing,305.75,1,Delivered,Credit Card,Desktop,Organic,VIP,6,5,14,4.0
Electronics,303.14,3,Shipped,Google Pay,Desktop,Email,VIP,6,5,14,6.0
Home,472.91,3,Delivered,Debit Card,Desktop,Organic,Returning,6,5,14,6.0
Clothing,235.3,1,Delivered,Credit Card,Tablet,Organic,Returning,6,5,14,7.0
Home,356.99,2,Delivered,Debit Card,Mobile,Organic,Returning,6,5,14,1.0
Electronics,76.86,1,Delivered,Debit Card,Desktop,Organic,VIP,6,5,14,5.0
Clothing,133.08,3,Delivered,Debit Card,Tablet,Social,VIP,6,5,14,7.0
Toys,30.1,3,Delivered,Credit Card,Desktop,Paid Search,VIP,6,5,14,2.0
Electronics,236.92,5,Delivered,Google Pay,Mobile,Email,VIP,6,5,14,1.0
Electronics,114.7,2,Delivered,Credit Card,Mobile,Organic,VIP,6,5,14,2.0
Beauty,351.4,1,Delivered,Debit Card,Desktop,Paid Search,Returning,6,5,14,7.0
Clothing,107.38,4,Delivered,PayPal,Tablet,Paid Search,VIP,6,5,14,3.0
Books,494.69,2,Shipped,Debit Card,Desktop,Email,Returning,6,5,14,6.0
Home,187.41,1,Delivered,Apple Pay,Desktop,Organic,VIP,6,5,14,4.0
Beauty,20.06,4,Delivered,Google Pay,Mobile,Paid Search,VIP,6,5,14,7.0
Toys,410.45,3,Delivered,Debit Card,Mobile,Organic,Returning,6,5,14,3.0
Beauty,38.6,2,Delivered,Credit Card,Desktop,Paid Search,VIP,6,5,14,4.0
Toys,104.34,3,Delivered,Debit Card,Tablet,Paid Search,New,6,5,14,2.0
Toys,371.69,4,Shipped,Google Pay,Desktop,Organic,VIP,6,5,14,3.0
Beauty,349.78,3,Delivered,Google Pay,Mobile,Paid Search,Returning,6,5,14,4.0
Beauty,415.82,4,Delivered,Credit Card,Tablet,Social,VIP,6,5,14,1.0
Beauty,445.74,2,Shipped,Google Pay,Desktop,Email,Returning,6,5,14,4.0
Toys,466.93,1,Shipped,PayPal,Desktop,Organic,Returning,6,5,14,6.0
Clothing,91.6,5,Delivered,Credit Card,Tablet,Email,New,6,5,14,4.0
Beauty,52.94,4,Delivered,Google Pay,Mobile,Paid Search,New,6,5,14,4.0
Beauty,496.83,1,Delivered,Apple Pay,Mobile,Social,VIP,6,5,14,2.0
Books,258.37,2,Shipped,Google Pay,Mobile,Paid Search,VIP,6,5,14,2.0
Electronics,438.36,2,Delivered,Apple Pay,Tablet,Paid Search,Returning,6,5,14,2.0
Toys,392.51,2,Delivered,Debit Card,Mobile,Email,Returning,6,5,14,1.0
Home,271.63,4,Delivered,Debit Card,Tablet,Paid Search,VIP,6,5,14,7.0
Beauty,9.04,1,Delivered,Debit Card,Mobile,Social,VIP,6,5,14,5.0
Beauty,27.32,1,Delivered,Credit Card,Tablet,Email,VIP,6,6,14,5.0
Books,330.23,3,Delivered,Debit Card,Mobile,Paid Search,Returning,6,6,14,1.0
Beauty,170.04,2,Delivered,Apple Pay,Mobile,Email,VIP,6,6,14,6.0
Clothing,80.82,5,Delivered,Debit Card,Tablet,Paid Search,VIP,6,6,14,5.0
Books,124.22,1,Delivered,Google Pay,Tablet,Social,VIP,6,6,14,5.0
Clothing,160.15,1,Delivered,Credit Card,Tablet,Social,VIP,6,6,14,7.0
Books,52.52,1,Delivered,Credit Card,Tablet,Social,VIP,6,6,14,6.0
Electronics,195.74,1,Delivered,Apple Pay,Tablet,Organic,Returning,6,6,14,4.0
Books,112.9,3,Delivered,PayPal,Tablet,Email,VIP,6,6,14,1.0
Home,23.98,1,Shipped,Debit Card,Desktop,Organic,Returning,6,6,14,1.0
Home,445.35,3,Delivered,PayPal,Tablet,Social,VIP,6,6,14,2.0
Books,436.21,3,Delivered,Apple Pay,Desktop,Social,VIP,6,6,14,3.0
Toys,329.38,1,Shipped,Credit Card,Tablet,Paid Search,VIP,6,6,14,7.0
Toys,64.26,2,Delivered,Google Pay,Tablet,Organic,Returning,6,6,14,2.0
Toys,395.45,2,Delivered,Apple Pay,Mobile,Social,VIP,6,6,14,6.0
Books,61.01,4,Delivered,Debit Card,Tablet,Organic,Returning,6,6,14,3.0
Toys,305.82,4,Shipped,Google Pay,Mobile,Email,VIP,6,6,14,7.0
Clothing,431.24,5,Delivered,PayPal,Mobile,Social,Returning,6,6,14,5.0
Toys,250.05,3,Delivered,Google Pay,Tablet,Organic,VIP,6,6,14,2.0
Clothing,459.59,1,Delivered,PayPal,Tablet,Paid Search,Returning,6,6,14,6.0
Home,226.71,1,Delivered,Google Pay,Tablet,Email,VIP,6,6,14,2.0
Books,73.21,1,Delivered,PayPal,Mobile,Organic,VIP,6,6,14,7.0
Toys,6.18,2,Delivered,Debit Card,Mobile,Paid Search,VIP,6,6,14,5.0
Books,443.71,6,Delivered,Debit Card,Desktop,Organic,Returning,6,6,14,1.0
Clothing,494.47,4,Delivered,Google Pay,Desktop,Paid Search,VIP,6,6,14,3.0
Toys,232.61,1,Pending,Debit Card,Desktop,Organic,New,6,6,14,4.0
Clothing,176.39,5,Delivered,Google Pay,Tablet,Social,Returning,6,6,14,1.0
Beauty,158.82,1,Shipped,Apple Pay,Desktop,Paid Search,VIP,6,6,14,1.0
Books,102.83,2,Delivered,Google Pay,Desktop,Social,VIP,6,6,14,6.0
Home,326.19,3,Delivered,Debit Card,Desktop,Social,VIP,6,6,14,1.0
Beauty,192.53,1,Delivered,Debit Card,Desktop,Paid Search,VIP,6,6,14,1.0
Electronics,19.26,2,Delivered,PayPal,Tablet,Email,VIP,7,0,14,7.0
Electronics,63.76,1,Delivered,Credit Card,Mobile,Social,VIP,7,0,14,2.0
Electronics,264.77,3,Delivered,Debit Card,Tablet,Social,VIP,7,0,14,2.0
Toys,230.24,1,Delivered,Debit Card,Tablet,Social,Returning,7,0,14,4.0
Beauty,47.81,3,Delivered,Google Pay,Mobile,Organic,Returning,7,0,14,2.0
Home,463.36,2,Delivered,Apple Pay,Mobile,Email,Returning,7,0,14,7.0
Clothing,195.07,1,Delivered,Apple Pay,Desktop,Paid Search,VIP,7,0,14,4.0
Beauty,441.88,1,Delivered,PayPal,Mobile,Paid Search,VIP,7,0,14,6.0
Home,422.9,4,Shipped,Debit Card,Desktop,Social,VIP,7,0,14,2.0
Electronics,369.93,1,Shipped,PayPal,Desktop,Social,VIP,7,0,14,3.0
Toys,29.16,5,Delivered,PayPal,Desktop,Email,VIP,7,0,14,3.0
Electronics,221.42,1,Delivered,Debit Card,Tablet,Paid Search,VIP,7,0,14,3.0
Books,61.58,2,Shipped,Debit Card,Tablet,Email,Returning,7,0,14,4.0
Home,355.92,3,Delivered,Apple Pay,Desktop,Paid Search,Returning,7,0,14,5.0
Clothing,281.21,1,Delivered,PayPal,Mobile,Email,Returning,7,0,14,5.0
Beauty,154.21,1,Delivered,Debit Card,Tablet,Social,VIP,7,0,14,5.0
Home,358.59,1,Shipped,Google Pay,Mobile,Paid Search,Returning,7,0,14,3.0
Clothing,239.13,1,Delivered,Credit Card,Mobile,Paid Search,Returning,7,0,14,1.0
Books,423.17,1,Returned,Credit Card,Mobile,Email,VIP,7,0,14,2.0
Clothing,357.58,1,Delivered,Debit Card,Tablet,Paid Search,Returning,7,0,14,2.0
Books,55.05,1,Delivered,Credit Card,Mobile,Social,VIP,7,0,14,5.0
Home,349.34,4,Delivered,PayPal,Mobile,Social,VIP,7,0,14,5.0
Books,366.63,1,Delivered,Apple Pay,Tablet,Organic,VIP,7,0,14,1.0
Beauty,273.6,1,Shipped,Credit Card,Desktop,Paid Search,New,7,0,14,7.0
Books,312.2,1,Delivered,PayPal,Desktop,Social,VIP,7,0,14,6.0
Clothing,33.8,4,Returned,Debit Card,Tablet,Paid Search,Returning,7,0,14,6.0
Clothing,401.74,2,Delivered,Apple Pay,Mobile,Social,VIP,7,0,14,5.0
Toys,199.9,2,Delivered,Apple Pay,Tablet,Social,Returning,7,0,14,1.0
Clothing,195.93,1,Delivered,Google Pay,Mobile,Email,VIP,7,0,14,1.0
Clothing,122.56,1,Delivered,Google Pay,Mobile,Organic,VIP,7,1,14,2.0
Beauty,126.95,2,Delivered,Credit Card,Desktop,Paid Search,Returning,7,1,14,7.0
Beauty,258.18,1,Delivered,PayPal,Desktop,Paid Search,Returning,7,1,14,4.0
Clothing,150.72,1,Shipped,PayPal,Mobile,Social,Returning,7,1,14,6.0
Electronics,276.53,1,Delivered,Debit Card,Tablet,Paid Search,Returning,7,1,14,4.0
Toys,332.33,2,Delivered,PayPal,Tablet,Organic,Returning,7,1,14,5.0
Electronics,182.45,2,Delivered,PayPal,Desktop,Social,VIP,7,1,14,6.0
Beauty,168.42,3,Delivered,Debit Card,Desktop,Paid Search,Returning,7,1,14,3.0
Toys,295.46,1,Delivered,Debit Card,Desktop,Paid Search,VIP,7,1,14,1.0
Home,46.12,1,Delivered,Debit Card,Desktop,Social,New,7,1,14,5.0
Electronics,204.34,1,Delivered,Apple Pay,Tablet,Social,VIP,7,1,14,7.0
Books,378.95,1,Delivered,PayPal,Desktop,Email,VIP,7,1,14,4.0
Beauty,374.79,1,Delivered,Google Pay,Desktop,Social,Returning,7,1,14,4.0
Home,176.84,3,Shipped,Credit Card,Tablet,Organic,VIP,7,1,14,6.0
Toys,305.96,4,Shipped,Apple Pay,Desktop,Social,Returning,7,1,14,5.0
Home,72.07,1,Delivered,Credit Card,Tablet,Organic,Returning,7,1,14,6.0
Books,327.74,6,Delivered,Debit Card,Tablet,Paid Search,VIP,7,1,14,3.0
Beauty,375.39,4,Delivered,Credit Card,Desktop,Email,VIP,7,1,14,6.0
Home,422.01,1,Delivered,Credit Card,Mobile,Organic,Returning,7,1,14,6.0
Books,45.2,3,Delivered,PayPal,Desktop,Organic,VIP,7,1,14,7.0
Toys,374.37,1,Delivered,Google Pay,Desktop,Organic,Returning,7,1,14,7.0
Beauty,5.06,2,Delivered,Credit Card,Desktop,Organic,VIP,7,1,14,3.0
Clothing,95.58,1,Delivered,PayPal,Mobile,Paid Search,Returning,7,1,14,7.0
Home,62.62,2,Shipped,Apple Pay,Tablet,Social,VIP,7,1,14,5.0
Books,488.61,3,Delivered,PayPal,Tablet,Social,Returning,7,1,14,7.0
Beauty,305.23,1,Delivered,Apple Pay,Desktop,Organic,Returning,7,2,14,1.0
Clothing,287.81,1,Delivered,Apple Pay,Mobile,Organic,VIP,7,2,14,3.0
Electronics,336.93,1,Delivered,Google Pay,Desktop,Email,Returning,7,2,14,5.0
Home,44.76,2,Delivered,Debit Card,Mobile,Email,New,7,2,14,6.0
Toys,76.88,5,Shipped,Debit Card,Tablet,Organic,VIP,7,2,14,4.0
Home,179.04,3,Delivered,PayPal,Mobile,Paid Search,Returning,7,2,14,1.0
Books,457.65,3,Pending,Apple Pay,Mobile,Email,VIP,7,2,14,1.0
Toys,224.99,3,Delivered,Google Pay,Mobile,Social,VIP,7,2,14,6.0
Beauty,256.8,1,Delivered,Credit Card,Desktop,Email,Returning,7,2,14,1.0
Home,24.77,4,Delivered,Debit Card,Mobile,Organic,VIP,7,2,14,1.0
Electronics,432.99,1,Delivered,Credit Card,Mobile,Social,VIP,7,2,14,1.0
Beauty,207.35,3,Delivered,Google Pay,Desktop,Paid Search,VIP,7,2,14,2.0
Electronics,91.74,1,Delivered,Debit Card,Mobile,Email,VIP,7,2,14,2.0
Clothing,136.4,1,Shipped,Google Pay,Mobile,Social,VIP,7,2,14,5.0
Home,420.88,2,Delivered,Debit Card,Tablet,Organic,Returning,7,2,14,2.0
Clothing,371.52,1,Pending,PayPal,Desktop,Email,Returning,7,2,14,2.0
Toys,439.51,4,Delivered,Apple Pay,Tablet,Social,VIP,7,2,14,1.0
Toys,495.2,2,Delivered,Apple Pay,Tablet,Social,VIP,7,2,14,2.0
Beauty,181.99,5,Delivered,Apple Pay,Desktop,Paid Search,Returning,7,2,14,3.0
Home,398.01,4,Delivered,Debit Card,Desktop,Email,Returning,7,2,14,5.0
Clothing,130.6,4,Delivered,Apple Pay,Tablet,Paid Search,VIP,7,2,14,6.0
Toys,267.43,1,Delivered,Credit Card,Mobile,Paid Search,Returning,7,3,14,5.0
Home,452.91,2,Delivered,Apple Pay,Desktop,Paid Search,VIP,7,3,14,2.0
Beauty,350.72,2,Shipped,PayPal,Mobile,Paid Search,VIP,7,3,14,6.0
Toys,242.23,3,Delivered,Debit Card,Desktop,Paid Search,Returning,7,3,14,1.0
Toys,159.89,2,Delivered,Credit Card,Desktop,Paid Search,VIP,7,3,14,5.0
Clothing,285.99,4,Delivered,Apple Pay,Mobile,Email,VIP,7,3,14,7.0
Electronics,475.65,1,Delivered,Google Pay,Mobile,Email,Returning,7,3,14,7.0
Toys,365.86,2,Delivered,Google Pay,Desktop,Social,Returning,7,3,14,2.0
Electronics,25.83,3,Delivered,Credit Card,Tablet,Organic,New,7,3,14,3.0
Toys,286.66,3,Delivered,Apple Pay,Desktop,Social,Returning,7,3,14,5.0
Beauty,426.39,1,Delivered,Apple Pay,Mobile,Email,Returning,7,3,14,7.0
Home,121.73,2,Delivered,Apple Pay,Desktop,Social,VIP,7,3,14,2.0
Beauty,6.3,1,Shipped,Google Pay,Mobile,Social,VIP,7,3,14,3.0
Beauty,350.19,2,Delivered,Debit Card,Tablet,Social,VIP,7,3,14,6.0
Home,416.91,1,Pending,Credit Card,Desktop,Social,VIP,7,3,14,2.0
Electronics,218.04,2,Delivered,Credit Card,Tablet,Paid Search,New,7,3,14,3.0
Beauty,112.28,1,Returned,Credit Card,Desktop,Social,New,7,3,14,3.0
Home,398.55,3,Shipped,PayPal,Desktop,Organic,VIP,7,3,14,7.0
Toys,171.43,1,Delivered,Google Pay,Tablet,Paid Search,Returning,7,3,14,1.0
Toys,34.14,4,Delivered,PayPal,Tablet,Email,Returning,7,3,14,6.0
Clothing,56.57,4,Delivered,PayPal,Tablet,Email,Returning,7,3,14,5.0
Clothing,206.85,1,Shipped,Apple Pay,Mobile,Social,Returning,7,3,14,6.0
Beauty,228.64,6,Delivered,Credit Card,Desktop,Email,Returning,7,3,14,1.0
Books,104.12,3,Shipped,Google Pay,Desktop,Paid Search,VIP,7,3,14,1.0
Beauty,456.24,2,Delivered,Google Pay,Mobile,Organic,Returning,7,3,14,1.0
Clothing,473.4,1,Delivered,Google Pay,Desktop,Social,VIP,7,3,14,6.0
Toys,273.48,2,Returned,Apple Pay,Mobile,Email,Returning,7,3,14,6.0
Electronics,372.78,1,Delivered,Google Pay,Mobile,Paid Search,VIP,7,3,14,2.0
Books,262.1,2,Shipped,Debit Card,Tablet,Email,VIP,7,3,14,4.0
Beauty,447.22,2,Shipped,PayPal,Tablet,Organic,VIP,7,3,14,3.0
Books,59.23,2,Delivered,PayPal,Desktop,Organic,Returning,7,3,14,5.0
Home,150.16,4,Delivered,PayPal,Tablet,Email,VIP,7,3,14,5.0
Beauty,212.53,3,Delivered,PayPal,Mobile,Organic,Returning,7,3,14,7.0
Books,125.86,2,Shipped,Credit Card,Tablet,Organic,Returning,7,4,14,7.0
Toys,76.26,1,Delivered,Apple Pay,Desktop,Email,VIP,7,4,14,3.0
Clothing,300.65,3,Delivered,Google Pay,Mobile,Social,Returning,7,4,14,5.0
Home,80.4,1,Delivered,Apple Pay,Mobile,Social,Returning,7,4,14,5.0
Home,82.33,6,Delivered,Google Pay,Mobile,Email,Returning,7,4,14,2.0
Beauty,6.61,1,Delivered,Credit Card,Tablet,Email,Returning,7,4,14,7.0
Electronics,362.04,1,Shipped,Credit Card,Desktop,Email,VIP,7,4,14,3.0
Electronics,430.68,2,Shipped,Credit Card,Desktop,Paid Search,Returning,7,4,14,4.0
Toys,295.6,1,Delivered,Debit Card,Tablet,Social,Returning,7,4,14,5.0
Books,344.62,2,Pending,Credit Card,Tablet,Organic,Returning,7,4,14,3.0
Toys,29.4,3,Delivered,PayPal,Desktop,Social,Returning,7,4,14,1.0
Beauty,298.59,1,Delivered,PayPal,Tablet,Social,Returning,7,4,14,2.0
Electronics,111.86,3,Delivered,PayPal,Desktop,Paid Search,Returning,7,4,14,6.0
Beauty,197.29,4,Delivered,Apple Pay,Mobile,Paid Search,Returning,7,4,14,4.0
Beauty,52.81,1,Delivered,Apple Pay,Desktop,Organic,VIP,7,4,14,7.0
Beauty,243.31,1,Delivered,Credit Card,Tablet,Social,VIP,7,4,14,6.0
Beauty,403.85,1,Returned,Google Pay,Tablet,Social,Returning,7,4,14,5.0
Books,334.61,2,Shipped,Apple Pay,Mobile,Organic,VIP,7,4,14,1.0
Books,135.62,2,Delivered,PayPal,Tablet,Paid Search,VIP,7,4,14,4.0
Clothing,315.36,1,Delivered,Google Pay,Tablet,Social,VIP,7,4,14,6.0
Beauty,136.76,2,Delivered,Credit Card,Desktop,Organic,Returning,7,4,14,3.0
Toys,52.64,1,Pending,Debit Card,Tablet,Social,Returning,7,4,14,3.0
Beauty,179.89,4,Delivered,Apple Pay,Desktop,Paid Search,Returning,7,4,14,1.0
Toys,229.08,3,Returned,Debit Card,Mobile,Paid Search,VIP,7,4,14,7.0
Toys,319.57,2,Pending,Debit Card,Tablet,Email,New,7,4,14,1.0
Home,15.96,2,Delivered,Debit Card,Mobile,Social,VIP,7,4,14,4.0
Clothing,114.26,3,Delivered,Apple Pay,Tablet,Email,VIP,7,4,14,7.0
Home,187.79,1,Delivered,Debit Card,Mobile,Email,Returning,7,4,14,6.0
Toys,25.26,2,Shipped,Apple Pay,Tablet,Organic,VIP,7,4,14,4.0
Beauty,139.84,3,Shipped,Credit Card,Tablet,Organic,Returning,7,4,14,6.0
Toys,375.44,2,Returned,Google Pay,Tablet,Social,VIP,7,4,14,5.0
Toys,186.73,2,Pending,Google Pay,Desktop,Social,VIP,7,4,14,3.0
Clothing,426.26,1,Delivered,Credit Card,Mobile,Paid Search,VIP,7,5,14,7.0
Beauty,431.99,2,Delivered,Credit Card,Mobile,Social,VIP,7,5,14,4.0
Clothing,398.42,1,Delivered,Apple Pay,Tablet,Social,VIP,7,5,14,7.0
Home,220.51,5,Delivered,Google Pay,Tablet,Organic,VIP,7,5,14,7.0
Books,279.94,1,Delivered,Debit Card,Tablet,Organic,Returning,7,5,14,3.0
Electronics,323.95,3,Delivered,Debit Card,Tablet,Paid Search,Returning,7,5,14,1.0
Beauty,394.24,1,Delivered,Google Pay,Tablet,Social,Returning,7,5,14,2.0
Clothing,468.09,1,Delivered,Credit Card,Tablet,Paid Search,Returning,7,5,14,2.0
Toys,414.67,3,Delivered,Debit Card,Mobile,Email,VIP,7,5,14,2.0
Beauty,52.61,2,Delivered,Debit Card,Desktop,Social,Returning,7,5,14,7.0
Home,285.76,2,Shipped,Google Pay,Mobile,Social,VIP,7,5,14,3.0
Home,51.84,2,Shipped,Credit Card,Mobile,Social,New,7,5,14,2.0
Home,164.1,1,Delivered,Apple Pay,Desktop,Email,VIP,7,5,14,7.0
Clothing,316.01,1,Delivered,Apple Pay,Desktop,Social,Returning,7,5,14,6.0
Clothing,330.2,2,Shipped,Credit Card,Desktop,Social,Returning,7,5,14,6.0
Beauty,402.58,3,Delivered,PayPal,Mobile,Email,VIP,7,5,14,4.0
Toys,459.3,3,Delivered,Apple Pay,Tablet,Paid Search,VIP,7,5,14,2.0
Electronics,260.58,1,Shipped,Apple Pay,Mobile,Email,VIP,7,5,14,5.0
Toys,181.68,3,Shipped,PayPal,Desktop,Organic,VIP,7,5,14,1.0
Electronics,279.26,3,Delivered,Google Pay,Mobile,Email,Returning,7,5,14,6.0
Electronics,475.6,1,Delivered,PayPal,Mobile,Social,Returning,7,5,14,3.0
Toys,253.07,1,Pending,Credit Card,Mobile,Social,VIP,7,5,14,4.0
Toys,344.79,3,Pending,Apple Pay,Desktop,Paid Search,Returning,7,5,14,7.0
Home,117.14,2,Delivered,PayPal,Mobile,Organic,Returning,7,5,14,2.0
Home,6.84,1,Shipped,Debit Card,Tablet,Email,Returning,7,5,14,1.0
Toys,71.43,1,Shipped,Debit Card,Tablet,Social,VIP,7,6,14,6.0
Clothing,467.03,2,Shipped,Apple Pay,Mobile,Email,VIP,7,6,14,4.0
Toys,110.83,3,Shipped,Apple Pay,Mobile,Organic,VIP,7,6,14,7.0
Electronics,140.67,4,Delivered,PayPal,Tablet,Email,Returning,7,6,14,4.0
Toys,315.76,2,Returned,Debit Card,Tablet,Email,VIP,7,6,14,4.0
Beauty,443.18,2,Shipped,Debit Card,Mobile,Email,Returning,7,6,14,4.0
Electronics,336.58,2,Delivered,Credit Card,Desktop,Social,Returning,7,6,14,2.0
Home,405.04,1,Delivered,Google Pay,Desktop,Email,VIP,7,6,14,5.0
Toys,471.33,5,Pending,PayPal,Mobile,Paid Search,VIP,7,6,14,3.0
Home,14.96,2,Delivered,PayPal,Tablet,Organic,VIP,7,6,14,2.0
Electronics,99.61,4,Delivered,Credit Card,Desktop,Paid Search,VIP,7,6,14,4.0
Beauty,139.69,1,Shipped,Apple Pay,Desktop,Organic,VIP,7,6,14,3.0
Beauty,32.21,2,Shipped,Credit Card,Tablet,Organic,Returning,7,6,14,4.0
Electronics,302.8,2,Delivered,Debit Card,Desktop,Paid Search,VIP,7,6,14,7.0
Home,228.43,1,Shipped,PayPal,Mobile,Social,Returning,7,6,14,3.0
Clothing,288.95,1,Delivered,Apple Pay,Tablet,Social,Returning,7,6,14,2.0
Electronics,234.75,3,Delivered,Credit Card,Desktop,Paid Search,Returning,7,6,14,6.0
Beauty,171.16,6,Delivered,Credit Card,Desktop,Social,Returning,7,6,14,4.0
Clothing,62.25,3,Shipped,Credit Card,Desktop,Organic,VIP,7,6,14,5.0
Home,440.86,6,Shipped,Apple Pay,Mobile,Organic,VIP,7,6,14,3.0
Toys,489.32,2,Shipped,Credit Card,Mobile,Social,VIP,7,6,14,5.0
Clothing,267.99,1,Delivered,PayPal,Desktop,Paid Search,Returning,7,6,14,6.0
Clothing,219.89,2,Delivered,Credit Card,Tablet,Social,Returning,7,6,14,6.0
Beauty,144.43,4,Shipped,Credit Card,Tablet,Organic,Returning,7,6,14,1.0
Toys,185.91,2,Delivered,Debit Card,Mobile,Social,Returning,7,6,14,3.0
Electronics,305.8,1,Delivered,Apple Pay,Tablet,Email,VIP,7,6,14,4.0
Beauty,433.82,2,Delivered,Apple Pay,Mobile,Paid Search,Returning,7,0,14,1.0
Home,237.41,5,Shipped,Credit Card,Tablet,Paid Search,VIP,7,0,14,2.0
Clothing,164.02,4,Shipped,Credit Card,Desktop,Social,VIP,7,0,14,5.0
Beauty,107.5,4,Returned,Debit Card,Tablet,Social,Returning,7,0,14,3.0
Toys,393.92,1,Delivered,Debit Card,Tablet,Email,Returning,7,0,14,4.0
Toys,382.46,1,Delivered,Google Pay,Mobile,Paid Search,Returning,7,0,14,1.0
Toys,85.79,3,Delivered,Debit Card,Tablet,Social,Returning,7,0,14,2.0
Home,340.33,1,Delivered,Google Pay,Desktop,Email,VIP,7,0,14,2.0
Home,230.45,2,Delivered,PayPal,Tablet,Social,New,7,0,14,4.0
Electronics,88.41,1,Delivered,Apple Pay,Desktop,Social,Returning,7,0,14,3.0
Beauty,360.91,4,Delivered,Apple Pay,Tablet,Email,Returning,7,0,14,2.0
Home,257.81,1,Shipped,Apple Pay,Tablet,Social,Returning,7,0,14,6.0
Electronics,41.53,3,Delivered,PayPal,Desktop,Social,Returning,7,0,14,4.0
Books,172.64,2,Delivered,Credit Card,Tablet,Organic,Returning,7,0,14,7.0
Beauty,367.33,3,Delivered,Apple Pay,Tablet,Email,VIP,7,0,14,3.0
Clothing,100.98,1,Delivered,PayPal,Mobile,Organic,Returning,7,0,14,2.0
Electronics,218.64,1,Delivered,Google Pay,Desktop,Organic,VIP,7,0,14,2.0
Books,243.13,1,Delivered,Credit Card,Mobile,Paid Search,Returning,7,0,14,1.0
Toys,307.99,2,Shipped,Debit Card,Mobile,Email,Returning,7,0,14,6.0
Beauty,448.31,4,Shipped,Debit Card,Tablet,Social,Returning,7,0,14,6.0
Toys,283.95,1,Pending,Google Pay,Mobile,Paid Search,VIP,7,0,14,5.0
Beauty,128.34,2,Delivered,Apple Pay,Desktop,Social,VIP,7,0,14,7.0
Home,151.23,1,Delivered,PayPal,Desktop,Paid Search,Returning,7,0,14,4.0
Clothing,296.67,3,Delivered,Credit Card,Tablet,Email,VIP,7,0,14,4.0
Electronics,13.96,3,Delivered,PayPal,Tablet,Paid Search,Returning,7,0,14,3.0
Clothing,405.12,3,Delivered,Google Pay,Desktop,Organic,Returning,7,0,14,5.0
Clothing,211.47,3,Returned,Google Pay,Mobile,Paid Search,VIP,7,0,14,2.0
Books,451.07,2,Pending,Apple Pay,Tablet,Organic,VIP,7,0,14,1.0
Beauty,427.29,1,Shipped,PayPal,Desktop,Email,VIP,7,1,14,3.0
Books,235.57,3,Pending,Debit Card,Tablet,Organic,VIP,7,1,14,1.0
Clothing,339.17,2,Delivered,Debit Card,Mobile,Paid Search,Returning,7,1,14,6.0
Home,109.74,2,Delivered,Google Pay,Mobile,Paid Search,Returning,7,1,14,1.0
Home,27.65,2,Delivered,Credit Card,Desktop,Social,VIP,7,1,14,1.0
Toys,197.41,1,Delivered,Debit Card,Desktop,Paid Search,VIP,7,1,14,6.0
Toys,165.75,3,Delivered,Apple Pay,Desktop,Paid Search,Returning,7,1,14,6.0
Books,119.35,1,Delivered,Credit Card,Tablet,Email,VIP,7,1,14,1.0
Home,123.48,1,Delivered,Credit Card,Tablet,Social,Returning,7,1,14,3.0
Clothing,268.89,2,Returned,Credit Card,Desktop,Organic,Returning,7,1,14,1.0
Clothing,380.38,2,Delivered,Google Pay,Mobile,Social,Returning,7,1,14,4.0
Home,335.32,1,Delivered,Debit Card,Tablet,Email,Returning,7,1,14,3.0
Books,353.21,5,Delivered,PayPal,Desktop,Organic,VIP,7,1,14,3.0
Books,144.31,1,Delivered,Apple Pay,Tablet,Email,Returning,7,1,14,3.0
Beauty,169.06,1,Shipped,Google Pay,Desktop,Organic,Returning,7,1,14,5.0
Electronics,95.11,3,Shipped,PayPal,Tablet,Email,VIP,7,1,14,3.0
Books,98.98,3,Delivered,PayPal,Mobile,Email,VIP,7,1,14,5.0
Electronics,410.96,4,Delivered,Credit Card,Desktop,Social,VIP,7,1,14,1.0
Toys,328.02,1,Delivered,Google Pay,Desktop,Paid Search,VIP,7,1,14,7.0
Electronics,430.66,1,Delivered,Debit Card,Tablet,Email,VIP,7,1,14,4.0
Home,21.17,4,Delivered,Credit Card,Mobile,Social,Returning,7,1,14,6.0
Home,112.36,1,Delivered,PayPal,Desktop,Email,VIP,7,1,14,2.0
Books,223.47,1,Shipped,Credit Card,Mobile,Email,Returning,7,1,14,5.0
Beauty,217.87,3,Delivered,Credit Card,Tablet,Paid Search,Returning,7,1,14,5.0
Home,6.16,2,Shipped,Apple Pay,Desktop,Email,VIP,7,1,14,1.0
Electronics,188.7,3,Delivered,Credit Card,Tablet,Paid Search,Returning,7,2,14,4.0
Clothing,401.5,2,Delivered,Apple Pay,Tablet,Email,VIP,7,2,14,3.0
Beauty,88.34,3,Shipped,PayPal,Tablet,Social,Returning,7,2,14,1.0
Home,321.8,2,Delivered,Google Pay,Desktop,Paid Search,Returning,7,2,14,5.0
Books,341.11,2,Delivered,Google Pay,Mobile,Social,VIP,7,2,14,3.0
Beauty,40.38,2,Delivered,Credit Card,Tablet,Social,VIP,7,2,14,5.0
Clothing,432.36,1,Returned,Google Pay,Tablet,Email,VIP,7,2,14,5.0
Books,318.45,1,Delivered,Apple Pay,Desktop,Paid Search,Returning,7,2,14,3.0
Electronics,354.46,5,Shipped,Google Pay,Mobile,Social,VIP,7,2,14,5.0
Electronics,36.66,2,Shipped,Google Pay,Desktop,Email,VIP,7,2,14,2.0
Beauty,69.31,6,Delivered,Debit Card,Mobile,Social,VIP,7,2,14,5.0
Clothing,257.07,1,Delivered,Apple Pay,Desktop,Email,Returning,7,2,14,5.0
Books,391.7,3,Delivered,Apple Pay,Tablet,Paid Search,VIP,7,2,14,3.0
Electronics,5.6,2,Shipped,Google Pay,Desktop,Email,VIP,7,2,14,5.0
Beauty,67.41,2,Delivered,Credit Card,Tablet,Email,VIP,7,2,14,5.0
Electronics,291.44,1,Delivered,Debit Card,Mobile,Paid Search,VIP,7,2,14,7.0
Beauty,396.32,2,Shipped,Debit Card,Tablet,Email,VIP,7,2,14,3.0
Toys,444.43,2,Delivered,Apple Pay,Desktop,Email,Returning,7,3,14,5.0
Electronics,491.78,1,Delivered,Debit Card,Desktop,Organic,Returning,7,3,14,5.0
Clothing,272.67,1,Pending,Apple Pay,Tablet,Paid Search,Returning,7,3,14,1.0
Toys,271.19,2,Delivered,Debit Card,Mobile,Email,Returning,7,3,14,3.0
Clothing,277.38,2,Delivered,PayPal,Tablet,Paid Search,VIP,7,3,14,4.0
Electronics,57.88,4,Delivered,Debit Card,Tablet,Paid Search,Returning,7,3,14,2.0
Toys,473.02,3,Delivered,Apple Pay,Mobile,Email,Returning,7,3,14,4.0
Electronics,444.32,1,Delivered,Apple Pay,Tablet,Email,VIP,7,3,14,3.0
Electronics,403.16,2,Delivered,Google Pay,Mobile,Paid Search,VIP,7,3,14,5.0
Home,473.3,4,Delivered,Debit Card,Tablet,Social,VIP,7,3,14,3.0
Clothing,142.96,2,Delivered,Debit Card,Mobile,Organic,VIP,7,3,14,1.0
Home,62.14,2,Delivered,PayPal,Mobile,Email,Returning,7,3,14,6.0
Toys,152.53,1,Delivered,Credit Card,Mobile,Organic,Returning,7,3,14,1.0
Clothing,495.81,2,Delivered,Debit Card,Mobile,Email,VIP,7,3,14,1.0
Toys,226.93,1,Delivered,Apple Pay,Mobile,Organic,VIP,7,3,14,6.0
Books,132.91,2,Delivered,Debit Card,Tablet,Social,Returning,7,3,14,2.0
Clothing,330.63,2,Returned,PayPal,Desktop,Email,Returning,7,3,14,4.0
Electronics,93.76,2,Delivered,PayPal,Mobile,Email,VIP,7,3,14,3.0
Beauty,443.17,2,Delivered,Credit Card,Mobile,Paid Search,VIP,7,3,14,3.0
Electronics,33.9,2,Shipped,Apple Pay,Mobile,Email,New,7,3,14,6.0
Books,400.28,1,Shipped,Apple Pay,Tablet,Organic,VIP,7,3,14,6.0
Books,433.97,2,Delivered,Google Pay,Mobile,Paid Search,VIP,7,3,14,1.0
Home,241.74,2,Delivered,PayPal,Tablet,Organic,VIP,7,3,14,7.0
Electronics,469.08,5,Shipped,PayPal,Tablet,Organic,Returning,7,3,14,3.0
Toys,236.07,2,Delivered,Debit Card,Desktop,Email,Returning,7,3,14,5.0
Books,190.5,1,Delivered,Google Pay,Desktop,Social,VIP,7,3,14,1.0
Home,351.25,1,Delivered,Google Pay,Mobile,Social,Returning,7,3,14,1.0
Clothing,238.71,1,Shipped,Debit Card,Desktop,Social,Returning,7,3,14,4.0
Books,281.04,2,Delivered,Debit Card,Mobile,Paid Search,VIP,7,4,14,3.0
Electronics,159.11,1,Delivered,PayPal,Mobile,Social,VIP,7,4,14,6.0
Toys,132.68,3,Delivered,Debit Card,Tablet,Email,Returning,7,4,14,4.0
Home,297.27,3,Shipped,Debit Card,Tablet,Email,Returning,7,4,14,2.0
Clothing,266.1,1,Delivered,Apple Pay,Tablet,Paid Search,VIP,7,4,14,6.0
Electronics,110.92,1,Delivered,Google Pay,Tablet,Email,New,7,4,14,1.0
Electronics,460.08,3,Delivered,Google Pay,Mobile,Paid Search,Returning,7,4,14,7.0
Books,18.67,1,Delivered,Google Pay,Tablet,Social,VIP,7,4,14,1.0
Beauty,327.75,1,Shipped,Debit Card,Mobile,Organic,Returning,7,4,14,4.0
Toys,335.33,5,Delivered,Apple Pay,Desktop,Paid Search,VIP,7,4,14,6.0
Beauty,349.18,1,Shipped,Apple Pay,Tablet,Email,Returning,7,4,14,2.0
Electronics,430.53,1,Delivered,Google Pay,Desktop,Email,VIP,7,4,14,2.0
Electronics,176.74,2,Delivered,Debit Card,Desktop,Email,VIP,7,4,14,4.0
Home,126.12,4,Delivered,PayPal,Desktop,Paid Search,VIP,7,4,14,1.0
Toys,118.97,3,Shipped,Google Pay,Tablet,Organic,Returning,7,4,14,6.0
Clothing,384.14,3,Delivered,Credit Card,Mobile,Organic,VIP,7,4,14,2.0
Beauty,499.51,2,Delivered,PayPal,Mobile,Email,Returning,7,4,14,1.0
Books,267.27,3,Shipped,Credit Card,Desktop,Paid Search,VIP,7,4,14,7.0
Toys,487.59,1,Pending,Debit Card,Desktop,Paid Search,Returning,7,5,14,5.0
Electronics,292.06,2,Delivered,Apple Pay,Mobile,Social,VIP,7,5,14,4.0
Books,192.48,1,Delivered,Google Pay,Mobile,Organic,Returning,7,5,14,5.0
Toys,22.84,3,Delivered,Credit Card,Tablet,Social,VIP,7,5,14,2.0
Beauty,417.71,5,Returned,PayPal,Desktop,Email,Returning,7,5,14,4.0
Beauty,66.36,4,Shipped,Credit Card,Desktop,Social,VIP,7,5,14,3.0
Books,226.23,3,Delivered,Credit Card,Mobile,Organic,VIP,7,5,14,5.0
Beauty,293.01,1,Delivered,Google Pay,Desktop,Organic,VIP,7,5,14,7.0
Home,278.52,2,Pending,PayPal,Tablet,Social,VIP,7,5,14,4.0
Clothing,116.97,1,Delivered,Debit Card,Mobile,Organic,Returning,7,5,14,5.0
Beauty,201.19,5,Delivered,Google Pay,Mobile,Paid Search,New,7,5,14,1.0
Home,405.24,1,Delivered,Apple Pay,Mobile,Social,VIP,7,5,14,6.0
Electronics,304.91,2,Delivered,Google Pay,Desktop,Organic,Returning,7,5,14,1.0
Electronics,197.54,2,Shipped,PayPal,Mobile,Email,VIP,7,5,14,3.0
Toys,83.78,1,Delivered,Credit Card,Desktop,Paid Search,Returning,7,5,14,2.0
Clothing,285.41,2,Shipped,Debit Card,Tablet,Email,VIP,7,5,14,5.0
Toys,275.44,3,Shipped,Google Pay,Desktop,Social,VIP,7,5,14,1.0
Clothing,50.39,4,Delivered,Debit Card,Tablet,Social,VIP,7,5,14,7.0
Home,259.36,6,Returned,Google Pay,Tablet,Paid Search,Returning,7,5,14,1.0
Beauty,392.99,1,Delivered,Debit Card,Tablet,Organic,New,7,5,14,2.0
Electronics,110.07,3,Delivered,PayPal,Tablet,Email,Returning,7,5,14,2.0
Beauty,238.53,6,Delivered,Apple Pay,Mobile,Paid Search,New,7,5,14,5.0
Beauty,409.0,3,Shipped,PayPal,Mobile,Email,VIP,7,5,14,5.0
Beauty,238.17,1,Delivered,Debit Card,Mobile,Paid Search,Returning,7,5,14,5.0
Home,412.01,2,Delivered,Debit Card,Desktop,Organic,VIP,7,5,14,6.0
Clothing,393.19,2,Shipped,Debit Card,Tablet,Paid Search,VIP,7,6,14,4.0
Toys,301.4,3,Returned,Debit Card,Desktop,Email,Returning,7,6,14,1.0
Electronics,341.82,7,Shipped,Debit Card,Tablet,Social,Returning,7,6,14,3.0
Books,499.64,1,Delivered,Debit Card,Mobile,Social,VIP,7,6,14,7.0
Books,402.31,2,Shipped,Debit Card,Mobile,Paid Search,VIP,7,6,14,7.0
Electronics,242.9,1,Delivered,Google Pay,Desktop,Organic,VIP,7,6,14,5.0
Books,163.99,2,Delivered,Apple Pay,Tablet,Social,Returning,7,6,14,6.0
Books,50.7,1,Shipped,Apple Pay,Tablet,Email,Returning,7,6,14,7.0
Books,24.25,4,Returned,PayPal,Mobile,Paid Search,Returning,7,6,14,2.0
Home,170.06,3,Delivered,Apple Pay,Desktop,Social,VIP,7,6,14,2.0
Beauty,11.88,3,Delivered,Credit Card,Mobile,Paid Search,VIP,7,6,14,5.0
Home,322.13,3,Returned,Debit Card,Tablet,Paid Search,Returning,7,6,14,6.0
Toys,164.0,2,Delivered,Credit Card,Desktop,Email,VIP,7,6,14,6.0
Electronics,486.11,4,Delivered,PayPal,Tablet,Email,VIP,7,6,14,2.0
Books,237.05,1,Delivered,Google Pay,Desktop,Social,VIP,7,6,14,2.0
Electronics,332.13,4,Shipped,Debit Card,Mobile,Email,VIP,7,6,14,4.0
Clothing,342.6,1,Delivered,Debit Card,Mobile,Paid Search,New,7,6,14,4.0
Clothing,230.14,1,Shipped,Debit Card,Tablet,Social,VIP,7,6,14,2.0
Books,142.92,1,Delivered,Google Pay,Mobile,Paid Search,VIP,7,6,14,6.0
Books,398.92,1,Shipped,Google Pay,Desktop,Email,Returning,7,6,14,4.0
Beauty,41.04,1,Delivered,Credit Card,Tablet,Paid Search,Returning,7,6,14,7.0
Electronics,454.26,5,Shipped,Google Pay,Tablet,Social,VIP,7,6,14,5.0
Books,128.57,1,Shipped,PayPal,Mobile,Organic,Returning,7,6,14,1.0
Clothing,203.23,2,Delivered,Google Pay,Desktop,Organic,New,7,6,14,1.0
Books,390.97,4,Delivered,Google Pay,Mobile,Paid Search,Returning,7,6,14,2.0
Books,283.62,2,Shipped,PayPal,Mobile,Email,Returning,7,6,14,7.0
Books,125.51,1,Delivered,Google Pay,Mobile,Email,VIP,7,6,14,3.0
Toys,26.85,3,Delivered,PayPal,Mobile,Social,VIP,7,6,14,3.0
Electronics,102.29,3,Delivered,PayPal,Desktop,Paid Search,Returning,7,6,14,7.0
Toys,422.81,3,Delivered,Apple Pay,Desktop,Social,VIP,7,6,14,4.0
Toys,397.56,3,Shipped,Google Pay,Desktop,Paid Search,New,7,0,14,4.0
Toys,428.71,1,Pending,Credit Card,Tablet,Paid Search,VIP,7,0,14,6.0
Electronics,62.54,1,Shipped,PayPal,Mobile,Paid Search,VIP,7,0,14,1.0
Books,15.44,3,Shipped,Google Pay,Desktop,Email,Returning,7,0,14,1.0
Books,266.49,2,Delivered,Google Pay,Mobile,Social,VIP,7,0,14,7.0
Toys,439.5,2,Delivered,Apple Pay,Mobile,Social,Returning,7,0,14,2.0
Home,107.29,1,Delivered,Debit Card,Mobile,Organic,Returning,7,0,14,7.0
Beauty,5.23,1,Returned,Credit Card,Desktop,Paid Search,Returning,7,0,14,7.0
Books,382.57,4,Delivered,Debit Card,Mobile,Organic,Returning,7,0,14,5.0
Clothing,345.6,1,Shipped,PayPal,Mobile,Paid Search,Returning,7,0,14,1.0
Toys,53.15,3,Delivered,Debit Card,Desktop,Social,VIP,7,0,14,2.0
Beauty,268.42,1,Delivered,Apple Pay,Tablet,Email,VIP,7,0,14,2.0
Beauty,365.87,3,Delivered,Debit Card,Desktop,Organic,Returning,7,0,14,1.0
Electronics,189.17,4,Delivered,Apple Pay,Mobile,Social,VIP,7,0,14,2.0
Books,462.62,1,Delivered,Google Pay,Desktop,Organic,VIP,7,0,14,1.0
Beauty,154.98,1,Delivered,Debit Card,Desktop,Paid Search,VIP,7,0,14,7.0
Clothing,289.96,3,Delivered,Debit Card,Tablet,Email,Returning,7,0,14,7.0
Beauty,43.03,1,Delivered,Credit Card,Desktop,Paid Search,VIP,7,0,14,5.0
Clothing,134.16,4,Delivered,Google Pay,Tablet,Social,VIP,7,0,14,2.0
Toys,28.64,2,Shipped,Debit Card,Mobile,Social,New,7,0,14,1.0
Books,255.12,3,Shipped,Google Pay,Mobile,Social,Returning,7,1,14,6.0
Clothing,163.72,4,Delivered,Debit Card,Mobile,Email,Returning,7,1,14,3.0
Toys,438.9,2,Shipped,PayPal,Mobile,Organic,VIP,7,1,14,1.0
Home,309.5,1,Delivered,PayPal,Tablet,Social,VIP,7,1,14,2.0
Beauty,386.35,3,Delivered,Debit Card,Tablet,Social,Returning,7,1,14,2.0
Clothing,129.83,1,Delivered,PayPal,Desktop,Organic,VIP,7,1,14,7.0
Home,479.28,1,Shipped,Google Pay,Tablet,Paid Search,Returning,7,1,14,2.0
Clothing,438.85,1,Delivered,Google Pay,Mobile,Organic,VIP,7,1,14,7.0
Electronics,132.51,1,Delivered,PayPal,Mobile,Paid Search,VIP,7,1,14,6.0
Books,208.32,1,Delivered,Credit Card,Tablet,Paid Search,VIP,7,1,14,6.0
Clothing,33.36,1,Delivered,PayPal,Desktop,Paid Search,New,7,1,14,7.0
Electronics,362.61,1,Delivered,Debit Card,Desktop,Social,Returning,7,1,14,1.0
Books,481.53,3,Delivered,PayPal,Mobile,Social,VIP,7,1,14,7.0
Beauty,418.32,2,Shipped,Google Pay,Tablet,Email,Returning,7,1,14,2.0
Home,333.79,3,Delivered,PayPal,Mobile,Social,Returning,7,1,14,6.0
Toys,350.67,1,Delivered,Credit Card,Mobile,Social,Returning,7,1,14,1.0
Home,42.42,3,Delivered,Google Pay,Desktop,Social,VIP,7,1,14,1.0
Clothing,303.19,3,Delivered,PayPal,Desktop,Social,Returning,7,1,14,1.0
Books,330.23,2,Delivered,Apple Pay,Tablet,Social,Returning,7,1,14,2.0
Books,485.4,1,Delivered,Google Pay,Mobile,Email,VIP,7,1,14,7.0
Beauty,281.65,5,Delivered,PayPal,Mobile,Organic,Returning,7,1,14,1.0
Home,68.49,2,Delivered,Credit Card,Mobile,Paid Search,Returning,7,1,14,4.0
Books,328.44,1,Delivered,PayPal,Tablet,Email,VIP,7,1,14,1.0
Books,103.27,4,Delivered,Debit Card,Tablet,Paid Search,Returning,7,1,14,4.0
Home,247.81,3,Delivered,Google Pay,Tablet,Email,VIP,7,1,14,1.0
Clothing,405.77,1,Delivered,Credit Card,Desktop,Paid Search,Returning,7,1,14,1.0
Beauty,335.22,6,Delivered,Apple Pay,Tablet,Organic,VIP,7,1,14,6.0
Beauty,330.85,1,Shipped,PayPal,Mobile,Organic,VIP,7,1,14,7.0
Electronics,38.94,3,Delivered,Apple Pay,Desktop,Paid Search,Returning,7,1,14,2.0
Toys,270.9,4,Delivered,Apple Pay,Tablet,Email,Returning,7,1,14,5.0
Beauty,93.36,1,Pending,PayPal,Desktop,Email,VIP,7,2,14,2.0
Clothing,349.52,1,Shipped,Apple Pay,Mobile,Organic,VIP,7,2,14,7.0
Beauty,441.94,9,Delivered,Google Pay,Tablet,Paid Search,Returning,7,2,14,3.0
Home,165.09,2,Returned,Google Pay,Mobile,Email,Returning,7,2,14,5.0
Books,108.22,1,Delivered,Google Pay,Mobile,Social,Returning,7,2,14,4.0
Toys,466.39,4,Delivered,PayPal,Tablet,Email,VIP,7,2,14,7.0
Beauty,59.56,3,Pending,PayPal,Desktop,Organic,Returning,7,2,14,4.0
Toys,46.66,1,Delivered,Apple Pay,Desktop,Organic,VIP,7,2,14,5.0
Books,69.51,2,Delivered,Debit Card,Tablet,Paid Search,Returning,7,2,14,7.0
Clothing,72.08,5,Delivered,Google Pay,Tablet,Paid Search,VIP,7,2,14,5.0
Clothing,251.19,2,Delivered,Debit Card,Tablet,Email,Returning,7,2,14,4.0
Beauty,68.31,3,Pending,PayPal,Mobile,Paid Search,VIP,7,2,14,7.0
Books,263.1,1,Shipped,PayPal,Tablet,Social,VIP,7,2,14,4.0
Electronics,474.78,5,Shipped,Credit Card,Desktop,Social,VIP,7,2,14,4.0
Home,385.85,1,Delivered,PayPal,Mobile,Paid Search,VIP,7,2,14,6.0
Toys,73.5,2,Delivered,Google Pay,Mobile,Social,VIP,7,2,14,6.0
Beauty,436.88,2,Delivered,Credit Card,Mobile,Paid Search,Returning,7,2,14,4.0
Electronics,337.71,3,Delivered,PayPal,Desktop,Organic,Returning,7,2,14,4.0
Toys,328.72,2,Delivered,Google Pay,Tablet,Paid Search,Returning,7,2,14,4.0
Books,156.39,5,Delivered,Debit Card,Desktop,Organic,Returning,7,2,14,4.0
Books,282.08,2,Delivered,Debit Card,Desktop,Paid Search,VIP,7,2,14,5.0
Electronics,303.04,2,Delivered,Debit Card,Mobile,Social,Returning,7,2,14,3.0
Books,310.16,1,Delivered,Credit Card,Tablet,Email,New,7,2,14,4.0
Toys,271.49,1,Delivered,Credit Card,Desktop,Social,Returning,7,2,14,3.0
Books,406.87,3,Delivered,Apple Pay,Mobile,Email,Returning,7,2,14,4.0
Electronics,70.71,1,Shipped,Credit Card,Mobile,Paid Search,New,7,2,14,5.0
Home,328.59,3,Delivered,Credit Card,Mobile,Organic,Returning,7,2,14,6.0
Toys,327.63,1,Returned,Apple Pay,Tablet,Organic,VIP,7,3,14,6.0
Electronics,445.63,2,Delivered,PayPal,Mobile,Social,VIP,7,3,14,6.0
Clothing,238.9,1,Returned,Google Pay,Tablet,Social,VIP,7,3,14,4.0
Books,304.91,2,Delivered,PayPal,Tablet,Social,Returning,7,3,14,1.0
Books,307.93,1,Returned,Credit Card,Tablet,Social,VIP,7,3,14,6.0
Beauty,186.05,2,Delivered,Apple Pay,Mobile,Paid Search,VIP,7,3,14,1.0
Beauty,355.32,3,Pending,Google Pay,Tablet,Organic,VIP,7,3,14,1.0
Clothing,396.98,4,Delivered,PayPal,Mobile,Social,Returning,7,3,14,3.0
Toys,29.81,2,Delivered,Google Pay,Mobile,Email,Returning,7,3,14,6.0
Beauty,191.12,3,Delivered,Credit Card,Desktop,Email,Returning,7,3,14,7.0
Beauty,24.28,1,Delivered,Apple Pay,Tablet,Email,Returning,7,3,14,3.0
Home,131.58,1,Delivered,Debit Card,Desktop,Organic,Returning,7,3,14,5.0
Toys,240.5,1,Pending,Debit Card,Desktop,Paid Search,New,7,3,14,2.0
Beauty,191.78,3,Delivered,Credit Card,Mobile,Social,Returning,7,3,14,1.0
Clothing,264.15,3,Returned,Apple Pay,Tablet,Social,Returning,7,3,14,1.0
Electronics,408.84,3,Delivered,Credit Card,Tablet,Organic,VIP,7,3,14,1.0
Electronics,27.77,1,Delivered,Credit Card,Mobile,Social,Returning,7,3,14,4.0
Toys,392.07,2,Delivered,Credit Card,Mobile,Social,Returning,7,3,14,6.0
Clothing,485.43,3,Pending,Google Pay,Tablet,Paid Search,Returning,7,3,14,7.0
Beauty,335.5,1,Pending,Google Pay,Mobile,Email,Returning,7,3,14,3.0
Toys,12.77,4,Delivered,PayPal,Desktop,Social,VIP,7,3,14,5.0
Beauty,453.14,4,Delivered,Credit Card,Desktop,Paid Search,Returning,7,3,14,7.0
Clothing,258.96,3,Delivered,PayPal,Tablet,Email,Returning,7,3,14,7.0
Beauty,337.31,2,Delivered,PayPal,Mobile,Paid Search,VIP,7,4,14,5.0
Toys,54.18,1,Shipped,Credit Card,Mobile,Paid Search,VIP,7,4,14,3.0
Books,50.98,4,Shipped,Google Pay,Desktop,Organic,VIP,7,4,14,5.0
Books,289.49,5,Delivered,Google Pay,Desktop,Email,VIP,7,4,14,1.0
Books,137.11,4,Delivered,Apple Pay,Tablet,Organic,Returning,7,4,14,3.0
Books,425.88,4,Delivered,Debit Card,Mobile,Paid Search,VIP,7,4,14,5.0
Toys,11.63,2,Delivered,Debit Card,Tablet,Paid Search,VIP,7,4,14,1.0
Beauty,366.15,2,Delivered,Apple Pay,Tablet,Social,Returning,7,4,14,7.0
Clothing,189.09,1,Shipped,Debit Card,Tablet,Organic,VIP,7,4,14,2.0
Electronics,116.0,2,Delivered,Apple Pay,Desktop,Email,New,7,4,14,7.0
Electronics,201.7,6,Returned,Debit Card,Desktop,Social,VIP,7,4,14,5.0
Toys,34.81,1,Delivered,Apple Pay,Tablet,Paid Search,VIP,7,4,14,2.0
Toys,82.26,1,Shipped,Apple Pay,Mobile,Email,VIP,7,4,14,7.0
Clothing,378.72,1,Delivered,Apple Pay,Tablet,Email,Returning,7,4,14,1.0
Toys,225.76,5,Delivered,PayPal,Tablet,Email,Returning,7,4,14,5.0
Home,273.96,2,Delivered,Google Pay,Desktop,Email,VIP,7,4,14,2.0
Books,378.51,6,Delivered,PayPal,Desktop,Paid Search,Returning,7,4,14,4.0
Toys,366.76,4,Delivered,Google Pay,Tablet,Paid Search,Returning,7,4,14,5.0
Books,324.0,4,Shipped,Google Pay,Mobile,Social,New,7,4,14,6.0
Toys,68.28,1,Pending,Debit Card,Mobile,Social,VIP,7,4,14,5.0
Beauty,289.06,2,Delivered,PayPal,Mobile,Email,VIP,7,4,14,6.0
Clothing,276.57,2,Delivered,Apple Pay,Mobile,Social,Returning,7,4,14,7.0
Beauty,483.05,3,Delivered,Debit Card,Mobile,Social,VIP,7,4,14,1.0
Books,457.17,1,Pending,Credit Card,Mobile,Email,Returning,7,4,14,1.0
Clothing,429.83,5,Shipped,Debit Card,Desktop,Organic,Returning,7,5,14,5.0
Toys,77.11,3,Delivered,Google Pay,Tablet,Social,Returning,7,5,14,3.0
Home,128.98,2,Delivered,Debit Card,Tablet,Organic,Returning,7,5,14,5.0
Electronics,231.09,2,Delivered,PayPal,Desktop,Email,VIP,7,5,14,4.0
Home,439.65,9,Delivered,Debit Card,Mobile,Email,VIP,7,5,14,7.0
Electronics,390.07,2,Delivered,Google Pay,Tablet,Email,VIP,7,5,14,7.0
Beauty,216.99,1,Delivered,Apple Pay,Tablet,Email,Returning,7,5,14,1.0
Toys,57.5,1,Delivered,Apple Pay,Mobile,Organic,VIP,7,5,14,6.0
Clothing,136.3,2,Delivered,Apple Pay,Mobile,Paid Search,Returning,7,5,14,3.0
Beauty,416.35,3,Returned,Debit Card,Tablet,Organic,VIP,7,5,14,7.0
Home,226.44,2,Pending,Credit Card,Desktop,Social,Returning,7,5,14,1.0
Clothing,394.76,1,Delivered,Google Pay,Desktop,Social,VIP,7,5,14,4.0
Toys,303.98,4,Shipped,Debit Card,Mobile,Organic,Returning,7,5,14,1.0
Electronics,161.23,3,Delivered,PayPal,Desktop,Organic,VIP,7,5,14,5.0
Clothing,253.34,1,Pending,Google Pay,Mobile,Email,VIP,7,5,14,6.0
Beauty,458.76,1,Delivered,Debit Card,Desktop,Paid Search,VIP,7,5,14,4.0
Clothing,405.92,4,Delivered,Apple Pay,Mobile,Email,VIP,7,5,14,7.0
Beauty,42.83,2,Delivered,Apple Pay,Tablet,Organic,VIP,7,5,14,1.0
Home,132.74,5,Shipped,Apple Pay,Desktop,Organic,Returning,7,5,14,4.0
Books,297.7,2,Shipped,Google Pay,Mobile,Social,VIP,7,5,14,2.0
Books,449.19,1,Delivered,Google Pay,Tablet,Social,VIP,7,5,14,3.0
Books,204.54,2,Shipped,Google Pay,Mobile,Social,New,7,5,14,1.0
Electronics,116.57,3,Delivered,PayPal,Tablet,Paid Search,VIP,7,5,14,2.0
Toys,408.71,1,Delivered,Apple Pay,Tablet,Paid Search,VIP,7,5,14,5.0
Beauty,114.27,1,Delivered,Google Pay,Tablet,Social,VIP,7,5,14,4.0
Home,142.33,6,Delivered,Google Pay,Desktop,Social,Returning,7,6,14,2.0
Toys,140.12,4,Delivered,Apple Pay,Desktop,Organic,Returning,7,6,14,5.0
Beauty,268.12,1,Delivered,Debit Card,Mobile,Organic,VIP,7,6,14,7.0
Toys,388.47,2,Shipped,Credit Card,Tablet,Social,Returning,7,6,14,2.0
Home,357.41,3,Delivered,Credit Card,Mobile,Email,VIP,7,6,14,4.0
Books,187.8,1,Shipped,PayPal,Desktop,Social,VIP,7,6,14,5.0
Clothing,424.08,3,Delivered,Google Pay,Tablet,Paid Search,VIP,7,6,14,7.0
Toys,418.45,1,Delivered,PayPal,Mobile,Organic,Returning,7,6,14,5.0
Clothing,373.27,1,Shipped,PayPal,Mobile,Email,VIP,7,6,14,4.0
Books,58.52,2,Delivered,PayPal,Desktop,Paid Search,Returning,7,6,14,1.0
Clothing,354.85,3,Delivered,Debit Card,Mobile,Email,VIP,7,6,14,7.0
Toys,469.83,1,Delivered,Google Pay,Tablet,Organic,VIP,7,6,14,5.0
Clothing,85.59,4,Delivered,Credit Card,Mobile,Paid Search,Returning,7,6,14,4.0
Books,39.42,1,Delivered,Google Pay,Desktop,Organic,Returning,7,6,14,2.0
Home,176.37,2,Delivered,PayPal,Tablet,Organic,VIP,7,6,14,6.0
Home,427.13,3,Delivered,Credit Card,Desktop,Organic,New,7,6,14,4.0
Home,197.17,5,Delivered,Google Pay,Tablet,Paid Search,VIP,7,6,14,3.0
Electronics,304.6,2,Delivered,Credit Card,Desktop,Social,VIP,7,6,14,5.0
Clothing,469.79,2,Shipped,Google Pay,Tablet,Email,VIP,7,6,14,4.0
Toys,430.08,2,Delivered,Credit Card,Tablet,Paid Search,Returning,7,6,14,4.0
Toys,56.52,2,Delivered,Apple Pay,Tablet,Social,VIP,7,6,14,6.0
Beauty,250.21,2,Delivered,Debit Card,Desktop,Email,VIP,7,6,14,3.0
Electronics,488.84,1,Shipped,Google Pay,Mobile,Email,Returning,7,6,14,6.0
Toys,497.18,1,Delivered,Debit Card,Tablet,Paid Search,Returning,7,6,14,4.0
Home,180.84,3,Delivered,Credit Card,Tablet,Organic,Returning,7,6,14,6.0
Electronics,183.04,1,Pending,Google Pay,Mobile,Social,VIP,7,6,14,2.0
Books,77.39,3,Shipped,Google Pay,Desktop,Social,Returning,7,6,14,2.0
Toys,52.41,2,Delivered,PayPal,Desktop,Social,Returning,7,6,14,4.0
Books,45.71,3,Delivered,Debit Card,Desktop,Organic,Returning,7,6,14,6.0
Books,222.46,2,Delivered,Google Pay,Tablet,Organic,VIP,7,6,14,7.0
Toys,280.33,1,Shipped,Credit Card,Mobile,Paid Search,VIP,7,6,14,1.0
Home,489.04,4,Delivered,Google Pay,Tablet,Organic,VIP,7,0,14,1.0
Electronics,222.36,2,Shipped,Apple Pay,Tablet,Social,Returning,7,0,14,5.0
Clothing,371.38,3,Delivered,Debit Card,Tablet,Email,VIP,7,0,14,3.0
Clothing,210.81,3,Delivered,Google Pay,Mobile,Social,VIP,7,0,14,4.0
Toys,462.47,2,Pending,Debit Card,Desktop,Organic,Returning,7,0,14,3.0
Home,467.63,3,Shipped,Credit Card,Tablet,Email,VIP,7,0,14,3.0
Beauty,233.99,2,Delivered,Apple Pay,Tablet,Email,Returning,7,0,14,2.0
Home,360.79,1,Delivered,Debit Card,Mobile,Organic,Returning,7,0,14,1.0
Home,268.6,1,Delivered,Google Pay,Tablet,Social,Returning,7,0,14,6.0
Clothing,211.89,4,Shipped,PayPal,Mobile,Social,VIP,7,0,14,4.0
Clothing,47.13,1,Shipped,Google Pay,Desktop,Social,Returning,7,0,14,3.0
Clothing,477.26,2,Delivered,Debit Card,Desktop,Email,Returning,7,0,14,3.0
Beauty,366.77,1,Shipped,Credit Card,Tablet,Organic,VIP,7,0,14,2.0
Home,279.57,3,Shipped,Apple Pay,Desktop,Organic,VIP,7,0,14,6.0
Clothing,30.15,4,Delivered,Apple Pay,Tablet,Social,Returning,7,0,14,6.0
Toys,416.33,5,Delivered,Apple Pay,Desktop,Paid Search,Returning,7,0,14,2.0
Electronics,64.12,1,Delivered,PayPal,Mobile,Email,VIP,7,0,14,3.0
Beauty,254.76,1,Delivered,Debit Card,Tablet,Paid Search,VIP,7,0,14,7.0
Home,422.72,2,Delivered,Google Pay,Desktop,Paid Search,Returning,7,0,14,3.0
Home,250.83,2,Delivered,Debit Card,Tablet,Paid Search,VIP,7,0,14,4.0
Clothing,262.2,1,Returned,Credit Card,Tablet,Paid Search,VIP,7,0,14,1.0
Toys,423.74,2,Delivered,Credit Card,Tablet,Paid Search,VIP,7,0,14,5.0
Home,428.96,2,Delivered,Debit Card,Desktop,Social,VIP,7,0,14,7.0
Books,282.67,4,Delivered,PayPal,Tablet,Paid Search,VIP,7,0,14,4.0
Books,457.31,4,Returned,Google Pay,Tablet,Social,VIP,7,0,14,6.0
Clothing,266.24,1,Delivered,Credit Card,Tablet,Paid Search,VIP,7,0,14,4.0
Books,145.05,2,Delivered,Apple Pay,Tablet,Organic,New,7,0,14,3.0
Home,189.87,2,Pending,Debit Card,Desktop,Paid Search,VIP,7,0,14,1.0
Electronics,222.37,3,Delivered,Apple Pay,Desktop,Paid Search,VIP,7,0,14,7.0
Clothing,134.5,3,Delivered,PayPal,Desktop,Email,VIP,7,1,14,1.0
Electronics,273.62,3,Delivered,Credit Card,Mobile,Organic,VIP,7,1,14,4.0
Electronics,94.55,3,Delivered,Debit Card,Mobile,Email,VIP,7,1,14,4.0
Electronics,29.1,5,Delivered,Google Pay,Desktop,Organic,VIP,7,1,14,4.0
Clothing,177.8,3,Delivered,Google Pay,Mobile,Paid Search,VIP,7,1,14,3.0
Home,376.88,1,Delivered,Google Pay,Tablet,Social,New,7,1,14,5.0
Beauty,491.91,2,Delivered,Debit Card,Desktop,Paid Search,Returning,7,1,14,1.0
Toys,113.16,6,Delivered,PayPal,Mobile,Social,VIP,7,1,14,3.0
Electronics,267.65,1,Delivered,PayPal,Tablet,Paid Search,VIP,7,1,14,5.0
Books,122.83,1,Delivered,PayPal,Mobile,Paid Search,VIP,7,1,14,1.0
Books,278.02,1,Delivered,PayPal,Mobile,Organic,VIP,7,1,14,1.0
Toys,326.15,1,Shipped,Apple Pay,Tablet,Organic,VIP,7,1,14,6.0
Beauty,395.12,1,Delivered,Credit Card,Mobile,Social,VIP,7,1,14,6.0
Electronics,176.47,2,Pending,Apple Pay,Mobile,Organic,VIP,7,1,14,7.0
Electronics,8.08,1,Delivered,Credit Card,Mobile,Email,VIP,7,1,14,1.0
Electronics,127.91,5,Delivered,Google Pay,Tablet,Paid Search,Returning,7,1,14,4.0
Books,453.51,1,Delivered,PayPal,Desktop,Paid Search,Returning,7,1,14,7.0
Beauty,198.76,3,Delivered,Debit Card,Mobile,Paid Search,VIP,7,1,14,7.0
Books,411.64,1,Delivered,Credit Card,Desktop,Paid Search,VIP,7,1,14,4.0
Toys,112.6,1,Delivered,Credit Card,Desktop,Email,Returning,7,1,14,6.0
Clothing,446.87,2,Shipped,Google Pay,Mobile,Organic,VIP,7,1,14,4.0
Clothing,476.55,2,Shipped,Apple Pay,Desktop,Email,VIP,7,1,14,1.0
Clothing,277.24,5,Returned,Debit Card,Desktop,Social,Returning,7,1,14,6.0
Toys,332.8,2,Pending,Debit Card,Tablet,Social,VIP,7,1,14,6.0
Toys,297.4,1,Shipped,Google Pay,Desktop,Organic,Returning,7,1,14,4.0
Home,143.21,1,Shipped,PayPal,Tablet,Social,VIP,7,1,14,3.0
Books,197.46,1,Delivered,Credit Card,Desktop,Paid Search,Returning,7,1,14,4.0
Electronics,51.88,6,Delivered,Apple Pay,Tablet,Email,Returning,7,2,14,6.0
Clothing,60.38,1,Delivered,Credit Card,Mobile,Social,VIP,7,2,14,3.0
Clothing,180.12,4,Shipped,Apple Pay,Mobile,Social,VIP,7,2,14,4.0
Clothing,25.87,2,Delivered,Credit Card,Tablet,Organic,Returning,7,2,14,6.0
Beauty,312.72,3,Delivered,Apple Pay,Desktop,Social,VIP,7,2,14,6.0
Clothing,191.27,1,Delivered,Google Pay,Tablet,Organic,New,7,2,14,7.0
Books,495.84,3,Delivered,PayPal,Desktop,Paid Search,Returning,7,2,14,1.0
Books,481.66,2,Delivered,Apple Pay,Desktop,Social,VIP,7,2,14,4.0
Home,147.45,4,Delivered,PayPal,Tablet,Email,VIP,7,2,14,5.0
Books,235.87,1,Delivered,Debit Card,Mobile,Paid Search,VIP,7,2,14,5.0
Clothing,394.65,4,Delivered,Apple Pay,Desktop,Organic,Returning,7,2,14,3.0
Toys,407.34,1,Delivered,PayPal,Desktop,Email,Returning,7,2,14,7.0
Home,222.75,1,Delivered,Debit Card,Mobile,Email,VIP,7,2,14,1.0
Clothing,171.06,1,Shipped,Google Pay,Desktop,Email,Returning,7,2,14,5.0
Beauty,274.35,3,Delivered,Debit Card,Tablet,Paid Search,VIP,7,2,14,4.0
Beauty,227.86,2,Delivered,Credit Card,Mobile,Email,VIP,7,2,14,1.0
Books,44.68,1,Delivered,Google Pay,Desktop,Organic,VIP,7,2,14,6.0
Toys,208.71,2,Delivered,Credit Card,Desktop,Social,Returning,7,2,14,4.0
Beauty,263.34,1,Shipped,PayPal,Mobile,Social,VIP,7,2,14,4.0
Books,260.12,1,Delivered,PayPal,Mobile,Paid Search,VIP,7,2,14,7.0
Toys,200.62,2,Delivered,Credit Card,Tablet,Email,Returning,7,2,14,6.0
Clothing,202.21,5,Shipped,PayPal,Mobile,Email,New,7,2,14,4.0
Toys,257.13,1,Delivered,PayPal,Desktop,Paid Search,Returning,7,2,14,6.0
Books,154.75,2,Delivered,Debit Card,Desktop,Social,VIP,7,2,14,5.0
Home,149.57,1,Delivered,PayPal,Tablet,Organic,VIP,7,2,14,2.0
Electronics,390.45,1,Delivered,Credit Card,Mobile,Email,VIP,7,2,14,6.0
Clothing,310.02,1,Delivered,Debit Card,Desktop,Email,Returning,7,2,14,1.0
Clothing,131.48,3,Delivered,Debit Card,Tablet,Social,VIP,7,2,14,5.0
Books,258.32,1,Delivered,Debit Card,Tablet,Email,VIP,7,2,14,5.0
Home,185.71,2,Pending,Credit Card,Desktop,Social,VIP,7,2,14,3.0
Beauty,440.77,1,Delivered,Google Pay,Tablet,Email,VIP,7,2,14,5.0
Clothing,171.08,1,Delivered,Debit Card,Desktop,Paid Search,Returning,7,2,14,4.0
Electronics,371.28,2,Delivered,Credit Card,Desktop,Social,New,7,2,14,5.0
Electronics,473.19,1,Shipped,Apple Pay,Tablet,Paid Search,Returning,7,2,14,7.0
Books,415.17,5,Delivered,Credit Card,Tablet,Organic,VIP,7,2,14,4.0
Home,423.72,2,Delivered,Credit Card,Desktop,Social,Returning,7,3,14,6.0
Toys,7.88,1,Delivered,Debit Card,Desktop,Paid Search,VIP,7,3,14,5.0
Clothing,179.08,2,Shipped,PayPal,Mobile,Email,VIP,7,3,14,3.0
Books,264.87,3,Pending,Debit Card,Tablet,Paid Search,VIP,7,3,14,7.0
Home,51.12,1,Delivered,Debit Card,Desktop,Email,VIP,7,3,14,1.0
Electronics,299.94,5,Returned,Credit Card,Mobile,Social,VIP,7,3,14,1.0
Books,449.94,3,Shipped,Apple Pay,Tablet,Paid Search,VIP,7,3,14,6.0
Home,459.6,4,Shipped,Credit Card,Desktop,Social,Returning,7,3,14,6.0
Beauty,276.34,1,Returned,PayPal,Mobile,Organic,VIP,7,3,14,1.0
Toys,488.66,1,Delivered,PayPal,Mobile,Organic,Returning,7,3,14,3.0
Toys,369.88,1,Delivered,Google Pay,Tablet,Social,Returning,7,3,14,2.0
Books,267.0,2,Delivered,Credit Card,Desktop,Organic,VIP,7,3,14,3.0
Beauty,342.73,2,Delivered,Credit Card,Desktop,Email,Returning,7,3,14,1.0
Toys,251.33,1,Pending,PayPal,Tablet,Social,New,7,3,14,2.0
Clothing,306.32,1,Shipped,Apple Pay,Tablet,Social,VIP,7,3,14,2.0
Beauty,76.0,1,Delivered,Credit Card,Mobile,Social,Returning,7,3,14,4.0
Beauty,229.43,1,Delivered,Apple Pay,Tablet,Social,Returning,7,3,14,2.0
Electronics,220.49,2,Delivered,Google Pay,Desktop,Social,VIP,7,3,14,6.0
Clothing,14.61,2,Shipped,PayPal,Desktop,Organic,VIP,7,4,14,4.0
Home,155.53,3,Delivered,Credit Card,Mobile,Social,Returning,7,4,14,6.0
Electronics,332.58,1,Delivered,Google Pay,Mobile,Organic,Returning,7,4,14,7.0
Clothing,244.35,1,Pending,Google Pay,Mobile,Organic,Returning,7,4,14,1.0
Clothing,55.33,1,Delivered,Google Pay,Tablet,Organic,Returning,7,4,14,1.0
Home,183.04,3,Delivered,Google Pay,Desktop,Social,Returning,7,4,14,2.0
Beauty,120.0,1,Delivered,Apple Pay,Desktop,Social,VIP,7,4,14,2.0
Beauty,176.7,1,Delivered,PayPal,Tablet,Paid Search,Returning,7,4,14,1.0
Electronics,5.78,2,Delivered,Credit Card,Mobile,Organic,VIP,7,4,14,3.0
Clothing,105.91,1,Delivered,PayPal,Mobile,Paid Search,Returning,7,4,14,2.0
Beauty,326.47,2,Delivered,Google Pay,Mobile,Organic,Returning,7,4,14,1.0
Beauty,436.32,1,Shipped,PayPal,Desktop,Organic,Returning,7,4,14,5.0
Toys,297.8,1,Shipped,Apple Pay,Mobile,Organic,VIP,7,4,14,2.0
Home,249.32,2,Delivered,Google Pay,Mobile,Social,New,7,4,14,3.0
Books,442.65,2,Delivered,Credit Card,Mobile,Organic,Returning,7,4,14,5.0
Books,497.76,1,Shipped,Apple Pay,Mobile,Organic,VIP,7,4,14,4.0
Books,289.41,4,Delivered,Apple Pay,Desktop,Organic,VIP,7,4,14,5.0
Home,225.19,1,Shipped,PayPal,Desktop,Email,Returning,7,4,14,6.0
Home,151.94,3,Delivered,Google Pay,Tablet,Organic,VIP,7,4,14,3.0
Clothing,339.5,1,Delivered,Apple Pay,Mobile,Paid Search,Returning,7,4,14,3.0
Toys,227.13,1,Delivered,Google Pay,Tablet,Paid Search,Returning,7,4,14,4.0
Electronics,355.72,3,Delivered,Debit Card,Desktop,Organic,Returning,7,4,14,4.0
Toys,271.25,1,Delivered,Credit Card,Mobile,Email,VIP,7,4,14,1.0
Books,408.22,1,Delivered,Apple Pay,Mobile,Paid Search,VIP,7,4,14,7.0
Home,152.77,5,Delivered,Apple Pay,Desktop,Paid Search,Returning,7,4,14,1.0
Home,198.22,1,Delivered,Apple Pay,Desktop,Organic,VIP,7,4,14,3.0
Home,408.04,3,Delivered,Google Pay,Desktop,Email,VIP,7,4,14,1.0
Books,302.11,1,Shipped,Google Pay,Mobile,Organic,Returning,7,4,14,6.0
Beauty,219.31,1,Delivered,Debit Card,Mobile,Social,VIP,7,4,14,4.0
Clothing,124.29,1,Shipped,Apple Pay,Tablet,Organic,Returning,7,4,14,4.0
Books,201.52,2,Delivered,Apple Pay,Tablet,Email,Returning,7,4,14,5.0
Electronics,45.54,3,Delivered,Google Pay,Desktop,Paid Search,Returning,7,4,14,1.0
Beauty,254.42,1,Delivered,Apple Pay,Mobile,Social,New,7,4,14,7.0
Beauty,463.39,1,Delivered,Credit Card,Desktop,Organic,Returning,7,4,14,7.0
Home,126.75,2,Delivered,PayPal,Tablet,Organic,VIP,7,5,14,4.0
Books,111.34,3,Delivered,Credit Card,Tablet,Paid Search,VIP,7,5,14,7.0
Beauty,66.56,1,Delivered,Debit Card,Tablet,Email,New,7,5,14,7.0
Toys,462.41,2,Delivered,Apple Pay,Mobile,Email,VIP,7,5,14,4.0
Electronics,13.89,1,Delivered,Debit Card,Tablet,Social,VIP,7,5,14,1.0
Beauty,58.42,1,Pending,Google Pay,Tablet,Social,Returning,7,5,14,5.0
Toys,88.9,1,Shipped,Google Pay,Mobile,Email,VIP,7,5,14,6.0
Beauty,405.64,2,Shipped,Credit Card,Desktop,Organic,Returning,7,5,14,7.0
Beauty,269.68,1,Delivered,Credit Card,Desktop,Email,New,7,5,14,1.0
Home,361.4,6,Delivered,Google Pay,Tablet,Organic,Returning,7,5,14,2.0
Clothing,294.11,2,Delivered,Apple Pay,Mobile,Social,New,7,5,14,4.0
Books,450.78,1,Returned,Apple Pay,Desktop,Organic,VIP,7,5,14,1.0
Toys,148.12,2,Delivered,Google Pay,Tablet,Social,VIP,7,5,14,7.0
Toys,174.49,5,Shipped,Credit Card,Desktop,Organic,VIP,7,5,14,3.0
Electronics,368.61,1,Delivered,Google Pay,Desktop,Social,Returning,7,5,14,2.0
Clothing,143.53,1,Delivered,PayPal,Mobile,Paid Search,VIP,7,5,14,3.0
Home,427.63,3,Pending,Google Pay,Desktop,Organic,New,7,5,14,5.0
Electronics,386.35,1,Shipped,Apple Pay,Tablet,Organic,VIP,7,5,14,1.0
Beauty,55.96,3,Delivered,PayPal,Tablet,Email,VIP,7,5,14,1.0
Books,106.89,3,Shipped,Google Pay,Mobile,Organic,VIP,7,5,14,2.0
Books,321.71,2,Delivered,Credit Card,Desktop,Organic,Returning,7,6,14,7.0
Home,123.89,2,Delivered,PayPal,Mobile,Organic,VIP,7,6,14,7.0
Electronics,170.33,2,Delivered,Debit Card,Tablet,Organic,VIP,7,6,14,7.0
Electronics,8.25,5,Delivered,PayPal,Desktop,Organic,Returning,7,6,14,3.0
Electronics,250.23,1,Delivered,PayPal,Desktop,Organic,VIP,7,6,14,3.0
Toys,197.08,2,Delivered,PayPal,Desktop,Organic,Returning,7,6,14,6.0
Books,95.78,3,Delivered,PayPal,Tablet,Paid Search,VIP,7,6,14,4.0
Electronics,461.14,5,Delivered,PayPal,Desktop,Email,VIP,7,6,14,2.0
Home,393.13,2,Delivered,Credit Card,Desktop,Email,Returning,7,6,14,5.0
Electronics,160.13,1,Delivered,Apple Pay,Mobile,Organic,VIP,7,6,14,2.0
Toys,93.98,1,Delivered,Apple Pay,Mobile,Organic,VIP,7,6,14,5.0
Beauty,293.45,3,Delivered,PayPal,Desktop,Social,VIP,7,6,14,4.0
Beauty,337.03,1,Shipped,PayPal,Desktop,Social,VIP,7,6,14,4.0
Home,206.91,1,Delivered,PayPal,Tablet,Organic,VIP,7,6,14,1.0
Electronics,338.92,3,Delivered,PayPal,Desktop,Organic,VIP,7,6,14,6.0
Beauty,335.3,2,Delivered,PayPal,Desktop,Email,New,7,6,14,1.0
Beauty,160.77,1,Delivered,Credit Card,Tablet,Social,VIP,7,6,14,4.0
Home,358.12,1,Delivered,Debit Card,Tablet,Paid Search,Returning,7,6,14,3.0
Books,432.83,1,Delivered,Debit Card,Desktop,Organic,VIP,7,6,14,2.0
Books,280.11,3,Delivered,Apple Pay,Mobile,Email,VIP,7,6,14,7.0
Beauty,236.0,1,Shipped,PayPal,Mobile,Social,New,7,6,14,6.0
Toys,244.49,1,Delivered,PayPal,Desktop,Organic,Returning,7,6,14,6.0
Clothing,297.47,1,Delivered,Debit Card,Tablet,Paid Search,VIP,7,6,14,6.0
Toys,169.83,2,Delivered,PayPal,Tablet,Paid Search,Returning,7,6,14,7.0
Books,299.1,2,Shipped,Google Pay,Tablet,Email,New,7,6,14,5.0
Home,143.88,1,Shipped,PayPal,Desktop,Email,VIP,7,6,14,3.0
Toys,175.58,1,Delivered,Google Pay,Mobile,Organic,VIP,7,6,14,5.0
Home,410.52,1,Delivered,Apple Pay,Mobile,Paid Search,VIP,7,6,14,5.0
Electronics,448.67,1,Delivered,Credit Card,Tablet,Email,VIP,7,0,14,5.0
Electronics,103.51,3,Returned,Google Pay,Desktop,Organic,VIP,7,0,14,3.0
Clothing,17.76,2,Returned,Apple Pay,Tablet,Paid Search,Returning,7,0,14,4.0
Electronics,152.49,2,Delivered,Apple Pay,Desktop,Social,Returning,7,0,14,6.0
Home,469.23,3,Delivered,Apple Pay,Mobile,Organic,VIP,7,0,14,1.0
Beauty,458.66,1,Delivered,PayPal,Tablet,Social,VIP,7,0,14,2.0
Electronics,282.25,3,Delivered,PayPal,Tablet,Email,VIP,7,0,14,3.0
Toys,87.86,1,Shipped,Google Pay,Mobile,Social,Returning,7,0,14,2.0
Electronics,346.26,1,Pending,Apple Pay,Desktop,Paid Search,VIP,7,0,14,3.0
Beauty,69.9,2,Delivered,Apple Pay,Desktop,Paid Search,VIP,7,0,14,2.0
Electronics,398.83,2,Delivered,Google Pay,Mobile,Email,VIP,7,0,14,3.0
Books,125.15,3,Pending,PayPal,Desktop,Paid Search,VIP,7,0,14,3.0
Home,173.27,2,Delivered,Debit Card,Mobile,Paid Search,VIP,7,0,14,3.0
Books,385.9,2,Delivered,Debit Card,Mobile,Paid Search,Returning,7,0,14,7.0
Books,400.81,3,Delivered,Apple Pay,Tablet,Paid Search,Returning,7,0,14,4.0
Clothing,438.33,2,Delivered,Apple Pay,Mobile,Paid Search,VIP,7,0,14,3.0
Home,397.31,3,Delivered,Apple Pay,Desktop,Email,VIP,7,0,14,4.0
Books,231.44,1,Shipped,Google Pay,Tablet,Paid Search,New,7,0,14,6.0
Home,188.42,4,Delivered,Debit Card,Mobile,Organic,VIP,7,0,14,2.0
Toys,279.09,1,Shipped,PayPal,Mobile,Email,Returning,7,0,14,6.0
Beauty,214.46,2,Shipped,Credit Card,Desktop,Organic,Returning,7,0,14,2.0
Toys,230.42,6,Delivered,Apple Pay,Desktop,Paid Search,VIP,7,0,14,4.0
Beauty,47.79,4,Delivered,PayPal,Tablet,Social,Returning,7,0,14,5.0
Electronics,15.3,1,Shipped,Apple Pay,Desktop,Paid Search,Returning,7,0,14,2.0
Books,377.61,2,Delivered,Credit Card,Tablet,Social,VIP,7,1,14,4.0
Toys,483.51,1,Delivered,Debit Card,Tablet,Social,VIP,7,1,14,3.0
Beauty,250.99,1,Delivered,Debit Card,Tablet,Organic,Returning,7,1,14,6.0
Books,66.08,1,Delivered,PayPal,Tablet,Organic,Returning,7,1,14,7.0
Home,395.89,2,Delivered,PayPal,Tablet,Paid Search,Returning,7,1,14,3.0
Electronics,9.51,2,Delivered,PayPal,Mobile,Organic,Returning,7,1,14,2.0
Electronics,225.11,2,Delivered,Apple Pay,Tablet,Paid Search,VIP,7,1,14,3.0
Toys,168.97,2,Shipped,Debit Card,Mobile,Social,Returning,7,1,14,5.0
Electronics,317.1,4,Shipped,Google Pay,Desktop,Paid Search,Returning,7,1,14,5.0
Home,176.25,1,Delivered,Debit Card,Desktop,Organic,Returning,7,1,14,6.0
Electronics,354.94,1,Shipped,Apple Pay,Tablet,Organic,Returning,7,1,14,7.0
Home,273.24,3,Delivered,Google Pay,Tablet,Email,Returning,7,1,14,1.0
Books,210.71,1,Delivered,PayPal,Desktop,Organic,Returning,7,1,14,3.0
Books,365.53,3,Returned,PayPal,Desktop,Paid Search,Returning,7,1,14,1.0
Electronics,130.05,3,Delivered,Credit Card,Mobile,Organic,Returning,7,1,14,1.0
Books,350.58,2,Delivered,PayPal,Mobile,Paid Search,New,7,1,14,3.0
Toys,12.89,3,Shipped,Credit Card,Tablet,Social,VIP,7,1,14,3.0
Electronics,91.33,1,Delivered,Google Pay,Mobile,Email,VIP,7,1,14,4.0
Books,88.89,1,Delivered,Apple Pay,Tablet,Paid Search,VIP,7,1,14,4.0
Books,21.85,1,Delivered,Apple Pay,Desktop,Organic,Returning,7,1,14,3.0
Home,313.19,3,Delivered,Apple Pay,Mobile,Email,Returning,7,1,14,2.0
Home,247.07,3,Delivered,PayPal,Desktop,Organic,VIP,7,1,14,5.0
Toys,441.21,2,Shipped,Credit Card,Desktop,Paid Search,VIP,7,1,14,2.0
Toys,209.84,1,Delivered,Google Pay,Mobile,Social,Returning,7,1,14,3.0
Electronics,103.43,1,Delivered,Credit Card,Desktop,Email,Returning,7,1,14,7.0
Home,86.89,1,Delivered,PayPal,Tablet,Social,Returning,7,1,14,3.0
Toys,399.83,2,Delivered,PayPal,Desktop,Paid Search,VIP,7,1,14,3.0
Beauty,214.02,4,Delivered,PayPal,Desktop,Paid Search,Returning,7,1,14,1.0
Electronics,465.71,4,Pending,PayPal,Mobile,Paid Search,Returning,7,1,14,7.0
Toys,294.05,3,Delivered,Debit Card,Mobile,Organic,VIP,7,1,14,5.0
Beauty,331.36,1,Delivered,PayPal,Desktop,Email,Returning,7,2,14,5.0
Electronics,435.12,4,Returned,Credit Card,Tablet,Email,New,7,2,14,6.0
Toys,384.56,5,Delivered,Credit Card,Mobile,Social,VIP,7,2,14,5.0
Toys,382.52,1,Delivered,PayPal,Mobile,Paid Search,Returning,7,2,14,5.0
Home,173.87,1,Delivered,PayPal,Desktop,Social,Returning,7,2,14,6.0
Electronics,137.25,1,Delivered,PayPal,Tablet,Paid Search,Returning,7,2,14,4.0
Toys,251.19,2,Shipped,Apple Pay,Tablet,Organic,VIP,7,2,14,6.0
Clothing,223.48,1,Delivered,PayPal,Tablet,Social,VIP,7,2,14,1.0
Home,288.32,3,Delivered,Credit Card,Desktop,Social,Returning,7,2,14,5.0
Clothing,351.03,1,Pending,Google Pay,Desktop,Social,Returning,7,2,14,4.0
Beauty,425.27,1,Delivered,Google Pay,Mobile,Organic,VIP,7,2,14,6.0
Books,260.75,1,Delivered,PayPal,Mobile,Paid Search,VIP,7,2,14,3.0
Beauty,287.02,4,Delivered,Credit Card,Mobile,Email,VIP,7,2,14,7.0
Books,187.68,1,Delivered,Apple Pay,Tablet,Social,VIP,7,2,14,2.0
Electronics,105.27,3,Delivered,Credit Card,Desktop,Email,VIP,7,2,14,5.0
Home,135.97,1,Delivered,Google Pay,Tablet,Organic,Returning,7,2,14,7.0
Toys,264.6,3,Returned,PayPal,Desktop,Social,VIP,7,2,14,3.0
Home,408.85,1,Shipped,Credit Card,Mobile,Paid Search,VIP,7,2,14,5.0
Electronics,487.61,2,Delivered,PayPal,Mobile,Social,Returning,7,2,14,4.0
Home,63.57,3,Shipped,Credit Card,Mobile,Social,VIP,7,2,14,2.0
Electronics,395.88,2,Delivered,Credit Card,Desktop,Social,VIP,7,2,14,3.0
Beauty,416.96,1,Delivered,Google Pay,Desktop,Paid Search,VIP,7,2,14,7.0
Beauty,387.24,2,Delivered,Credit Card,Tablet,Email,VIP,7,2,14,1.0
Books,446.18,2,Delivered,Apple Pay,Mobile,Paid Search,Returning,7,2,14,6.0
Clothing,308.11,4,Shipped,Credit Card,Tablet,Organic,VIP,7,2,14,6.0
Clothing,363.38,4,Delivered,Debit Card,Tablet,Paid Search,Returning,7,2,14,5.0
Beauty,171.63,1,Delivered,PayPal,Mobile,Social,VIP,8,3,14,1.0
Toys,173.49,1,Delivered,Credit Card,Desktop,Paid Search,VIP,8,3,14,1.0
Home,80.63,2,Delivered,Apple Pay,Mobile,Organic,VIP,8,3,14,7.0
Beauty,107.09,1,Delivered,PayPal,Mobile,Organic,VIP,8,3,14,6.0
Clothing,404.17,1,Returned,Google Pay,Tablet,Social,VIP,8,3,14,3.0
Books,196.44,3,Returned,Debit Card,Desktop,Email,VIP,8,3,14,7.0
Electronics,412.26,1,Delivered,Google Pay,Mobile,Paid Search,Returning,8,3,14,4.0
Toys,107.35,2,Shipped,PayPal,Mobile,Social,New,8,3,14,6.0
Toys,160.69,3,Delivered,Google Pay,Mobile,Paid Search,Returning,8,3,14,5.0
Electronics,294.03,1,Delivered,Credit Card,Tablet,Email,Returning,8,3,14,6.0
Clothing,477.64,2,Delivered,Google Pay,Tablet,Paid Search,Returning,8,3,14,1.0
Clothing,318.44,1,Delivered,Google Pay,Tablet,Paid Search,Returning,8,3,14,3.0
Clothing,253.65,3,Returned,Debit Card,Desktop,Email,Returning,8,3,14,1.0
Beauty,336.12,1,Delivered,Debit Card,Tablet,Social,VIP,8,3,14,1.0
Beauty,322.71,1,Delivered,Apple Pay,Desktop,Social,Returning,8,3,14,7.0
Beauty,115.09,2,Returned,PayPal,Desktop,Social,VIP,8,3,14,3.0
Toys,197.92,2,Delivered,Credit Card,Tablet,Paid Search,Returning,8,3,14,7.0
Beauty,365.04,1,Delivered,Debit Card,Desktop,Social,VIP,8,3,14,7.0
Electronics,360.23,2,Delivered,Credit Card,Desktop,Paid Search,VIP,8,3,14,4.0
Electronics,54.7,4,Delivered,Apple Pay,Desktop,Organic,Returning,8,3,14,1.0
Books,486.04,1,Shipped,Google Pay,Desktop,Social,Returning,8,3,14,5.0
Home,234.45,1,Delivered,Apple Pay,Tablet,Paid Search,Returning,8,3,14,6.0
Home,188.42,2,Delivered,Credit Card,Desktop,Social,VIP,8,3,14,3.0
Books,389.11,2,Delivered,Google Pay,Tablet,Organic,VIP,8,3,14,3.0
Toys,107.42,1,Shipped,Credit Card,Tablet,Organic,Returning,8,3,14,3.0
Toys,374.17,1,Delivered,Google Pay,Mobile,Organic,VIP,8,3,14,3.0
Electronics,364.14,4,Delivered,Debit Card,Tablet,Social,Returning,8,3,14,3.0
Home,339.47,4,Returned,Google Pay,Desktop,Organic,VIP,8,3,14,7.0
Toys,46.23,1,Delivered,PayPal,Desktop,Organic,Returning,8,3,14,3.0
Books,66.17,1,Delivered,Apple Pay,Mobile,Organic,VIP,8,4,14,2.0
Books,380.46,4,Delivered,Debit Card,Mobile,Organic,VIP,8,4,14,4.0
Clothing,274.42,2,Shipped,Google Pay,Mobile,Social,Returning,8,4,14,7.0
Electronics,63.97,2,Shipped,Google Pay,Tablet,Social,Returning,8,4,14,7.0
Toys,313.7,1,Delivered,Credit Card,Mobile,Social,VIP,8,4,14,7.0
Electronics,157.0,1,Shipped,PayPal,Tablet,Email,VIP,8,4,14,4.0
Toys,320.31,1,Delivered,PayPal,Mobile,Email,VIP,8,4,14,1.0
Home,393.58,4,Delivered,Credit Card,Tablet,Paid Search,Returning,8,4,14,2.0
Home,332.41,2,Delivered,Credit Card,Desktop,Paid Search,Returning,8,4,14,1.0
Toys,389.43,7,Delivered,Debit Card,Mobile,Email,VIP,8,4,14,3.0
Books,131.48,1,Delivered,Debit Card,Tablet,Email,VIP,8,4,14,1.0
Toys,285.3,3,Delivered,Credit Card,Desktop,Email,Returning,8,4,14,5.0
Electronics,467.04,4,Delivered,Google Pay,Tablet,Paid Search,Returning,8,4,14,1.0
Electronics,467.81,2,Delivered,Apple Pay,Tablet,Social,VIP,8,4,14,7.0
Books,370.74,2,Shipped,Google Pay,Mobile,Paid Search,VIP,8,4,14,6.0
Beauty,120.28,1,Delivered,PayPal,Mobile,Email,VIP,8,4,14,6.0
Electronics,141.65,1,Delivered,PayPal,Mobile,Paid Search,Returning,8,4,14,7.0
Toys,333.05,2,Shipped,Debit Card,Mobile,Organic,Returning,8,4,14,2.0
Beauty,384.97,2,Shipped,Google Pay,Desktop,Organic,Returning,8,4,14,6.0
Clothing,328.23,1,Shipped,Apple Pay,Desktop,Paid Search,VIP,8,5,14,3.0
Toys,26.76,1,Delivered,Google Pay,Desktop,Organic,Returning,8,5,14,1.0
Home,388.33,1,Returned,Debit Card,Mobile,Organic,Returning,8,5,14,1.0
Electronics,143.12,4,Delivered,Google Pay,Mobile,Social,VIP,8,5,14,3.0
Toys,146.24,3,Delivered,Apple Pay,Tablet,Paid Search,VIP,8,5,14,3.0
Clothing,151.74,6,Delivered,Apple Pay,Mobile,Email,Returning,8,5,14,6.0
Toys,445.33,1,Delivered,Credit Card,Desktop,Social,VIP,8,5,14,1.0
Clothing,334.19,1,Delivered,Credit Card,Tablet,Organic,Returning,8,5,14,3.0
Books,212.16,1,Delivered,Google Pay,Tablet,Organic,Returning,8,5,14,7.0
Clothing,189.9,1,Delivered,Credit Card,Desktop,Paid Search,VIP,8,5,14,6.0
Toys,289.28,2,Shipped,Google Pay,Mobile,Email,VIP,8,5,14,5.0
Toys,104.57,2,Delivered,PayPal,Tablet,Paid Search,Returning,8,5,14,4.0
Home,438.13,3,Returned,PayPal,Desktop,Email,Returning,8,5,14,5.0
Electronics,169.41,1,Delivered,Debit Card,Tablet,Social,New,8,5,14,2.0
Books,134.68,1,Shipped,Google Pay,Desktop,Social,Returning,8,5,14,5.0
Toys,121.98,1,Delivered,PayPal,Tablet,Social,VIP,8,5,14,1.0
Toys,255.63,1,Delivered,Debit Card,Tablet,Organic,VIP,8,5,14,5.0
Electronics,452.1,1,Delivered,Google Pay,Tablet,Email,VIP,8,5,14,6.0
Books,122.67,3,Delivered,PayPal,Mobile,Email,New,8,5,14,7.0
Beauty,288.27,1,Delivered,Credit Card,Mobile,Email,VIP,8,5,14,7.0
Home,442.72,1,Delivered,Apple Pay,Mobile,Organic,VIP,8,5,14,4.0
Clothing,362.11,2,Delivered,PayPal,Tablet,Social,Returning,8,5,14,7.0
Home,232.4,2,Delivered,PayPal,Tablet,Email,VIP,8,5,14,5.0
Electronics,113.24,1,Shipped,Google Pay,Tablet,Social,Returning,8,6,14,4.0
Clothing,392.33,1,Shipped,Credit Card,Mobile,Social,Returning,8,6,14,6.0
Home,138.28,2,Shipped,Google Pay,Tablet,Organic,VIP,8,6,14,6.0
Electronics,58.95,1,Delivered,Debit Card,Mobile,Paid Search,Returning,8,6,14,3.0
Books,5.62,2,Delivered,Credit Card,Mobile,Email,VIP,8,6,14,7.0
Electronics,373.88,1,Delivered,Google Pay,Mobile,Organic,VIP,8,6,14,2.0
Home,362.63,1,Delivered,PayPal,Mobile,Social,VIP,8,6,14,6.0
Clothing,111.54,1,Shipped,Credit Card,Mobile,Social,VIP,8,6,14,7.0
Clothing,475.97,1,Delivered,PayPal,Desktop,Paid Search,VIP,8,6,14,2.0
Home,435.88,2,Delivered,Credit Card,Mobile,Social,Returning,8,6,14,1.0
Clothing,33.29,1,Delivered,Debit Card,Mobile,Organic,Returning,8,6,14,5.0
Clothing,274.57,1,Delivered,Debit Card,Desktop,Social,New,8,6,14,4.0
Toys,98.78,1,Shipped,Apple Pay,Desktop,Social,Returning,8,6,14,1.0
Electronics,459.77,2,Delivered,Credit Card,Mobile,Paid Search,VIP,8,6,14,4.0
Books,321.98,1,Shipped,Debit Card,Desktop,Paid Search,Returning,8,6,14,6.0
Electronics,346.49,3,Delivered,Credit Card,Mobile,Email,VIP,8,6,14,1.0
Beauty,50.42,1,Returned,Apple Pay,Desktop,Organic,VIP,8,6,14,1.0
Electronics,371.8,1,Shipped,Debit Card,Tablet,Paid Search,VIP,8,6,14,2.0
Books,118.33,3,Returned,PayPal,Tablet,Social,VIP,8,6,14,4.0
Electronics,270.87,1,Delivered,PayPal,Mobile,Organic,New,8,6,14,7.0
Electronics,259.92,2,Delivered,Debit Card,Desktop,Email,Returning,8,6,14,4.0
Beauty,237.03,1,Delivered,PayPal,Tablet,Social,Returning,8,6,14,6.0
Electronics,84.47,4,Shipped,PayPal,Desktop,Social,Returning,8,6,14,1.0
Books,200.04,3,Delivered,Apple Pay,Desktop,Social,Returning,8,6,14,5.0
Toys,310.08,1,Shipped,Credit Card,Tablet,Social,VIP,8,6,14,6.0
Toys,287.56,3,Returned,Debit Card,Tablet,Email,VIP,8,6,14,6.0
Clothing,378.74,1,Delivered,Google Pay,Tablet,Paid Search,Returning,8,6,14,5.0
Electronics,314.47,1,Delivered,Apple Pay,Desktop,Social,VIP,8,6,14,5.0
Toys,200.86,1,Returned,Google Pay,Tablet,Organic,Returning,8,6,14,7.0
Clothing,300.96,1,Delivered,PayPal,Desktop,Organic,VIP,8,6,14,4.0
Electronics,202.42,2,Delivered,Google Pay,Tablet,Social,Returning,8,6,14,6.0
Books,18.83,1,Returned,Google Pay,Tablet,Social,Returning,8,6,14,6.0
Electronics,131.83,1,Delivered,PayPal,Desktop,Organic,New,8,6,14,5.0
Electronics,239.93,4,Delivered,Apple Pay,Tablet,Social,VIP,8,0,14,3.0
Books,291.38,2,Returned,Google Pay,Tablet,Organic,VIP,8,0,14,1.0
Electronics,132.26,2,Delivered,Debit Card,Tablet,Email,Returning,8,0,14,5.0
Books,36.48,1,Delivered,Credit Card,Desktop,Organic,VIP,8,0,14,1.0
Toys,255.46,3,Delivered,PayPal,Mobile,Social,Returning,8,0,14,6.0
Home,202.82,3,Delivered,Credit Card,Mobile,Paid Search,Returning,8,0,14,1.0
Toys,349.07,1,Delivered,PayPal,Mobile,Organic,Returning,8,0,14,5.0
Beauty,51.65,2,Shipped,Apple Pay,Tablet,Social,New,8,0,14,6.0
Electronics,426.91,2,Shipped,PayPal,Desktop,Email,Returning,8,0,14,2.0
Home,51.86,1,Delivered,PayPal,Desktop,Social,VIP,8,0,14,5.0
Books,299.86,2,Delivered,Apple Pay,Desktop,Email,VIP,8,0,14,4.0
Beauty,297.39,1,Delivered,Apple Pay,Tablet,Paid Search,Returning,8,0,14,2.0
Books,462.26,2,Delivered,Credit Card,Desktop,Organic,VIP,8,0,14,7.0
Books,102.92,3,Shipped,Credit Card,Mobile,Paid Search,VIP,8,0,14,7.0
Clothing,290.34,4,Delivered,Google Pay,Tablet,Organic,VIP,8,0,14,6.0
Toys,14.41,4,Delivered,Google Pay,Tablet,Organic,VIP,8,0,14,5.0
Books,134.36,4,Delivered,Apple Pay,Mobile,Email,VIP,8,0,14,4.0
Electronics,21.74,1,Delivered,PayPal,Mobile,Email,Returning,8,0,14,5.0
Home,11.25,1,Delivered,Apple Pay,Desktop,Paid Search,VIP,8,0,14,1.0
Beauty,36.1,1,Delivered,Apple Pay,Desktop,Organic,Returning,8,0,14,2.0
Beauty,445.95,6,Shipped,Apple Pay,Desktop,Email,VIP,8,0,14,2.0
Electronics,447.6,3,Delivered,Apple Pay,Mobile,Email,Returning,8,0,14,1.0
Clothing,279.05,1,Delivered,Debit Card,Tablet,Paid Search,Returning,8,0,14,7.0
Clothing,311.64,3,Delivered,PayPal,Mobile,Organic,VIP,8,0,14,5.0
Electronics,46.41,2,Delivered,Google Pay,Desktop,Social,VIP,8,0,14,4.0
Beauty,475.11,1,Shipped,Debit Card,Desktop,Social,VIP,8,1,14,2.0
Beauty,41.62,1,Shipped,Debit Card,Mobile,Social,VIP,8,1,14,6.0
Electronics,259.83,2,Shipped,Google Pay,Mobile,Email,New,8,1,14,4.0
Electronics,380.43,3,Pending,PayPal,Desktop,Social,Returning,8,1,14,3.0
Clothing,119.78,2,Delivered,PayPal,Mobile,Email,Returning,8,1,14,6.0
Toys,113.97,2,Delivered,Apple Pay,Tablet,Organic,VIP,8,1,14,6.0
Clothing,384.7,4,Shipped,Credit Card,Tablet,Organic,VIP,8,1,14,7.0
Home,242.76,1,Shipped,Credit Card,Desktop,Organic,VIP,8,1,14,3.0
Beauty,31.89,4,Delivered,Credit Card,Desktop,Email,Returning,8,1,14,4.0
Books,448.73,3,Delivered,PayPal,Tablet,Paid Search,New,8,1,14,3.0
Books,118.91,2,Delivered,Apple Pay,Desktop,Email,Returning,8,1,14,7.0
Clothing,265.37,2,Delivered,Apple Pay,Mobile,Social,Returning,8,1,14,3.0
Books,100.99,1,Delivered,PayPal,Desktop,Email,VIP,8,1,14,2.0
Home,217.61,1,Shipped,Debit Card,Desktop,Social,VIP,8,1,14,4.0
Home,211.34,1,Returned,Apple Pay,Tablet,Social,Returning,8,1,14,2.0
Books,402.11,1,Delivered,Google Pay,Mobile,Organic,Returning,8,1,14,2.0
Electronics,246.48,1,Delivered,Credit Card,Desktop,Organic,Returning,8,1,14,4.0
Toys,362.96,3,Delivered,PayPal,Desktop,Social,VIP,8,2,14,4.0
Electronics,229.75,6,Delivered,Debit Card,Desktop,Social,Returning,8,2,14,6.0
Clothing,364.3,1,Delivered,PayPal,Mobile,Social,Returning,8,2,14,5.0
Clothing,249.71,1,Delivered,Apple Pay,Desktop,Email,VIP,8,2,14,5.0
Home,130.22,1,Delivered,Google Pay,Tablet,Social,Returning,8,2,14,3.0
Toys,75.69,1,Delivered,Debit Card,Tablet,Social,New,8,2,14,1.0
Beauty,414.31,2,Delivered,PayPal,Desktop,Email,Returning,8,2,14,5.0
Beauty,421.97,1,Delivered,Google Pay,Mobile,Organic,VIP,8,2,14,1.0
Books,358.63,1,Shipped,Google Pay,Desktop,Email,Returning,8,2,14,5.0
Clothing,252.7,3,Shipped,PayPal,Mobile,Social,Returning,8,2,14,6.0
Beauty,333.26,1,Delivered,Debit Card,Mobile,Email,VIP,8,2,14,7.0
Toys,262.47,3,Delivered,Apple Pay,Desktop,Paid Search,Returning,8,2,14,4.0
Clothing,340.3,1,Shipped,Google Pay,Mobile,Organic,VIP,8,2,14,2.0
Beauty,77.87,3,Delivered,Apple Pay,Mobile,Social,VIP,8,2,14,2.0
Beauty,250.88,1,Delivered,Google Pay,Mobile,Paid Search,Returning,8,2,14,3.0
Electronics,204.5,1,Delivered,PayPal,Mobile,Paid Search,Returning,8,2,14,4.0
Beauty,307.7,2,Shipped,Apple Pay,Desktop,Social,New,8,2,14,2.0
Toys,464.1,3,Shipped,PayPal,Desktop,Paid Search,Returning,8,2,14,7.0
Beauty,111.14,1,Delivered,Apple Pay,Mobile,Organic,VIP,8,2,14,4.0
Home,115.89,1,Delivered,Credit Card,Mobile,Social,Returning,8,2,14,1.0
Clothing,209.27,5,Delivered,Apple Pay,Tablet,Organic,Returning,8,2,14,7.0
Beauty,356.33,1,Delivered,Apple Pay,Tablet,Paid Search,VIP,8,2,14,3.0
Electronics,360.55,3,Shipped,Debit Card,Desktop,Social,Returning,8,2,14,3.0
Clothing,481.96,1,Shipped,PayPal,Tablet,Social,Returning,8,2,14,6.0
Home,276.25,4,Shipped,Debit Card,Mobile,Email,Returning,8,2,14,5.0
Clothing,257.36,2,Delivered,Google Pay,Tablet,Social,Returning,8,2,14,2.0
Toys,183.36,1,Delivered,Google Pay,Tablet,Email,VIP,8,2,14,1.0
Home,119.73,2,Pending,Google Pay,Mobile,Social,VIP,8,2,14,6.0
Home,480.46,1,Delivered,PayPal,Desktop,Social,Returning,8,2,14,5.0
Books,53.54,1,Delivered,PayPal,Tablet,Social,Returning,8,2,14,1.0
Electronics,343.27,1,Delivered,Apple Pay,Mobile,Organic,Returning,8,2,14,4.0
Beauty,372.79,2,Shipped,Debit Card,Tablet,Email,VIP,8,2,14,3.0
Electronics,185.34,2,Shipped,Credit Card,Mobile,Email,New,8,2,14,3.0
Clothing,247.03,1,Shipped,Apple Pay,Desktop,Organic,VIP,8,2,14,2.0
Toys,46.46,3,Delivered,Google Pay,Tablet,Social,VIP,8,3,14,4.0
Toys,243.89,2,Delivered,PayPal,Mobile,Social,Returning,8,3,14,2.0
Beauty,81.46,6,Delivered,Google Pay,Tablet,Email,VIP,8,3,14,6.0
Toys,119.66,1,Delivered,Apple Pay,Mobile,Email,VIP,8,3,14,3.0
Clothing,87.46,3,Delivered,Credit Card,Mobile,Organic,VIP,8,3,14,1.0
Toys,251.57,1,Shipped,Apple Pay,Tablet,Email,VIP,8,3,14,2.0
Electronics,358.18,3,Shipped,Credit Card,Tablet,Social,VIP,8,3,14,4.0
Home,173.38,4,Returned,PayPal,Tablet,Organic,Returning,8,3,14,4.0
Beauty,102.54,4,Delivered,Apple Pay,Tablet,Email,Returning,8,3,14,1.0
Toys,47.85,2,Delivered,Credit Card,Desktop,Paid Search,VIP,8,3,14,4.0
Beauty,25.48,2,Delivered,Google Pay,Mobile,Organic,VIP,8,3,14,1.0
Clothing,486.51,3,Delivered,Debit Card,Mobile,Organic,VIP,8,3,14,6.0
Clothing,170.8,2,Delivered,Apple Pay,Desktop,Paid Search,VIP,8,3,14,7.0
Clothing,442.43,2,Delivered,Apple Pay,Mobile,Paid Search,Returning,8,3,14,1.0
Electronics,167.26,2,Shipped,Apple Pay,Tablet,Social,VIP,8,3,14,2.0
Clothing,217.3,1,Delivered,Apple Pay,Desktop,Organic,Returning,8,3,14,7.0
Home,75.28,1,Pending,Debit Card,Mobile,Organic,VIP,8,3,14,2.0
Beauty,143.98,3,Delivered,Credit Card,Mobile,Paid Search,Returning,8,3,14,7.0
Clothing,255.84,2,Delivered,Apple Pay,Tablet,Email,VIP,8,3,14,3.0
Clothing,8.42,1,Delivered,Debit Card,Desktop,Email,Returning,8,3,14,7.0
Home,31.25,3,Delivered,Apple Pay,Tablet,Organic,New,8,3,14,5.0
Electronics,53.97,2,Delivered,Credit Card,Tablet,Email,VIP,8,3,14,1.0
Home,240.52,2,Delivered,Debit Card,Desktop,Organic,Returning,8,3,14,1.0
Books,5.88,3,Delivered,Debit Card,Desktop,Email,VIP,8,3,14,2.0
Clothing,231.11,2,Delivered,PayPal,Tablet,Organic,VIP,8,3,14,3.0
Home,277.06,3,Delivered,PayPal,Tablet,Email,VIP,8,4,14,5.0
Electronics,194.08,1,Delivered,Debit Card,Desktop,Social,VIP,8,4,14,4.0
Clothing,81.62,2,Delivered,Google Pay,Desktop,Paid Search,VIP,8,4,14,1.0
Electronics,276.24,1,Delivered,PayPal,Mobile,Email,New,8,4,14,5.0
Home,180.76,2,Delivered,Credit Card,Desktop,Paid Search,Returning,8,4,14,7.0
Home,5.08,3,Delivered,Google Pay,Mobile,Social,VIP,8,4,14,7.0
Electronics,418.6,2,Shipped,PayPal,Tablet,Organic,Returning,8,4,14,4.0
Beauty,354.05,1,Returned,Debit Card,Mobile,Email,Returning,8,4,14,4.0
Books,139.85,2,Returned,Credit Card,Mobile,Organic,VIP,8,4,14,5.0
Toys,170.07,1,Delivered,Credit Card,Mobile,Organic,VIP,8,4,14,4.0
Books,273.25,2,Delivered,Credit Card,Tablet,Paid Search,New,8,4,14,2.0
Books,213.16,1,Delivered,Google Pay,Desktop,Organic,VIP,8,4,14,6.0
Toys,466.74,1,Delivered,PayPal,Tablet,Social,VIP,8,4,14,3.0
Home,166.77,2,Delivered,Credit Card,Tablet,Paid Search,Returning,8,4,14,5.0
Toys,467.69,1,Delivered,Google Pay,Desktop,Email,VIP,8,4,14,5.0
Home,152.39,2,Delivered,Debit Card,Tablet,Paid Search,Returning,8,4,14,4.0
Home,123.94,2,Delivered,Google Pay,Tablet,Email,VIP,8,4,14,6.0
Home,8.97,6,Delivered,Apple Pay,Tablet,Organic,Returning,8,4,14,7.0
Beauty,370.99,1,Delivered,Google Pay,Desktop,Organic,VIP,8,4,14,2.0
Toys,159.14,5,Pending,Apple Pay,Mobile,Email,VIP,8,4,14,4.0
Electronics,235.67,1,Delivered,Debit Card,Tablet,Paid Search,VIP,8,4,14,6.0
Toys,59.29,1,Delivered,Google Pay,Tablet,Paid Search,Returning,8,4,14,3.0
Beauty,168.11,1,Delivered,Debit Card,Mobile,Email,Returning,8,4,14,6.0
Toys,451.36,2,Delivered,Apple Pay,Tablet,Email,Returning,8,4,14,3.0
Home,217.42,1,Delivered,Debit Card,Tablet,Social,VIP,8,4,14,1.0
Clothing,31.71,2,Delivered,Apple Pay,Desktop,Email,VIP,8,5,14,3.0
Home,124.82,2,Shipped,Apple Pay,Desktop,Organic,Returning,8,5,14,5.0
Toys,23.01,2,Delivered,Apple Pay,Tablet,Organic,Returning,8,5,14,4.0
Beauty,353.77,2,Delivered,PayPal,Desktop,Paid Search,Returning,8,5,14,6.0
Home,187.1,1,Returned,Google Pay,Mobile,Organic,VIP,8,5,14,4.0
Electronics,258.73,3,Delivered,PayPal,Tablet,Paid Search,VIP,8,5,14,6.0
Clothing,493.17,1,Delivered,Credit Card,Mobile,Social,VIP,8,5,14,4.0
Beauty,444.59,1,Delivered,Credit Card,Tablet,Email,Returning,8,5,14,7.0
Clothing,215.87,3,Delivered,Google Pay,Desktop,Email,VIP,8,5,14,6.0
Toys,424.64,3,Returned,Apple Pay,Mobile,Social,VIP,8,5,14,2.0
Beauty,169.94,2,Shipped,Debit Card,Mobile,Organic,VIP,8,5,14,1.0
Clothing,157.2,4,Shipped,PayPal,Desktop,Social,Returning,8,5,14,6.0
Home,172.46,1,Returned,Apple Pay,Mobile,Social,Returning,8,5,14,2.0
Toys,82.58,1,Returned,Google Pay,Desktop,Organic,VIP,8,5,14,4.0
Electronics,305.21,1,Delivered,Debit Card,Tablet,Paid Search,VIP,8,5,14,3.0
Books,409.06,3,Delivered,Credit Card,Tablet,Organic,Returning,8,5,14,4.0
Books,256.43,3,Delivered,Google Pay,Tablet,Paid Search,VIP,8,5,14,1.0
Clothing,72.52,4,Shipped,Credit Card,Desktop,Email,New,8,5,14,1.0
Beauty,29.42,3,Delivered,PayPal,Desktop,Email,VIP,8,5,14,5.0
Beauty,193.61,6,Delivered,Debit Card,Desktop,Social,VIP,8,5,14,6.0
Home,310.08,3,Delivered,Google Pay,Mobile,Organic,Returning,8,5,14,3.0
Toys,105.89,3,Returned,Apple Pay,Tablet,Organic,Returning,8,5,14,7.0
Books,144.4,1,Delivered,Debit Card,Desktop,Social,VIP,8,6,14,3.0
Books,150.47,2,Delivered,Debit Card,Desktop,Paid Search,Returning,8,6,14,2.0
Home,416.43,4,Delivered,Google Pay,Mobile,Email,VIP,8,6,14,6.0
Books,279.6,5,Delivered,PayPal,Mobile,Paid Search,Returning,8,6,14,2.0
Toys,407.93,1,Delivered,Apple Pay,Mobile,Paid Search,VIP,8,6,14,4.0
Beauty,81.67,2,Delivered,Credit Card,Desktop,Social,Returning,8,6,14,5.0
Home,225.59,1,Delivered,Debit Card,Mobile,Social,New,8,6,14,1.0
Clothing,96.15,1,Returned,Debit Card,Tablet,Email,VIP,8,6,14,5.0
Beauty,183.48,3,Shipped,Google Pay,Mobile,Social,Returning,8,6,14,4.0
Home,440.08,1,Shipped,PayPal,Tablet,Organic,VIP,8,6,14,7.0
Home,122.38,1,Delivered,Apple Pay,Mobile,Social,VIP,8,6,14,3.0
Toys,261.76,1,Shipped,Debit Card,Mobile,Organic,VIP,8,6,14,7.0
Books,207.22,5,Delivered,Credit Card,Mobile,Organic,VIP,8,6,14,2.0
Home,219.23,1,Delivered,Apple Pay,Tablet,Email,VIP,8,6,14,5.0
Books,292.84,1,Delivered,Debit Card,Desktop,Email,Returning,8,6,14,4.0
Clothing,355.45,2,Delivered,Debit Card,Desktop,Email,VIP,8,6,14,7.0
Toys,186.99,2,Delivered,Credit Card,Mobile,Social,VIP,8,6,14,5.0
Clothing,209.54,2,Delivered,Apple Pay,Mobile,Paid Search,VIP,8,6,14,7.0
Home,302.1,2,Delivered,Debit Card,Mobile,Organic,VIP,8,6,14,4.0
Electronics,80.25,5,Delivered,Credit Card,Desktop,Social,New,8,6,14,2.0
Electronics,23.64,2,Pending,Debit Card,Desktop,Email,Returning,8,6,14,6.0
Books,403.06,1,Delivered,Apple Pay,Desktop,Email,Returning,8,6,14,4.0
Electronics,409.98,2,Delivered,Debit Card,Desktop,Paid Search,Returning,8,6,14,6.0
Toys,37.57,3,Delivered,Debit Card,Mobile,Organic,Returning,8,6,14,3.0
Toys,224.38,2,Delivered,Credit Card,Tablet,Email,VIP,8,6,14,2.0
Electronics,55.91,1,Delivered,Debit Card,Desktop,Email,VIP,8,0,14,2.0
Toys,167.85,1,Delivered,Credit Card,Tablet,Paid Search,Returning,8,0,14,3.0
Beauty,441.09,3,Delivered,Credit Card,Desktop,Social,Returning,8,0,14,2.0
Books,422.75,1,Shipped,Apple Pay,Mobile,Email,VIP,8,0,14,2.0
Clothing,212.9,3,Delivered,Google Pay,Tablet,Organic,Returning,8,0,14,6.0
Beauty,226.71,4,Delivered,PayPal,Mobile,Organic,Returning,8,0,14,2.0
Books,82.93,2,Delivered,PayPal,Desktop,Organic,VIP,8,0,14,4.0
Beauty,489.72,1,Delivered,Credit Card,Mobile,Organic,Returning,8,0,14,3.0
Clothing,265.66,1,Delivered,Debit Card,Desktop,Paid Search,VIP,8,0,14,2.0
Electronics,402.39,3,Delivered,Credit Card,Mobile,Paid Search,VIP,8,0,14,3.0
Electronics,106.4,1,Shipped,Debit Card,Mobile,Organic,VIP,8,0,14,7.0
Beauty,148.27,2,Delivered,Google Pay,Desktop,Social,VIP,8,0,14,6.0
Toys,186.32,4,Delivered,PayPal,Tablet,Organic,VIP,8,0,14,4.0
Home,460.61,1,Delivered,Credit Card,Mobile,Paid Search,VIP,8,0,14,4.0
Toys,78.57,1,Delivered,Google Pay,Tablet,Organic,VIP,8,0,14,5.0
Books,127.43,2,Delivered,Google Pay,Desktop,Email,VIP,8,0,14,3.0
Books,460.54,1,Delivered,Credit Card,Tablet,Email,VIP,8,0,14,3.0
Toys,389.53,3,Delivered,Apple Pay,Mobile,Social,Returning,8,0,14,4.0
Home,166.57,1,Shipped,Apple Pay,Mobile,Social,VIP,8,0,14,6.0
Toys,441.16,1,Delivered,Apple Pay,Mobile,Social,VIP,8,0,14,7.0
Beauty,174.44,7,Delivered,Credit Card,Tablet,Paid Search,Returning,8,0,14,1.0
Home,7.51,3,Delivered,PayPal,Mobile,Email,Returning,8,0,14,4.0
Home,443.34,2,Delivered,Credit Card,Mobile,Organic,VIP,8,0,14,2.0
Clothing,105.22,1,Delivered,Debit Card,Tablet,Paid Search,VIP,8,0,14,2.0
Toys,99.05,2,Returned,Credit Card,Tablet,Organic,VIP,8,0,14,6.0
Toys,332.51,1,Delivered,Apple Pay,Mobile,Social,Returning,8,0,14,5.0
Clothing,190.68,1,Delivered,Google Pay,Tablet,Paid Search,Returning,8,0,14,2.0
Toys,54.33,3,Shipped,Credit Card,Mobile,Organic,VIP,8,0,14,6.0
Books,275.11,2,Delivered,Apple Pay,Mobile,Social,Returning,8,0,14,5.0
Electronics,430.61,4,Delivered,PayPal,Desktop,Social,VIP,8,0,14,7.0
Clothing,49.47,2,Pending,Google Pay,Tablet,Email,Returning,8,0,14,6.0
Books,407.41,3,Delivered,Google Pay,Tablet,Organic,VIP,8,0,14,7.0
Beauty,403.82,3,Delivered,Google Pay,Mobile,Email,Returning,8,0,14,7.0
Home,304.66,1,Delivered,Credit Card,Desktop,Organic,VIP,8,0,14,7.0
Beauty,225.47,3,Delivered,Credit Card,Tablet,Organic,VIP,8,0,14,2.0
Toys,49.66,1,Delivered,Google Pay,Mobile,Social,New,8,0,14,2.0
Books,260.48,1,Delivered,Apple Pay,Desktop,Paid Search,Returning,8,0,14,3.0
Books,236.89,1,Delivered,Debit Card,Desktop,Organic,VIP,8,0,14,2.0
Books,118.26,8,Delivered,Credit Card,Desktop,Organic,VIP,8,0,14,7.0
Beauty,458.3,3,Delivered,PayPal,Desktop,Social,Returning,8,0,14,7.0
Electronics,403.07,4,Returned,Google Pay,Desktop,Social,VIP,8,0,14,6.0
Home,474.64,1,Delivered,Credit Card,Mobile,Paid Search,Returning,8,0,14,5.0
Books,107.17,3,Shipped,PayPal,Desktop,Paid Search,Returning,8,0,14,1.0
Toys,253.1,3,Shipped,Apple Pay,Tablet,Social,Returning,8,0,14,1.0
Books,154.54,1,Pending,Google Pay,Desktop,Email,VIP,8,1,14,1.0
Electronics,221.08,2,Delivered,Credit Card,Desktop,Paid Search,Returning,8,1,14,6.0
Toys,419.8,3,Returned,PayPal,Mobile,Paid Search,Returning,8,1,14,7.0
Books,438.78,1,Delivered,Credit Card,Tablet,Paid Search,Returning,8,1,14,7.0
Electronics,219.48,2,Delivered,Debit Card,Tablet,Social,VIP,8,1,14,1.0
Books,273.87,5,Delivered,Debit Card,Desktop,Email,Returning,8,1,14,5.0
Beauty,24.44,1,Delivered,PayPal,Tablet,Organic,Returning,8,1,14,4.0
Home,395.15,2,Delivered,Google Pay,Tablet,Social,VIP,8,1,14,1.0
Books,142.51,1,Delivered,Apple Pay,Desktop,Organic,VIP,8,1,14,1.0
Toys,18.72,4,Delivered,Debit Card,Tablet,Email,VIP,8,1,14,1.0
Books,229.79,1,Shipped,Debit Card,Desktop,Organic,Returning,8,1,14,6.0
Electronics,144.07,1,Delivered,Apple Pay,Tablet,Paid Search,Returning,8,1,14,2.0
Clothing,100.46,1,Delivered,PayPal,Mobile,Social,Returning,8,1,14,2.0
Electronics,434.11,1,Delivered,Apple Pay,Tablet,Organic,New,8,1,14,3.0
Beauty,62.08,1,Shipped,Credit Card,Desktop,Email,Returning,8,1,14,1.0
Clothing,183.14,1,Delivered,Google Pay,Desktop,Organic,Returning,8,1,14,5.0
Beauty,491.96,2,Delivered,Google Pay,Desktop,Email,Returning,8,1,14,7.0
Electronics,283.46,2,Delivered,Google Pay,Tablet,Paid Search,VIP,8,1,14,1.0
Clothing,177.43,1,Delivered,Credit Card,Desktop,Social,VIP,8,1,14,5.0
Electronics,280.56,1,Delivered,Credit Card,Desktop,Email,Returning,8,1,14,6.0
Toys,112.68,2,Delivered,Debit Card,Tablet,Paid Search,VIP,8,1,14,3.0
Electronics,263.12,1,Shipped,Apple Pay,Tablet,Paid Search,VIP,8,1,14,2.0
Electronics,329.84,2,Delivered,Debit Card,Desktop,Social,Returning,8,1,14,7.0
Clothing,289.85,4,Shipped,Apple Pay,Desktop,Social,Returning,8,1,14,3.0
Clothing,152.36,1,Delivered,Debit Card,Mobile,Email,Returning,8,2,14,7.0
Books,282.85,2,Shipped,Debit Card,Desktop,Email,VIP,8,2,14,2.0
Beauty,283.54,3,Shipped,Debit Card,Tablet,Social,Returning,8,2,14,4.0
Beauty,65.63,2,Shipped,PayPal,Mobile,Email,VIP,8,2,14,1.0
Beauty,140.69,3,Shipped,Credit Card,Mobile,Paid Search,Returning,8,2,14,5.0
Electronics,193.85,1,Delivered,Credit Card,Tablet,Organic,VIP,8,2,14,3.0
Beauty,219.08,3,Delivered,Credit Card,Mobile,Email,Returning,8,2,14,4.0
Books,40.3,3,Delivered,PayPal,Desktop,Email,VIP,8,2,14,6.0
Books,12.14,1,Delivered,Credit Card,Desktop,Organic,VIP,8,2,14,6.0
Toys,144.96,2,Delivered,Apple Pay,Mobile,Email,Returning,8,2,14,4.0
Toys,440.64,3,Returned,PayPal,Tablet,Email,Returning,8,2,14,5.0
Clothing,7.15,1,Shipped,Google Pay,Mobile,Email,VIP,8,2,14,3.0
Electronics,82.02,2,Returned,Credit Card,Desktop,Social,VIP,8,2,14,1.0
Electronics,92.88,2,Shipped,Debit Card,Tablet,Email,Returning,8,2,14,4.0
Beauty,156.32,1,Delivered,PayPal,Tablet,Email,Returning,8,2,14,2.0
Electronics,49.64,1,Shipped,Google Pay,Tablet,Organic,VIP,8,2,14,5.0
Toys,11.31,1,Delivered,Apple Pay,Tablet,Social,New,8,2,14,7.0
Books,483.38,3,Pending,Google Pay,Tablet,Paid Search,VIP,8,2,14,5.0
Electronics,366.12,2,Delivered,Debit Card,Tablet,Organic,Returning,8,2,14,2.0
Toys,448.69,2,Delivered,Apple Pay,Mobile,Organic,Returning,8,2,14,3.0
Beauty,274.08,1,Delivered,Debit Card,Tablet,Email,Returning,8,2,14,1.0
Books,167.59,5,Delivered,Debit Card,Tablet,Paid Search,Returning,8,2,14,7.0
Electronics,163.63,2,Delivered,Debit Card,Tablet,Social,VIP,8,2,14,1.0
Electronics,156.82,1,Delivered,Apple Pay,Desktop,Email,VIP,8,2,14,4.0
Toys,274.02,2,Delivered,Apple Pay,Tablet,Email,VIP,8,2,14,5.0
Home,69.44,2,Pending,Apple Pay,Mobile,Paid Search,Returning,8,2,14,2.0
Toys,368.65,1,Delivered,Google Pay,Desktop,Email,VIP,8,2,14,5.0
Beauty,303.27,1,Delivered,Debit Card,Desktop,Email,Returning,8,2,14,3.0
Toys,369.13,1,Delivered,Credit Card,Mobile,Social,VIP,8,2,14,5.0
Books,101.62,1,Delivered,Debit Card,Tablet,Organic,Returning,8,3,14,4.0
Clothing,445.87,2,Shipped,PayPal,Desktop,Social,VIP,8,3,14,7.0
Electronics,497.24,2,Delivered,PayPal,Mobile,Social,Returning,8,3,14,4.0
Toys,479.92,1,Delivered,Credit Card,Desktop,Paid Search,VIP,8,3,14,2.0
Books,288.12,1,Delivered,PayPal,Tablet,Organic,Returning,8,3,14,2.0
Electronics,287.19,3,Shipped,PayPal,Desktop,Social,VIP,8,3,14,1.0
Toys,21.35,2,Returned,Credit Card,Tablet,Paid Search,VIP,8,3,14,5.0
Clothing,86.99,2,Shipped,Debit Card,Desktop,Paid Search,Returning,8,3,14,3.0
Beauty,188.82,2,Delivered,Credit Card,Desktop,Paid Search,Returning,8,3,14,7.0
Clothing,155.86,2,Shipped,Credit Card,Desktop,Email,Returning,8,3,14,7.0
Beauty,422.62,4,Delivered,Google Pay,Tablet,Organic,VIP,8,3,14,4.0
Books,123.25,1,Delivered,PayPal,Desktop,Organic,VIP,8,3,14,7.0
Toys,276.89,2,Delivered,PayPal,Tablet,Email,Returning,8,3,14,3.0
Books,158.54,3,Shipped,Google Pay,Tablet,Email,VIP,8,3,14,3.0
Clothing,345.11,5,Delivered,Apple Pay,Desktop,Organic,VIP,8,3,14,4.0
Electronics,390.58,3,Delivered,Apple Pay,Tablet,Social,Returning,8,3,14,6.0
Home,317.57,2,Returned,Debit Card,Tablet,Paid Search,Returning,8,3,14,3.0
Toys,104.21,1,Delivered,PayPal,Desktop,Paid Search,VIP,8,3,14,7.0
Books,32.53,1,Delivered,Debit Card,Desktop,Social,VIP,8,3,14,5.0
Beauty,177.89,1,Delivered,PayPal,Mobile,Organic,VIP,8,3,14,6.0
Toys,141.69,2,Pending,Google Pay,Desktop,Paid Search,Returning,8,4,14,4.0
Books,111.07,3,Delivered,Debit Card,Tablet,Organic,Returning,8,4,14,5.0
Clothing,476.83,5,Delivered,Google Pay,Desktop,Social,VIP,8,4,14,4.0
Home,71.83,1,Delivered,Apple Pay,Desktop,Paid Search,VIP,8,4,14,4.0
Beauty,112.28,1,Delivered,Google Pay,Mobile,Organic,VIP,8,4,14,1.0
Toys,424.06,2,Delivered,Debit Card,Mobile,Email,Returning,8,4,14,2.0
Beauty,332.18,1,Shipped,Google Pay,Desktop,Organic,New,8,4,14,4.0
Toys,185.59,3,Delivered,Apple Pay,Desktop,Organic,VIP,8,4,14,5.0
Electronics,163.37,6,Pending,Debit Card,Tablet,Social,VIP,8,4,14,7.0
Home,240.44,3,Delivered,Apple Pay,Desktop,Email,VIP,8,4,14,1.0
Clothing,96.1,2,Shipped,Google Pay,Tablet,Organic,VIP,8,4,14,4.0
Electronics,467.53,2,Delivered,Credit Card,Desktop,Organic,Returning,8,4,14,2.0
Home,223.65,1,Delivered,Credit Card,Desktop,Social,VIP,8,4,14,4.0
Toys,336.54,1,Delivered,Google Pay,Tablet,Paid Search,Returning,8,4,14,3.0
Toys,278.78,2,Delivered,Google Pay,Tablet,Social,Returning,8,4,14,2.0
Electronics,268.7,1,Shipped,Debit Card,Tablet,Social,VIP,8,4,14,6.0
Home,454.0,1,Pending,Google Pay,Tablet,Organic,VIP,8,4,14,3.0
Beauty,426.76,1,Returned,Debit Card,Tablet,Email,Returning,8,4,14,2.0
Beauty,145.48,2,Returned,Debit Card,Tablet,Paid Search,VIP,8,4,14,5.0
Clothing,96.41,2,Delivered,Credit Card,Mobile,Social,VIP,8,4,14,7.0
Toys,417.48,1,Pending,Apple Pay,Desktop,Email,VIP,8,4,14,6.0
Home,189.24,1,Delivered,Debit Card,Tablet,Paid Search,Returning,8,4,14,7.0
Books,265.27,2,Delivered,Apple Pay,Tablet,Social,VIP,8,4,14,7.0
Home,300.06,3,Delivered,Google Pay,Mobile,Social,VIP,8,4,14,3.0
Electronics,332.08,1,Delivered,PayPal,Desktop,Paid Search,VIP,8,4,14,2.0
Clothing,389.22,2,Delivered,Credit Card,Desktop,Organic,Returning,8,4,14,7.0
Home,227.11,2,Delivered,PayPal,Tablet,Social,Returning,8,4,14,7.0
Beauty,131.41,1,Shipped,PayPal,Mobile,Email,Returning,8,4,14,6.0
Beauty,348.08,2,Delivered,Google Pay,Mobile,Paid Search,Returning,8,4,14,4.0
Clothing,415.07,4,Delivered,Credit Card,Desktop,Social,VIP,8,5,14,5.0
Books,192.47,3,Delivered,Credit Card,Mobile,Social,VIP,8,5,14,1.0
Clothing,410.51,2,Shipped,PayPal,Desktop,Organic,VIP,8,5,14,1.0
Clothing,6.06,8,Returned,Apple Pay,Mobile,Social,VIP,8,5,14,6.0
Toys,385.12,3,Delivered,Debit Card,Desktop,Organic,Returning,8,5,14,1.0
Electronics,306.02,2,Delivered,PayPal,Mobile,Social,Returning,8,5,14,4.0
Toys,365.77,2,Delivered,Debit Card,Mobile,Paid Search,Returning,8,5,14,2.0
Beauty,474.65,3,Delivered,Credit Card,Desktop,Organic,VIP,8,5,14,2.0
Electronics,385.79,1,Delivered,Apple Pay,Mobile,Social,Returning,8,5,14,2.0
Clothing,279.82,2,Returned,Google Pay,Desktop,Email,VIP,8,5,14,4.0
Home,6.07,1,Delivered,Credit Card,Desktop,Organic,Returning,8,5,14,1.0
Home,302.45,2,Delivered,PayPal,Tablet,Organic,VIP,8,5,14,4.0
Beauty,124.56,3,Delivered,Credit Card,Mobile,Email,VIP,8,5,14,3.0
Clothing,446.65,2,Delivered,Credit Card,Desktop,Social,Returning,8,5,14,2.0
Clothing,353.47,2,Shipped,Credit Card,Mobile,Email,Returning,8,5,14,1.0
Beauty,60.65,5,Delivered,Debit Card,Desktop,Paid Search,VIP,8,5,14,7.0
Clothing,242.15,3,Shipped,Credit Card,Mobile,Paid Search,VIP,8,5,14,6.0
Clothing,433.91,1,Delivered,Debit Card,Tablet,Social,Returning,8,5,14,5.0
Books,375.98,6,Delivered,Google Pay,Tablet,Paid Search,Returning,8,5,14,6.0
Books,416.44,1,Delivered,Debit Card,Desktop,Email,Returning,8,5,14,1.0
Electronics,126.12,2,Delivered,Credit Card,Mobile,Email,VIP,8,5,14,4.0
Electronics,493.35,1,Delivered,Apple Pay,Desktop,Paid Search,VIP,8,5,14,5.0
Toys,320.7,2,Returned,Apple Pay,Desktop,Social,Returning,8,5,14,4.0
Beauty,359.02,3,Delivered,Apple Pay,Desktop,Email,VIP,8,5,14,6.0
Home,400.14,2,Delivered,Credit Card,Mobile,Email,New,8,5,14,6.0
Clothing,189.56,1,Delivered,Debit Card,Tablet,Social,VIP,8,6,14,5.0
Electronics,238.31,2,Shipped,Debit Card,Desktop,Paid Search,VIP,8,6,14,3.0
Clothing,16.02,1,Delivered,PayPal,Mobile,Organic,New,8,6,14,1.0
Beauty,428.3,4,Delivered,Apple Pay,Mobile,Organic,VIP,8,6,14,4.0
Books,159.16,2,Delivered,Google Pay,Mobile,Email,VIP,8,6,14,6.0
Home,25.82,2,Delivered,Debit Card,Desktop,Social,Returning,8,6,14,5.0
Electronics,193.39,1,Delivered,Google Pay,Mobile,Social,Returning,8,6,14,3.0
Clothing,328.15,1,Delivered,Credit Card,Desktop,Social,VIP,8,6,14,6.0
Books,485.49,1,Delivered,PayPal,Mobile,Email,VIP,8,6,14,2.0
Books,208.05,2,Shipped,Debit Card,Tablet,Paid Search,VIP,8,6,14,2.0
Electronics,244.31,1,Shipped,PayPal,Tablet,Email,Returning,8,6,14,4.0
Beauty,261.07,5,Delivered,PayPal,Mobile,Email,VIP,8,6,14,7.0
Home,11.11,1,Delivered,Credit Card,Desktop,Email,VIP,8,6,14,7.0
Clothing,431.46,1,Shipped,PayPal,Desktop,Paid Search,VIP,8,6,14,4.0
Toys,196.05,3,Delivered,Google Pay,Tablet,Email,VIP,8,6,14,1.0
Books,53.49,4,Delivered,Credit Card,Mobile,Organic,VIP,8,6,14,2.0
Beauty,426.48,2,Delivered,PayPal,Desktop,Organic,Returning,8,6,14,6.0
Toys,329.77,2,Shipped,Credit Card,Mobile,Organic,VIP,8,6,14,6.0
Electronics,139.23,4,Delivered,Google Pay,Desktop,Paid Search,Returning,8,6,14,7.0
Beauty,314.57,3,Shipped,Debit Card,Tablet,Organic,VIP,8,6,14,7.0
Beauty,9.92,1,Returned,Debit Card,Mobile,Organic,Returning,8,6,14,2.0
Toys,232.39,1,Delivered,Credit Card,Desktop,Paid Search,Returning,8,6,14,6.0
Toys,245.84,1,Shipped,Apple Pay,Mobile,Organic,VIP,8,6,14,4.0
Electronics,152.13,2,Delivered,Google Pay,Tablet,Social,Returning,8,6,14,1.0
Home,25.96,3,Pending,Apple Pay,Mobile,Organic,VIP,8,6,14,3.0
Electronics,187.85,1,Returned,Apple Pay,Mobile,Paid Search,Returning,8,6,14,1.0
Clothing,333.16,4,Delivered,Google Pay,Mobile,Organic,VIP,8,6,14,5.0
Electronics,423.58,1,Delivered,Credit Card,Desktop,Social,VIP,8,6,14,2.0
Clothing,45.14,2,Pending,Debit Card,Tablet,Email,VIP,8,6,14,3.0
Clothing,155.05,2,Delivered,Credit Card,Mobile,Email,Returning,8,6,14,6.0
Toys,206.48,2,Delivered,Credit Card,Tablet,Paid Search,Returning,8,6,14,2.0
Toys,64.05,1,Delivered,Google Pay,Mobile,Organic,Returning,8,6,14,1.0
Toys,280.44,1,Delivered,Debit Card,Desktop,Organic,Returning,8,0,14,4.0
Electronics,379.25,3,Shipped,Google Pay,Desktop,Organic,Returning,8,0,14,6.0
Beauty,231.49,1,Delivered,Google Pay,Tablet,Paid Search,Returning,8,0,14,7.0
Toys,390.72,2,Delivered,Credit Card,Tablet,Email,Returning,8,0,14,4.0
Electronics,334.89,6,Delivered,Apple Pay,Desktop,Paid Search,Returning,8,0,14,2.0
Clothing,361.57,3,Delivered,Credit Card,Desktop,Organic,Returning,8,0,14,5.0
Electronics,280.34,2,Delivered,Credit Card,Mobile,Email,Returning,8,0,14,3.0
Home,7.21,6,Delivered,Debit Card,Tablet,Social,Returning,8,0,14,5.0
Toys,320.66,1,Delivered,PayPal,Desktop,Social,VIP,8,0,14,1.0
Electronics,328.82,1,Delivered,Credit Card,Desktop,Paid Search,Returning,8,0,14,5.0
Books,257.33,1,Delivered,Google Pay,Mobile,Paid Search,Returning,8,0,14,1.0
Electronics,25.1,1,Delivered,Google Pay,Desktop,Organic,VIP,8,0,14,2.0
Beauty,28.75,1,Delivered,Debit Card,Mobile,Email,Returning,8,0,14,4.0
Home,177.84,1,Delivered,Apple Pay,Desktop,Social,New,8,0,14,3.0
Clothing,107.63,4,Delivered,Debit Card,Mobile,Organic,VIP,8,0,14,4.0
Home,392.12,1,Delivered,Apple Pay,Tablet,Organic,Returning,8,0,14,5.0
Clothing,404.38,1,Shipped,PayPal,Tablet,Organic,New,8,0,14,7.0
Books,255.22,1,Delivered,Credit Card,Mobile,Paid Search,VIP,8,0,14,5.0
Books,49.29,4,Delivered,Credit Card,Tablet,Social,Returning,8,0,14,2.0
Clothing,276.11,3,Returned,Google Pay,Desktop,Email,VIP,8,0,14,3.0
Beauty,86.38,3,Delivered,Credit Card,Tablet,Email,Returning,8,0,14,1.0
Home,334.09,2,Delivered,Google Pay,Mobile,Organic,Returning,8,0,14,2.0
Books,152.57,2,Shipped,Apple Pay,Mobile,Email,VIP,8,0,14,5.0
Books,108.73,1,Delivered,Google Pay,Tablet,Organic,VIP,8,0,14,5.0
Toys,288.24,2,Delivered,PayPal,Tablet,Social,VIP,8,1,14,4.0
Electronics,58.36,4,Delivered,Credit Card,Desktop,Social,VIP,8,1,14,7.0
Toys,409.92,1,Delivered,Debit Card,Mobile,Social,VIP,8,1,14,2.0
Home,230.18,1,Delivered,PayPal,Tablet,Email,VIP,8,1,14,2.0
Electronics,84.24,3,Delivered,PayPal,Mobile,Social,Returning,8,1,14,6.0
Books,490.17,5,Delivered,Google Pay,Mobile,Social,VIP,8,1,14,3.0
Home,439.56,4,Delivered,PayPal,Mobile,Organic,Returning,8,1,14,7.0
Beauty,273.09,1,Delivered,Google Pay,Desktop,Organic,VIP,8,1,14,7.0
Books,235.02,4,Pending,Apple Pay,Mobile,Paid Search,VIP,8,1,14,1.0
Electronics,319.32,4,Shipped,Google Pay,Tablet,Organic,VIP,8,1,14,3.0
Books,135.82,1,Returned,Debit Card,Tablet,Email,New,8,1,14,6.0
Clothing,403.92,3,Delivered,Debit Card,Desktop,Social,Returning,8,1,14,4.0
Toys,216.65,1,Shipped,Google Pay,Tablet,Paid Search,Returning,8,1,14,4.0
Home,83.96,3,Delivered,Credit Card,Mobile,Paid Search,VIP,8,1,14,2.0
Clothing,363.93,2,Pending,Apple Pay,Mobile,Social,VIP,8,1,14,2.0
Toys,88.6,1,Delivered,PayPal,Tablet,Paid Search,Returning,8,1,14,3.0
Beauty,221.27,3,Delivered,PayPal,Tablet,Email,Returning,8,1,14,4.0
Home,63.55,4,Delivered,Debit Card,Desktop,Organic,Returning,8,1,14,7.0
Beauty,487.98,2,Delivered,Apple Pay,Mobile,Paid Search,VIP,8,1,14,2.0
Home,203.28,1,Delivered,Apple Pay,Mobile,Email,VIP,8,1,14,7.0
Beauty,447.56,2,Pending,Credit Card,Tablet,Organic,Returning,8,1,14,6.0
Electronics,403.94,1,Shipped,Google Pay,Tablet,Paid Search,Returning,8,1,14,1.0
Clothing,359.21,3,Shipped,Credit Card,Tablet,Paid Search,VIP,8,1,14,3.0
Books,447.6,1,Delivered,Apple Pay,Mobile,Organic,VIP,8,1,14,7.0
Home,331.28,3,Shipped,Credit Card,Tablet,Organic,Returning,8,1,14,4.0
Clothing,474.9,6,Shipped,Credit Card,Mobile,Paid Search,VIP,8,1,14,2.0
Toys,337.4,2,Delivered,Debit Card,Desktop,Organic,Returning,8,2,14,7.0
Beauty,158.52,2,Delivered,Debit Card,Mobile,Social,Returning,8,2,14,2.0
Beauty,313.77,1,Shipped,Credit Card,Desktop,Social,VIP,8,2,14,2.0
Electronics,53.5,1,Shipped,Apple Pay,Mobile,Organic,VIP,8,2,14,1.0
Toys,238.14,2,Delivered,Google Pay,Desktop,Social,Returning,8,2,14,7.0
Toys,170.8,1,Shipped,PayPal,Mobile,Organic,VIP,8,2,14,2.0
Books,200.39,1,Delivered,Credit Card,Desktop,Email,Returning,8,2,14,1.0
Beauty,267.46,2,Delivered,PayPal,Desktop,Social,Returning,8,2,14,5.0
Beauty,266.19,3,Shipped,Credit Card,Mobile,Paid Search,Returning,8,2,14,7.0
Books,456.05,1,Delivered,Debit Card,Desktop,Email,VIP,8,2,14,1.0
Clothing,301.12,2,Delivered,Credit Card,Desktop,Social,Returning,8,2,14,3.0
Toys,155.51,1,Delivered,Debit Card,Mobile,Social,VIP,8,2,14,7.0
Toys,71.83,1,Shipped,Credit Card,Desktop,Social,VIP,8,2,14,1.0
Toys,339.96,1,Delivered,PayPal,Tablet,Paid Search,VIP,8,2,14,7.0
Home,198.93,2,Delivered,Credit Card,Desktop,Social,VIP,8,2,14,6.0
Clothing,363.04,2,Delivered,PayPal,Desktop,Email,Returning,8,2,14,7.0
Beauty,347.54,1,Shipped,PayPal,Tablet,Email,VIP,8,2,14,2.0
Electronics,356.1,3,Pending,Credit Card,Mobile,Social,Returning,8,2,14,3.0
Home,23.4,5,Delivered,Apple Pay,Tablet,Organic,VIP,8,2,14,3.0
Clothing,436.18,3,Shipped,Apple Pay,Tablet,Paid Search,Returning,8,2,14,7.0
Electronics,420.36,2,Delivered,Google Pay,Mobile,Email,Returning,8,2,14,2.0
Electronics,377.76,1,Delivered,Debit Card,Tablet,Social,VIP,8,2,14,2.0
Home,226.45,2,Delivered,Google Pay,Desktop,Email,VIP,8,2,14,5.0
Beauty,88.34,1,Delivered,Credit Card,Tablet,Paid Search,VIP,8,2,14,1.0
Electronics,202.18,1,Delivered,Debit Card,Desktop,Paid Search,VIP,8,2,14,2.0
Beauty,432.35,3,Shipped,Credit Card,Mobile,Organic,Returning,8,2,14,7.0
Books,89.89,5,Delivered,Credit Card,Desktop,Organic,VIP,8,2,14,4.0
Home,490.97,2,Shipped,Apple Pay,Mobile,Email,VIP,8,2,14,1.0
Toys,68.0,1,Delivered,Credit Card,Mobile,Organic,Returning,8,2,14,6.0
Home,114.56,2,Shipped,Apple Pay,Desktop,Email,Returning,8,2,14,3.0
Home,398.2,2,Delivered,Google Pay,Mobile,Social,VIP,8,2,14,4.0
Toys,348.97,1,Delivered,Credit Card,Desktop,Organic,Returning,8,2,14,6.0
Toys,185.34,1,Shipped,Credit Card,Tablet,Email,Returning,8,3,14,3.0
Electronics,466.2,4,Returned,Debit Card,Tablet,Email,VIP,8,3,14,6.0
Home,23.36,3,Delivered,PayPal,Mobile,Social,VIP,8,3,14,3.0
Books,65.18,3,Delivered,Credit Card,Desktop,Organic,Returning,8,3,14,4.0
Home,277.39,1,Delivered,Apple Pay,Mobile,Organic,Returning,8,3,14,5.0
Beauty,197.98,2,Delivered,Credit Card,Mobile,Paid Search,VIP,8,3,14,2.0
Electronics,28.83,4,Delivered,Credit Card,Tablet,Paid Search,New,8,3,14,3.0
Home,409.1,1,Delivered,PayPal,Desktop,Organic,VIP,8,3,14,5.0
Home,130.93,3,Delivered,PayPal,Tablet,Social,Returning,8,3,14,4.0
Electronics,446.64,1,Delivered,Apple Pay,Desktop,Paid Search,VIP,8,3,14,7.0
Beauty,8.23,1,Delivered,Google Pay,Mobile,Social,VIP,8,3,14,7.0
Books,129.67,2,Delivered,Apple Pay,Tablet,Organic,VIP,8,3,14,6.0
Toys,41.96,2,Delivered,Credit Card,Desktop,Email,Returning,8,3,14,4.0
Books,145.49,1,Delivered,Credit Card,Desktop,Paid Search,New,8,3,14,3.0
Toys,109.07,1,Delivered,Apple Pay,Desktop,Organic,Returning,8,3,14,4.0
Electronics,32.86,1,Pending,Apple Pay,Desktop,Organic,VIP,8,3,14,5.0
Beauty,98.34,4,Delivered,PayPal,Desktop,Paid Search,VIP,8,3,14,3.0
Home,34.83,1,Pending,Credit Card,Tablet,Social,VIP,8,3,14,6.0
Books,47.21,1,Delivered,Google Pay,Mobile,Organic,Returning,8,3,14,1.0
Toys,5.1,1,Delivered,Google Pay,Tablet,Social,VIP,8,3,14,1.0
Books,444.24,3,Delivered,Debit Card,Tablet,Social,Returning,8,3,14,1.0
Home,435.95,1,Shipped,Apple Pay,Desktop,Social,Returning,8,3,14,5.0
Beauty,13.64,4,Delivered,Debit Card,Tablet,Email,VIP,8,3,14,6.0
Beauty,59.29,4,Delivered,PayPal,Desktop,Social,VIP,8,3,14,7.0
Beauty,245.38,3,Shipped,PayPal,Mobile,Paid Search,Returning,8,3,14,4.0
Toys,56.18,3,Delivered,Google Pay,Mobile,Paid Search,VIP,8,3,14,2.0
Toys,153.73,4,Pending,Credit Card,Mobile,Paid Search,Returning,8,4,14,6.0
Electronics,133.29,2,Delivered,Google Pay,Desktop,Organic,VIP,8,4,14,7.0
Toys,400.98,2,Delivered,Google Pay,Tablet,Paid Search,VIP,8,4,14,3.0
Beauty,308.0,1,Delivered,Google Pay,Mobile,Email,VIP,8,4,14,2.0
Electronics,426.82,1,Delivered,Google Pay,Tablet,Social,VIP,8,4,14,5.0
Toys,229.54,1,Shipped,Debit Card,Tablet,Social,Returning,8,4,14,7.0
Beauty,161.55,1,Delivered,Apple Pay,Tablet,Paid Search,Returning,8,4,14,7.0
Clothing,169.86,3,Shipped,PayPal,Mobile,Email,Returning,8,4,14,4.0
Books,379.59,4,Shipped,Credit Card,Mobile,Social,VIP,8,4,14,1.0
Toys,388.6,2,Delivered,Debit Card,Desktop,Email,VIP,8,4,14,5.0
Home,172.61,2,Returned,Google Pay,Tablet,Paid Search,Returning,8,4,14,2.0
Home,441.73,2,Pending,Apple Pay,Mobile,Social,VIP,8,4,14,1.0
Toys,203.42,1,Delivered,Google Pay,Desktop,Paid Search,VIP,8,4,14,7.0
Books,152.55,6,Delivered,Debit Card,Desktop,Organic,New,8,4,14,5.0
Toys,420.73,1,Delivered,Credit Card,Mobile,Social,Returning,8,4,14,1.0
Electronics,499.12,1,Delivered,Credit Card,Desktop,Email,VIP,8,4,14,6.0
Beauty,164.08,2,Returned,Debit Card,Mobile,Social,Returning,8,4,14,5.0
Clothing,276.71,3,Delivered,Debit Card,Mobile,Organic,VIP,8,4,14,7.0
Beauty,405.49,2,Delivered,PayPal,Desktop,Social,Returning,8,4,14,2.0
Electronics,344.27,3,Shipped,Google Pay,Desktop,Social,Returning,8,4,14,1.0
Books,426.15,1,Delivered,Google Pay,Desktop,Email,VIP,8,4,14,3.0
Home,160.96,1,Pending,Google Pay,Mobile,Organic,VIP,8,4,14,6.0
Home,179.72,1,Shipped,Google Pay,Mobile,Social,Returning,8,4,14,6.0
Beauty,224.9,1,Delivered,Google Pay,Desktop,Social,VIP,8,4,14,1.0
Home,403.58,2,Delivered,PayPal,Mobile,Social,VIP,8,4,14,3.0
Toys,349.18,2,Shipped,Debit Card,Desktop,Organic,VIP,8,4,14,7.0
Electronics,14.25,3,Delivered,Google Pay,Tablet,Social,Returning,8,5,14,4.0
Electronics,159.86,2,Delivered,Apple Pay,Mobile,Paid Search,Returning,8,5,14,2.0
Clothing,157.19,2,Pending,Debit Card,Mobile,Social,Returning,8,5,14,6.0
Beauty,406.01,3,Delivered,Credit Card,Mobile,Email,VIP,8,5,14,3.0
Books,192.63,2,Shipped,Google Pay,Mobile,Paid Search,Returning,8,5,14,2.0
Electronics,332.13,3,Delivered,Debit Card,Desktop,Social,VIP,8,5,14,3.0
Beauty,321.02,1,Pending,Debit Card,Tablet,Paid Search,VIP,8,5,14,4.0
Clothing,477.06,2,Delivered,Apple Pay,Mobile,Email,VIP,8,5,14,1.0
Electronics,419.57,4,Shipped,Apple Pay,Desktop,Social,VIP,8,5,14,5.0
Electronics,292.0,1,Delivered,Credit Card,Desktop,Paid Search,New,8,5,14,3.0
Electronics,190.95,3,Delivered,Apple Pay,Desktop,Email,Returning,8,5,14,5.0
Clothing,96.2,2,Pending,Credit Card,Mobile,Email,Returning,8,5,14,1.0
Clothing,352.01,4,Shipped,Google Pay,Mobile,Social,New,8,5,14,3.0
Electronics,441.74,1,Delivered,Debit Card,Tablet,Paid Search,Returning,8,5,14,1.0
Beauty,297.89,2,Delivered,PayPal,Mobile,Organic,VIP,8,5,14,5.0
Books,128.91,4,Delivered,Apple Pay,Mobile,Paid Search,Returning,8,5,14,3.0
Books,258.43,3,Delivered,Debit Card,Desktop,Organic,VIP,8,5,14,3.0
Toys,219.4,2,Delivered,Debit Card,Desktop,Social,VIP,8,5,14,2.0
Electronics,234.44,4,Returned,Apple Pay,Tablet,Paid Search,VIP,8,5,14,3.0
Beauty,362.05,2,Delivered,PayPal,Mobile,Organic,VIP,8,5,14,6.0
Home,73.36,1,Delivered,PayPal,Tablet,Paid Search,VIP,8,5,14,5.0
Books,483.08,2,Delivered,Debit Card,Desktop,Paid Search,VIP,8,6,14,3.0
Toys,107.39,2,Shipped,Debit Card,Desktop,Social,VIP,8,6,14,1.0
Clothing,26.5,1,Delivered,Debit Card,Tablet,Organic,Returning,8,6,14,3.0
Beauty,49.41,2,Delivered,PayPal,Tablet,Paid Search,New,8,6,14,4.0
Books,485.04,4,Delivered,Credit Card,Desktop,Email,VIP,8,6,14,2.0
Home,94.92,2,Delivered,Debit Card,Desktop,Paid Search,VIP,8,6,14,4.0
Clothing,445.58,1,Delivered,Debit Card,Mobile,Social,VIP,8,6,14,5.0
Toys,98.51,2,Delivered,Debit Card,Tablet,Social,VIP,8,6,14,7.0
Toys,95.42,1,Delivered,Google Pay,Mobile,Email,VIP,8,6,14,3.0
Clothing,87.21,6,Delivered,Apple Pay,Mobile,Social,VIP,8,6,14,7.0
Beauty,475.44,1,Shipped,Credit Card,Desktop,Email,Returning,8,6,14,5.0
Clothing,85.67,1,Shipped,Debit Card,Mobile,Paid Search,Returning,8,6,14,6.0
Toys,88.01,5,Shipped,Apple Pay,Tablet,Social,VIP,8,6,14,2.0
Books,358.33,1,Shipped,Google Pay,Mobile,Organic,Returning,8,6,14,4.0
Beauty,121.91,3,Shipped,Credit Card,Tablet,Social,VIP,8,6,14,6.0
Beauty,27.56,1,Delivered,PayPal,Desktop,Email,VIP,8,6,14,5.0
Electronics,160.2,2,Delivered,Google Pay,Mobile,Social,VIP,8,6,14,7.0
Electronics,98.31,3,Shipped,Google Pay,Tablet,Email,VIP,8,6,14,3.0
Beauty,14.17,6,Delivered,Credit Card,Mobile,Social,VIP,8,6,14,7.0
Books,65.77,2,Delivered,Credit Card,Tablet,Paid Search,Returning,8,6,14,6.0
Toys,344.65,7,Delivered,Google Pay,Tablet,Social,VIP,8,6,14,3.0
Clothing,499.87,2,Delivered,Google Pay,Tablet,Social,Returning,8,6,14,1.0
Beauty,138.39,1,Delivered,Apple Pay,Desktop,Email,VIP,8,6,14,2.0
Books,291.75,1,Delivered,Credit Card,Tablet,Paid Search,VIP,8,6,14,7.0
Clothing,382.4,2,Delivered,Debit Card,Desktop,Organic,Returning,8,6,14,7.0
Books,101.83,4,Delivered,Apple Pay,Desktop,Email,VIP,8,6,14,5.0
Books,72.86,2,Pending,PayPal,Desktop,Paid Search,Returning,8,0,14,3.0
Books,104.68,4,Delivered,PayPal,Mobile,Paid Search,Returning,8,0,14,6.0
Electronics,174.48,1,Delivered,Debit Card,Tablet,Organic,New,8,0,14,5.0
Toys,488.25,2,Delivered,Google Pay,Tablet,Social,Returning,8,0,14,1.0
Electronics,269.46,2,Shipped,Apple Pay,Desktop,Social,VIP,8,0,14,2.0
Electronics,107.22,1,Delivered,PayPal,Tablet,Social,VIP,8,0,14,1.0
Books,47.61,3,Delivered,Debit Card,Desktop,Social,VIP,8,0,14,6.0
Toys,190.97,2,Delivered,Apple Pay,Desktop,Organic,VIP,8,0,14,7.0
Electronics,86.93,2,Delivered,Debit Card,Desktop,Paid Search,VIP,8,0,14,1.0
Home,366.44,1,Delivered,Credit Card,Mobile,Social,Returning,8,0,14,3.0
Toys,334.0,3,Delivered,PayPal,Desktop,Social,Returning,8,0,14,3.0
Books,89.58,1,Delivered,Debit Card,Mobile,Organic,VIP,8,0,14,4.0
Books,323.88,3,Pending,Debit Card,Desktop,Social,New,8,0,14,6.0
Home,172.79,3,Delivered,Credit Card,Tablet,Organic,VIP,8,0,14,5.0
Home,153.99,2,Shipped,Google Pay,Mobile,Paid Search,Returning,8,0,14,1.0
Home,422.62,2,Delivered,PayPal,Desktop,Email,VIP,8,0,14,2.0
Beauty,210.17,1,Returned,Apple Pay,Desktop,Social,Returning,8,0,14,3.0
Home,225.83,2,Delivered,Apple Pay,Desktop,Organic,VIP,8,0,14,7.0
Beauty,206.15,1,Delivered,Apple Pay,Tablet,Paid Search,Returning,8,0,14,4.0
Clothing,433.9,1,Delivered,PayPal,Desktop,Social,VIP,8,0,14,4.0
Electronics,182.55,3,Shipped,PayPal,Mobile,Organic,New,8,0,14,6.0
Toys,277.07,3,Delivered,Apple Pay,Tablet,Social,New,8,0,14,6.0
Toys,272.23,1,Delivered,Apple Pay,Tablet,Paid Search,Returning,8,1,14,7.0
Home,68.08,2,Delivered,Debit Card,Desktop,Organic,Returning,8,1,14,4.0
Toys,475.48,1,Delivered,PayPal,Mobile,Email,VIP,8,1,14,3.0
Clothing,403.79,1,Delivered,Debit Card,Desktop,Organic,VIP,8,1,14,5.0
Home,449.87,1,Delivered,Credit Card,Mobile,Social,Returning,8,1,14,5.0
Beauty,272.56,1,Delivered,Credit Card,Tablet,Paid Search,Returning,8,1,14,3.0
Beauty,453.87,1,Delivered,PayPal,Tablet,Paid Search,Returning,8,1,14,6.0
Toys,92.88,4,Delivered,Google Pay,Mobile,Organic,VIP,8,1,14,5.0
Home,53.0,2,Delivered,PayPal,Mobile,Email,VIP,8,1,14,2.0
Electronics,486.6,2,Pending,PayPal,Mobile,Paid Search,VIP,8,1,14,7.0
Home,367.45,1,Delivered,Debit Card,Desktop,Social,Returning,8,1,14,2.0
Beauty,23.06,1,Delivered,Debit Card,Desktop,Social,New,8,1,14,3.0
Toys,237.93,2,Shipped,Credit Card,Desktop,Social,Returning,8,1,14,4.0
Toys,170.86,1,Delivered,Credit Card,Desktop,Organic,Returning,8,1,14,5.0
Electronics,189.76,2,Delivered,Apple Pay,Mobile,Email,Returning,8,1,14,4.0
Toys,97.32,1,Delivered,Apple Pay,Mobile,Paid Search,VIP,8,1,14,1.0
Electronics,443.76,3,Pending,PayPal,Tablet,Social,Returning,8,1,14,5.0
Home,395.88,3,Delivered,Credit Card,Desktop,Social,VIP,8,1,14,4.0
Books,270.55,1,Delivered,Debit Card,Mobile,Organic,VIP,8,1,14,2.0
Beauty,330.5,1,Delivered,Apple Pay,Mobile,Email,Returning,8,1,14,4.0
Home,246.96,3,Delivered,Credit Card,Mobile,Social,Returning,8,1,14,6.0
Home,68.43,3,Delivered,Apple Pay,Desktop,Paid Search,VIP,8,1,14,2.0
Electronics,279.62,1,Delivered,Debit Card,Desktop,Paid Search,VIP,8,1,14,2.0
Toys,143.97,2,Delivered,Apple Pay,Desktop,Paid Search,Returning,8,1,14,2.0
Beauty,17.44,2,Shipped,Apple Pay,Mobile,Paid Search,VIP,8,2,14,4.0
Books,28.67,2,Pending,Credit Card,Desktop,Organic,VIP,8,2,14,1.0
Toys,221.38,1,Delivered,Credit Card,Mobile,Email,VIP,8,2,14,7.0
Electronics,86.81,4,Delivered,Google Pay,Desktop,Social,VIP,8,2,14,2.0
Clothing,439.31,4,Pending,Credit Card,Mobile,Paid Search,VIP,8,2,14,2.0
Beauty,318.38,2,Delivered,Google Pay,Mobile,Social,VIP,8,2,14,6.0
Toys,199.34,1,Delivered,Credit Card,Tablet,Email,VIP,8,2,14,1.0
Clothing,267.07,2,Delivered,Debit Card,Mobile,Paid Search,VIP,8,2,14,5.0
Toys,174.78,1,Delivered,PayPal,Tablet,Organic,VIP,8,2,14,6.0
Toys,371.98,2,Delivered,Credit Card,Tablet,Paid Search,Returning,8,2,14,5.0
Clothing,160.95,1,Delivered,Debit Card,Desktop,Organic,Returning,8,2,14,4.0
Books,179.02,1,Delivered,Credit Card,Desktop,Paid Search,VIP,8,2,14,3.0
Books,176.04,1,Shipped,Apple Pay,Tablet,Organic,Returning,8,2,14,2.0
Toys,203.11,2,Delivered,Google Pay,Mobile,Email,VIP,8,2,14,1.0
Beauty,253.15,3,Delivered,Google Pay,Mobile,Paid Search,VIP,8,2,14,3.0
Beauty,10.87,2,Delivered,Debit Card,Mobile,Email,VIP,8,2,14,5.0
Clothing,243.56,3,Delivered,Debit Card,Desktop,Organic,VIP,8,2,14,2.0
Home,224.91,2,Delivered,Apple Pay,Desktop,Organic,VIP,8,2,14,2.0
Home,392.39,1,Shipped,PayPal,Mobile,Organic,Returning,8,2,14,1.0
Electronics,432.0,3,Returned,Apple Pay,Desktop,Paid Search,Returning,8,2,14,3.0
Books,242.59,1,Delivered,Apple Pay,Tablet,Paid Search,Returning,8,2,14,4.0
Books,254.39,1,Delivered,Apple Pay,Tablet,Social,Returning,8,2,14,6.0
Books,288.52,1,Delivered,Debit Card,Desktop,Paid Search,VIP,8,3,14,6.0
Beauty,84.38,1,Delivered,Debit Card,Desktop,Email,Returning,8,3,14,4.0
Clothing,64.33,3,Delivered,Apple Pay,Desktop,Organic,VIP,8,3,14,3.0
Clothing,64.24,1,Delivered,Credit Card,Tablet,Organic,VIP,8,3,14,5.0
Home,32.08,2,Delivered,Apple Pay,Mobile,Paid Search,Returning,8,3,14,3.0
Electronics,244.54,5,Shipped,Debit Card,Tablet,Organic,Returning,8,3,14,4.0
Toys,65.87,1,Delivered,PayPal,Desktop,Social,VIP,8,3,14,6.0
Toys,389.74,1,Delivered,PayPal,Mobile,Organic,Returning,8,3,14,1.0
Home,407.37,1,Shipped,PayPal,Tablet,Social,Returning,8,3,14,5.0
Beauty,91.44,1,Delivered,Debit Card,Mobile,Social,VIP,8,3,14,2.0
Clothing,470.32,2,Delivered,PayPal,Tablet,Email,VIP,8,3,14,3.0
Books,498.65,4,Shipped,Debit Card,Tablet,Paid Search,Returning,8,3,14,6.0
Electronics,479.27,3,Delivered,Debit Card,Desktop,Email,Returning,8,3,14,6.0
Beauty,360.44,1,Delivered,Apple Pay,Mobile,Email,Returning,8,3,14,4.0
Books,226.44,4,Delivered,Debit Card,Tablet,Social,VIP,8,3,14,2.0
Home,461.96,2,Delivered,Debit Card,Tablet,Social,VIP,8,3,14,7.0
Home,223.32,1,Pending,Google Pay,Tablet,Organic,VIP,8,3,14,5.0
Home,461.59,1,Shipped,Apple Pay,Mobile,Organic,Returning,8,3,14,1.0
Toys,281.89,2,Delivered,Credit Card,Tablet,Organic,VIP,8,3,14,7.0
Toys,15.99,4,Shipped,Credit Card,Desktop,Paid Search,Returning,8,3,14,3.0
Beauty,251.43,5,Shipped,Debit Card,Desktop,Email,VIP,8,3,14,4.0
Toys,62.67,2,Delivered,PayPal,Tablet,Paid Search,New,8,3,14,1.0
Toys,28.91,4,Shipped,PayPal,Desktop,Social,VIP,8,3,14,7.0
Books,245.24,1,Delivered,Debit Card,Tablet,Social,VIP,8,3,14,3.0
Books,389.39,2,Delivered,Credit Card,Mobile,Paid Search,VIP,8,3,14,4.0
Electronics,80.96,3,Pending,Debit Card,Mobile,Email,VIP,8,3,14,7.0
Toys,287.85,4,Delivered,Debit Card,Mobile,Organic,VIP,8,3,14,7.0
Toys,241.07,2,Delivered,Credit Card,Tablet,Social,VIP,8,3,14,4.0
Books,106.06,1,Delivered,Credit Card,Mobile,Organic,Returning,8,4,14,7.0
Home,128.3,1,Pending,Debit Card,Desktop,Email,Returning,8,4,14,1.0
Beauty,120.19,3,Delivered,Google Pay,Mobile,Social,VIP,8,4,14,4.0
Beauty,269.65,4,Returned,Google Pay,Tablet,Social,Returning,8,4,14,1.0
Toys,154.11,1,Delivered,Credit Card,Mobile,Paid Search,VIP,8,4,14,4.0
Clothing,42.12,2,Delivered,Apple Pay,Mobile,Organic,Returning,8,4,14,5.0
Beauty,15.37,2,Pending,Apple Pay,Desktop,Email,VIP,8,4,14,3.0
Home,268.65,3,Delivered,PayPal,Mobile,Email,New,8,4,14,1.0
Toys,255.17,1,Delivered,Credit Card,Tablet,Paid Search,VIP,8,4,14,6.0
Electronics,483.74,2,Delivered,Google Pay,Desktop,Organic,Returning,8,4,14,4.0
Toys,365.28,1,Delivered,Debit Card,Desktop,Organic,VIP,8,4,14,6.0
Clothing,347.21,3,Delivered,Debit Card,Mobile,Email,New,8,4,14,2.0
Home,158.73,1,Returned,PayPal,Mobile,Email,Returning,8,4,14,1.0
Books,53.19,1,Delivered,Credit Card,Tablet,Organic,VIP,8,4,14,4.0
Clothing,252.58,3,Shipped,Credit Card,Desktop,Paid Search,VIP,8,4,14,4.0
Beauty,378.64,1,Delivered,Google Pay,Mobile,Paid Search,VIP,8,4,14,4.0
Electronics,112.55,1,Shipped,Apple Pay,Mobile,Email,Returning,8,4,14,1.0
Home,433.03,3,Delivered,PayPal,Tablet,Paid Search,VIP,8,4,14,4.0
Beauty,191.14,1,Delivered,Debit Card,Desktop,Organic,Returning,8,4,14,6.0
Electronics,335.78,1,Delivered,PayPal,Desktop,Social,New,8,4,14,6.0
Beauty,427.31,1,Delivered,Credit Card,Tablet,Organic,VIP,8,4,14,2.0
Beauty,429.89,1,Returned,Credit Card,Desktop,Email,Returning,8,4,14,1.0
Clothing,466.27,1,Delivered,Debit Card,Mobile,Social,VIP,8,4,14,3.0
Books,409.37,1,Pending,Google Pay,Desktop,Email,VIP,8,4,14,6.0
Beauty,15.51,1,Delivered,Credit Card,Mobile,Paid Search,VIP,8,4,14,2.0
Beauty,327.07,1,Delivered,Apple Pay,Mobile,Social,VIP,8,4,14,4.0
Clothing,193.9,1,Delivered,Google Pay,Mobile,Organic,Returning,8,4,14,4.0
Beauty,441.21,5,Pending,Google Pay,Desktop,Paid Search,VIP,8,4,14,4.0
Electronics,414.65,1,Delivered,PayPal,Desktop,Paid Search,Returning,8,4,14,7.0
Home,488.91,3,Delivered,Debit Card,Tablet,Paid Search,Returning,8,4,14,7.0
Electronics,181.45,5,Delivered,PayPal,Desktop,Email,VIP,8,4,14,1.0
Electronics,84.38,1,Shipped,Apple Pay,Tablet,Organic,Returning,8,4,14,3.0
Beauty,268.34,2,Delivered,Credit Card,Mobile,Social,VIP,8,4,14,1.0
Toys,488.4,3,Shipped,Apple Pay,Tablet,Email,VIP,8,4,14,7.0
Clothing,350.84,1,Delivered,Credit Card,Desktop,Social,Returning,8,4,14,6.0
Toys,300.2,2,Delivered,Credit Card,Tablet,Social,Returning,8,4,14,2.0
Beauty,331.98,2,Shipped,Apple Pay,Desktop,Social,VIP,8,5,14,7.0
Books,77.6,3,Returned,Google Pay,Desktop,Paid Search,VIP,8,5,14,5.0
Beauty,479.22,1,Returned,PayPal,Desktop,Paid Search,VIP,8,5,14,4.0
Toys,270.27,1,Delivered,Debit Card,Desktop,Email,Returning,8,5,14,5.0
Books,199.92,1,Delivered,Google Pay,Desktop,Email,VIP,8,5,14,1.0
Books,32.68,3,Shipped,Apple Pay,Mobile,Social,Returning,8,5,14,1.0
Toys,78.52,5,Shipped,Google Pay,Desktop,Organic,VIP,8,5,14,7.0
Clothing,267.89,4,Delivered,Apple Pay,Tablet,Organic,VIP,8,5,14,2.0
Clothing,315.36,1,Delivered,Credit Card,Desktop,Paid Search,VIP,8,5,14,5.0
Clothing,85.92,2,Delivered,PayPal,Mobile,Organic,VIP,8,5,14,3.0
Beauty,5.21,5,Delivered,Credit Card,Mobile,Paid Search,Returning,8,5,14,4.0
Clothing,342.8,1,Shipped,Credit Card,Desktop,Email,VIP,8,5,14,1.0
Toys,387.3,2,Delivered,PayPal,Mobile,Social,Returning,8,5,14,6.0
Books,71.31,2,Delivered,Google Pay,Desktop,Social,VIP,8,5,14,6.0
Clothing,353.78,2,Delivered,PayPal,Mobile,Email,VIP,8,5,14,4.0
Books,64.86,4,Shipped,Google Pay,Tablet,Paid Search,Returning,8,5,14,6.0
Home,283.69,3,Delivered,Google Pay,Tablet,Social,VIP,8,5,14,2.0
Home,143.89,3,Delivered,Apple Pay,Mobile,Paid Search,VIP,8,5,14,1.0
Clothing,166.01,1,Shipped,PayPal,Tablet,Paid Search,Returning,8,5,14,2.0
Electronics,484.76,2,Delivered,Apple Pay,Desktop,Paid Search,Returning,8,5,14,6.0
Home,279.75,5,Delivered,Apple Pay,Desktop,Social,VIP,8,5,14,2.0
Books,27.24,2,Delivered,Credit Card,Desktop,Social,Returning,8,5,14,6.0
Books,326.51,4,Delivered,Google Pay,Mobile,Paid Search,VIP,8,5,14,3.0
Toys,72.8,1,Delivered,Google Pay,Mobile,Organic,VIP,8,5,14,2.0
Toys,209.52,1,Delivered,PayPal,Tablet,Social,VIP,8,5,14,5.0
Electronics,197.45,1,Delivered,PayPal,Desktop,Paid Search,Returning,8,5,14,7.0
Clothing,336.78,1,Delivered,Credit Card,Tablet,Organic,Returning,8,5,14,2.0
Electronics,317.13,1,Delivered,Credit Card,Desktop,Organic,New,8,5,14,5.0
Books,248.36,3,Delivered,Credit Card,Mobile,Organic,VIP,8,5,14,3.0
Clothing,336.25,1,Returned,Apple Pay,Tablet,Paid Search,Returning,8,5,14,2.0
Toys,470.52,2,Delivered,Debit Card,Mobile,Email,Returning,8,5,14,6.0
Books,455.0,2,Delivered,PayPal,Tablet,Organic,New,8,5,14,1.0
Beauty,197.91,1,Pending,Apple Pay,Mobile,Paid Search,Returning,8,5,14,6.0
Home,433.57,2,Delivered,PayPal,Mobile,Social,Returning,8,5,14,7.0
Beauty,205.91,2,Shipped,Google Pay,Mobile,Social,VIP,8,5,14,5.0
Books,368.58,2,Delivered,Google Pay,Mobile,Email,Returning,8,5,14,5.0
Home,390.99,4,Delivered,PayPal,Desktop,Paid Search,VIP,9,6,14,4.0
Clothing,100.26,2,Delivered,Apple Pay,Tablet,Organic,VIP,9,6,14,6.0
Clothing,201.46,3,Delivered,Apple Pay,Mobile,Paid Search,VIP,9,6,14,3.0
Home,70.4,3,Pending,Credit Card,Tablet,Paid Search,Returning,9,6,14,5.0
Home,158.36,6,Delivered,Debit Card,Desktop,Email,VIP,9,6,14,6.0
Home,319.78,4,Delivered,PayPal,Tablet,Social,Returning,9,6,14,1.0
Clothing,164.43,1,Delivered,Credit Card,Mobile,Organic,Returning,9,6,14,4.0
Toys,321.07,1,Returned,Debit Card,Mobile,Paid Search,Returning,9,6,14,4.0
Beauty,380.95,1,Delivered,PayPal,Tablet,Social,New,9,6,14,7.0
Electronics,41.81,1,Delivered,Credit Card,Desktop,Social,VIP,9,6,14,2.0
Books,398.05,1,Delivered,Debit Card,Desktop,Email,Returning,9,6,14,1.0
Books,472.82,1,Delivered,Apple Pay,Desktop,Paid Search,VIP,9,6,14,1.0
Beauty,269.84,1,Delivered,PayPal,Tablet,Paid Search,VIP,9,6,14,5.0
Electronics,130.96,1,Shipped,Google Pay,Mobile,Email,Returning,9,6,14,6.0
Electronics,448.24,3,Delivered,Apple Pay,Desktop,Social,VIP,9,6,14,3.0
Electronics,221.83,1,Returned,Debit Card,Mobile,Email,VIP,9,6,14,5.0
Home,411.48,1,Returned,Apple Pay,Mobile,Paid Search,Returning,9,6,14,1.0
Clothing,87.4,1,Delivered,Credit Card,Desktop,Social,Returning,9,6,14,1.0
Beauty,350.69,3,Pending,Credit Card,Tablet,Email,New,9,6,14,6.0
Clothing,24.19,1,Delivered,Credit Card,Desktop,Social,Returning,9,6,14,2.0
Beauty,436.84,1,Delivered,Credit Card,Mobile,Paid Search,Returning,9,6,14,5.0
Clothing,302.74,4,Delivered,Debit Card,Mobile,Organic,VIP,9,6,14,7.0
Beauty,392.51,4,Delivered,Apple Pay,Tablet,Paid Search,Returning,9,6,14,3.0
Toys,315.36,1,Pending,Google Pay,Mobile,Social,VIP,9,6,14,6.0
Books,314.26,3,Shipped,PayPal,Mobile,Social,VIP,9,6,14,7.0
Beauty,39.9,2,Delivered,Google Pay,Desktop,Organic,VIP,9,6,14,1.0
Toys,475.92,2,Delivered,Debit Card,Desktop,Organic,Returning,9,6,14,6.0
Electronics,147.07,1,Delivered,Google Pay,Mobile,Social,Returning,9,6,14,6.0
Beauty,8.7,1,Pending,PayPal,Tablet,Social,VIP,9,6,14,5.0
Books,471.88,4,Delivered,Apple Pay,Tablet,Email,VIP,9,6,14,6.0
Beauty,256.19,2,Delivered,Apple Pay,Desktop,Social,VIP,9,6,14,7.0
Toys,338.77,3,Shipped,Google Pay,Mobile,Paid Search,VIP,9,0,14,6.0
Electronics,499.33,2,Pending,Google Pay,Tablet,Organic,VIP,9,0,14,4.0
Clothing,157.19,3,Shipped,Credit Card,Tablet,Organic,VIP,9,0,14,5.0
Home,321.89,1,Delivered,Debit Card,Desktop,Paid Search,New,9,0,14,7.0
Home,246.83,3,Pending,Apple Pay,Desktop,Organic,VIP,9,0,14,3.0
Beauty,289.08,4,Shipped,Google Pay,Tablet,Organic,VIP,9,0,14,2.0
Beauty,270.16,1,Delivered,PayPal,Desktop,Social,VIP,9,0,14,4.0
Books,404.31,1,Delivered,Debit Card,Mobile,Email,Returning,9,0,14,2.0
Beauty,135.8,5,Delivered,Google Pay,Desktop,Social,Returning,9,0,14,5.0
Books,170.08,1,Delivered,Credit Card,Desktop,Organic,VIP,9,0,14,3.0
Beauty,277.23,3,Shipped,Credit Card,Desktop,Paid Search,Returning,9,0,14,7.0
Home,396.29,2,Delivered,Debit Card,Tablet,Email,Returning,9,0,14,5.0
Books,231.26,1,Delivered,Google Pay,Mobile,Paid Search,VIP,9,0,14,5.0
Beauty,168.09,1,Delivered,Credit Card,Desktop,Paid Search,Returning,9,0,14,3.0
Books,295.73,1,Returned,Google Pay,Desktop,Social,Returning,9,0,14,1.0
Toys,492.76,5,Delivered,PayPal,Desktop,Social,New,9,0,14,4.0
Electronics,83.36,3,Delivered,Google Pay,Desktop,Social,Returning,9,0,14,7.0
Beauty,94.36,4,Delivered,PayPal,Mobile,Paid Search,VIP,9,0,14,4.0
Beauty,120.29,1,Delivered,Credit Card,Desktop,Email,VIP,9,0,14,2.0
Toys,159.96,2,Delivered,Credit Card,Tablet,Social,Returning,9,0,14,7.0
Books,493.84,1,Shipped,PayPal,Desktop,Email,VIP,9,0,14,2.0
Beauty,25.54,3,Delivered,Debit Card,Tablet,Social,VIP,9,0,14,6.0
Electronics,111.38,1,Delivered,Debit Card,Desktop,Paid Search,VIP,9,0,14,1.0
Home,420.41,1,Delivered,Google Pay,Tablet,Paid Search,VIP,9,0,14,4.0
Electronics,405.04,1,Delivered,Google Pay,Desktop,Social,Returning,9,0,14,3.0
Home,131.33,3,Delivered,PayPal,Desktop,Social,Returning,9,0,14,3.0
Electronics,465.1,3,Delivered,Apple Pay,Desktop,Paid Search,Returning,9,0,14,3.0
Beauty,66.82,4,Delivered,Apple Pay,Tablet,Email,Returning,9,1,14,7.0
Electronics,494.61,2,Delivered,Google Pay,Desktop,Organic,Returning,9,1,14,2.0
Beauty,413.26,2,Delivered,Debit Card,Desktop,Paid Search,VIP,9,1,14,6.0
Books,248.14,1,Returned,Credit Card,Mobile,Email,VIP,9,1,14,4.0
Clothing,254.91,3,Delivered,Google Pay,Mobile,Paid Search,VIP,9,1,14,2.0
Clothing,369.59,2,Delivered,Debit Card,Tablet,Organic,Returning,9,1,14,4.0
Beauty,7.35,3,Delivered,Debit Card,Desktop,Organic,Returning,9,1,14,7.0
Home,315.55,2,Delivered,Credit Card,Mobile,Organic,VIP,9,1,14,6.0
Books,62.87,1,Delivered,PayPal,Tablet,Paid Search,Returning,9,1,14,7.0
Beauty,132.37,3,Delivered,Apple Pay,Desktop,Social,Returning,9,1,14,1.0
Books,417.61,1,Returned,Debit Card,Mobile,Paid Search,VIP,9,1,14,1.0
Beauty,141.87,2,Shipped,Google Pay,Desktop,Social,VIP,9,1,14,7.0
Books,171.98,1,Delivered,Credit Card,Desktop,Social,Returning,9,1,14,4.0
Toys,81.13,1,Delivered,PayPal,Tablet,Social,VIP,9,1,14,6.0
Home,289.86,2,Delivered,Google Pay,Mobile,Social,Returning,9,1,14,1.0
Toys,117.72,1,Delivered,Credit Card,Desktop,Email,VIP,9,1,14,7.0
Beauty,244.2,4,Delivered,Credit Card,Desktop,Email,VIP,9,1,14,1.0
Beauty,363.24,3,Delivered,PayPal,Mobile,Email,Returning,9,1,14,7.0
Home,355.7,3,Returned,Google Pay,Desktop,Paid Search,VIP,9,1,14,4.0
Books,135.91,3,Delivered,Google Pay,Tablet,Email,Returning,9,1,14,7.0
Toys,492.22,1,Delivered,Apple Pay,Desktop,Email,VIP,9,1,14,7.0
Clothing,399.38,1,Delivered,Debit Card,Desktop,Paid Search,VIP,9,1,14,2.0
Home,377.58,1,Delivered,PayPal,Desktop,Email,VIP,9,1,14,6.0
Home,187.21,2,Delivered,PayPal,Mobile,Organic,VIP,9,1,14,1.0
Electronics,12.28,1,Delivered,Google Pay,Desktop,Organic,Returning,9,2,14,5.0
Electronics,362.4,2,Delivered,Google Pay,Desktop,Email,Returning,9,2,14,7.0
Home,312.32,1,Delivered,Google Pay,Mobile,Paid Search,Returning,9,2,14,4.0
Books,362.87,1,Delivered,Debit Card,Desktop,Social,Returning,9,2,14,5.0
Books,46.22,1,Delivered,Credit Card,Tablet,Social,VIP,9,2,14,4.0
Home,145.73,2,Delivered,Credit Card,Tablet,Organic,VIP,9,2,14,6.0
Toys,197.4,4,Delivered,PayPal,Desktop,Organic,Returning,9,2,14,3.0
Toys,233.72,3,Delivered,Debit Card,Desktop,Organic,VIP,9,2,14,5.0
Beauty,216.56,1,Delivered,Credit Card,Mobile,Paid Search,Returning,9,2,14,2.0
Clothing,50.9,1,Delivered,Debit Card,Tablet,Paid Search,VIP,9,2,14,7.0
Beauty,68.85,4,Delivered,Debit Card,Tablet,Email,VIP,9,2,14,6.0
Books,196.77,2,Delivered,Debit Card,Desktop,Paid Search,Returning,9,2,14,1.0
Home,441.17,1,Shipped,Debit Card,Tablet,Paid Search,Returning,9,2,14,3.0
Clothing,445.3,2,Shipped,Apple Pay,Mobile,Social,VIP,9,2,14,4.0
Beauty,66.75,3,Delivered,PayPal,Desktop,Organic,VIP,9,2,14,2.0
Toys,308.15,4,Shipped,Google Pay,Desktop,Paid Search,New,9,2,14,3.0
Toys,77.57,2,Delivered,Debit Card,Tablet,Organic,Returning,9,2,14,7.0
Electronics,157.37,1,Delivered,Debit Card,Desktop,Social,VIP,9,2,14,5.0
Books,496.86,2,Delivered,PayPal,Desktop,Email,VIP,9,2,14,6.0
Electronics,232.51,2,Delivered,Debit Card,Mobile,Organic,Returning,9,3,14,5.0
Books,37.1,4,Delivered,Google Pay,Desktop,Organic,Returning,9,3,14,3.0
Beauty,165.13,2,Delivered,Credit Card,Mobile,Organic,Returning,9,3,14,6.0
Electronics,10.25,1,Delivered,Apple Pay,Mobile,Email,VIP,9,3,14,2.0
Books,329.03,5,Delivered,PayPal,Mobile,Organic,Returning,9,3,14,3.0
Electronics,328.12,3,Shipped,Debit Card,Desktop,Email,Returning,9,3,14,7.0
Home,87.54,2,Pending,Credit Card,Desktop,Paid Search,Returning,9,3,14,6.0
Beauty,142.34,1,Delivered,Credit Card,Tablet,Email,New,9,3,14,3.0
Books,240.02,1,Delivered,Google Pay,Desktop,Organic,VIP,9,3,14,4.0
Electronics,318.84,2,Delivered,PayPal,Mobile,Paid Search,VIP,9,3,14,7.0
Clothing,56.52,3,Shipped,Google Pay,Desktop,Email,VIP,9,3,14,6.0
Toys,361.71,1,Shipped,PayPal,Mobile,Email,New,9,3,14,5.0
Electronics,138.32,3,Delivered,Apple Pay,Desktop,Paid Search,Returning,9,3,14,7.0
Home,76.62,2,Returned,Debit Card,Mobile,Social,Returning,9,3,14,6.0
Books,211.27,1,Shipped,Apple Pay,Tablet,Paid Search,Returning,9,3,14,7.0
Toys,138.72,1,Delivered,PayPal,Tablet,Paid Search,VIP,9,3,14,6.0
Electronics,308.0,1,Shipped,Debit Card,Tablet,Paid Search,VIP,9,3,14,5.0
Books,346.28,1,Delivered,PayPal,Mobile,Social,VIP,9,3,14,1.0
Beauty,437.61,1,Delivered,Debit Card,Desktop,Paid Search,VIP,9,3,14,2.0
Beauty,13.65,3,Delivered,Google Pay,Tablet,Social,VIP,9,3,14,6.0
Books,104.76,1,Pending,PayPal,Desktop,Organic,VIP,9,3,14,1.0
Beauty,124.31,3,Returned,Apple Pay,Mobile,Email,VIP,9,3,14,5.0
Toys,463.07,1,Delivered,PayPal,Tablet,Organic,VIP,9,4,14,6.0
Beauty,311.04,2,Shipped,Credit Card,Desktop,Social,VIP,9,4,14,7.0
Toys,222.09,1,Delivered,Apple Pay,Desktop,Email,VIP,9,4,14,7.0
Books,312.48,2,Shipped,Debit Card,Mobile,Paid Search,Returning,9,4,14,4.0
Toys,392.97,2,Delivered,Credit Card,Tablet,Paid Search,VIP,9,4,14,4.0
Toys,356.38,3,Shipped,Apple Pay,Desktop,Organic,VIP,9,4,14,7.0
Beauty,295.76,4,Delivered,PayPal,Mobile,Paid Search,Returning,9,4,14,7.0
Books,385.16,6,Pending,Google Pay,Tablet,Paid Search,Returning,9,4,14,5.0
Beauty,250.7,4,Delivered,Debit Card,Mobile,Social,Returning,9,4,14,7.0
Toys,211.4,3,Delivered,PayPal,Tablet,Paid Search,Returning,9,4,14,2.0
Clothing,118.32,1,Delivered,Debit Card,Tablet,Paid Search,VIP,9,4,14,5.0
Clothing,201.9,2,Delivered,Google Pay,Tablet,Organic,VIP,9,4,14,5.0
Beauty,312.1,1,Delivered,Debit Card,Tablet,Organic,VIP,9,4,14,6.0
Beauty,286.44,4,Delivered,Google Pay,Desktop,Social,Returning,9,4,14,3.0
Beauty,11.17,3,Delivered,Google Pay,Tablet,Organic,VIP,9,4,14,3.0
Beauty,96.21,2,Delivered,Credit Card,Mobile,Social,Returning,9,4,14,4.0
Books,73.55,3,Shipped,Debit Card,Desktop,Paid Search,Returning,9,4,14,4.0
Toys,351.62,4,Shipped,Debit Card,Tablet,Paid Search,VIP,9,4,14,5.0
Electronics,201.17,2,Delivered,Debit Card,Mobile,Organic,Returning,9,4,14,7.0
Home,55.76,1,Delivered,Google Pay,Desktop,Paid Search,VIP,9,4,14,4.0
Home,380.81,2,Delivered,Google Pay,Tablet,Email,New,9,4,14,4.0
Home,319.2,2,Delivered,Google Pay,Tablet,Paid Search,VIP,9,5,14,7.0
Electronics,471.19,3,Shipped,Apple Pay,Desktop,Social,Returning,9,5,14,5.0
Clothing,486.08,2,Shipped,Debit Card,Desktop,Email,VIP,9,5,14,2.0
Electronics,112.42,3,Shipped,PayPal,Mobile,Organic,Returning,9,5,14,1.0
Books,93.57,2,Shipped,Apple Pay,Tablet,Email,Returning,9,5,14,4.0
Home,384.71,2,Delivered,PayPal,Desktop,Organic,New,9,5,14,1.0
Beauty,73.96,4,Delivered,Apple Pay,Tablet,Organic,VIP,9,5,14,1.0
Clothing,208.09,2,Shipped,Google Pay,Mobile,Paid Search,VIP,9,5,14,5.0
Books,65.57,1,Delivered,Google Pay,Tablet,Organic,VIP,9,5,14,3.0
Home,166.38,1,Delivered,Credit Card,Desktop,Paid Search,VIP,9,5,14,1.0
Beauty,388.36,2,Delivered,Apple Pay,Tablet,Email,VIP,9,5,14,4.0
Beauty,167.6,1,Delivered,Google Pay,Mobile,Email,Returning,9,5,14,4.0
Electronics,217.25,6,Shipped,PayPal,Desktop,Social,VIP,9,5,14,2.0
Beauty,103.42,2,Delivered,PayPal,Tablet,Email,VIP,9,5,14,1.0
Toys,337.93,2,Delivered,Google Pay,Desktop,Organic,VIP,9,5,14,5.0
Toys,361.29,2,Pending,Credit Card,Tablet,Organic,Returning,9,5,14,5.0
Home,461.27,3,Delivered,Apple Pay,Desktop,Paid Search,VIP,9,5,14,1.0
Toys,448.21,1,Delivered,Google Pay,Mobile,Paid Search,VIP,9,5,14,4.0
Toys,420.44,1,Shipped,PayPal,Tablet,Paid Search,VIP,9,5,14,2.0
Clothing,41.8,3,Shipped,Debit Card,Tablet,Paid Search,Returning,9,5,14,2.0
Beauty,324.46,1,Delivered,Google Pay,Mobile,Paid Search,Returning,9,5,14,2.0
Electronics,326.24,1,Delivered,Debit Card,Tablet,Organic,Returning,9,5,14,5.0
Toys,306.93,1,Delivered,PayPal,Mobile,Paid Search,VIP,9,5,14,5.0
Beauty,181.98,2,Delivered,Google Pay,Tablet,Email,Returning,9,6,14,1.0
Books,473.38,3,Delivered,Credit Card,Tablet,Organic,Returning,9,6,14,6.0
Electronics,331.82,2,Delivered,Debit Card,Tablet,Organic,VIP,9,6,14,6.0
Clothing,483.52,1,Delivered,PayPal,Tablet,Paid Search,VIP,9,6,14,6.0
Home,129.52,1,Shipped,Google Pay,Tablet,Social,New,9,6,14,7.0
Beauty,95.25,2,Returned,PayPal,Mobile,Social,Returning,9,6,14,5.0
Beauty,232.5,1,Delivered,Debit Card,Desktop,Organic,VIP,9,6,14,4.0
Beauty,41.96,1,Delivered,Apple Pay,Tablet,Paid Search,VIP,9,6,14,1.0
Electronics,417.53,2,Delivered,Apple Pay,Tablet,Email,New,9,6,14,3.0
Electronics,274.61,3,Delivered,Google Pay,Desktop,Social,Returning,9,6,14,7.0
Clothing,341.11,1,Delivered,Debit Card,Mobile,Paid Search,Returning,9,6,14,1.0
Books,120.7,1,Delivered,Apple Pay,Desktop,Paid Search,VIP,9,6,14,4.0
Beauty,120.43,7,Returned,PayPal,Desktop,Paid Search,VIP,9,6,14,4.0
Beauty,180.83,4,Delivered,Credit Card,Mobile,Social,New,9,6,14,3.0
Beauty,411.48,5,Delivered,PayPal,Desktop,Organic,VIP,9,6,14,4.0
Home,65.84,1,Delivered,Google Pay,Desktop,Paid Search,VIP,9,6,14,3.0
Books,181.43,2,Pending,Google Pay,Mobile,Organic,VIP,9,6,14,6.0
Toys,344.77,1,Delivered,PayPal,Mobile,Email,VIP,9,6,14,4.0
Clothing,137.71,2,Shipped,Credit Card,Mobile,Email,Returning,9,6,14,5.0
Books,28.43,4,Delivered,Google Pay,Mobile,Email,Returning,9,6,14,3.0
Electronics,35.63,2,Delivered,PayPal,Desktop,Paid Search,VIP,9,6,14,5.0
Electronics,484.3,3,Delivered,Apple Pay,Desktop,Paid Search,Returning,9,6,14,5.0
Clothing,12.15,3,Delivered,PayPal,Tablet,Organic,Returning,9,6,14,5.0
Toys,99.49,1,Delivered,PayPal,Desktop,Organic,VIP,9,6,14,7.0
Books,186.34,2,Delivered,Google Pay,Desktop,Email,VIP,9,6,14,5.0
Books,355.82,4,Delivered,Google Pay,Mobile,Paid Search,VIP,9,6,14,3.0
Electronics,283.62,1,Delivered,Debit Card,Mobile,Social,New,9,6,14,4.0
Electronics,296.79,1,Delivered,Apple Pay,Desktop,Email,Returning,9,0,14,6.0
Clothing,259.89,4,Delivered,Google Pay,Desktop,Social,Returning,9,0,14,5.0
Books,261.4,1,Delivered,PayPal,Desktop,Email,Returning,9,0,14,4.0
Home,80.55,2,Delivered,Apple Pay,Mobile,Organic,VIP,9,0,14,6.0
Clothing,212.12,2,Delivered,Google Pay,Desktop,Paid Search,New,9,0,14,1.0
Books,368.79,1,Delivered,Credit Card,Desktop,Organic,Returning,9,0,14,7.0
Home,201.72,3,Delivered,PayPal,Desktop,Paid Search,VIP,9,0,14,5.0
Electronics,360.08,2,Delivered,Credit Card,Mobile,Paid Search,Returning,9,0,14,5.0
Home,206.41,3,Shipped,PayPal,Mobile,Email,Returning,9,0,14,4.0
Beauty,447.78,4,Delivered,Google Pay,Mobile,Paid Search,Returning,9,0,14,5.0
Books,67.86,2,Delivered,Apple Pay,Desktop,Email,Returning,9,0,14,3.0
Home,335.26,1,Delivered,PayPal,Mobile,Email,VIP,9,0,14,5.0
Electronics,432.9,2,Delivered,Credit Card,Tablet,Organic,Returning,9,0,14,5.0
Toys,179.28,4,Delivered,Credit Card,Mobile,Social,New,9,0,14,7.0
Home,49.98,1,Shipped,Credit Card,Tablet,Social,Returning,9,0,14,6.0
Home,401.28,3,Delivered,PayPal,Mobile,Organic,VIP,9,0,14,7.0
Books,457.66,1,Delivered,Credit Card,Mobile,Paid Search,Returning,9,0,14,2.0
Beauty,79.5,2,Delivered,PayPal,Mobile,Paid Search,Returning,9,0,14,2.0
Electronics,238.45,2,Delivered,Google Pay,Desktop,Social,Returning,9,0,14,2.0
Books,196.72,3,Delivered,Debit Card,Mobile,Paid Search,VIP,9,0,14,6.0
Home,296.88,3,Delivered,Credit Card,Mobile,Social,Returning,9,0,14,7.0
Home,198.38,2,Delivered,Debit Card,Tablet,Organic,Returning,9,0,14,5.0
Electronics,51.75,3,Delivered,Credit Card,Desktop,Social,Returning,9,0,14,6.0
Clothing,376.38,3,Pending,Debit Card,Tablet,Organic,VIP,9,0,14,3.0
Clothing,384.95,1,Delivered,Credit Card,Desktop,Social,VIP,9,0,14,7.0
Home,473.8,2,Delivered,Apple Pay,Desktop,Paid Search,Returning,9,0,14,3.0
Toys,489.57,2,Pending,Debit Card,Mobile,Email,VIP,9,0,14,1.0
Books,96.15,3,Delivered,Apple Pay,Desktop,Organic,VIP,9,0,14,1.0
Toys,148.6,3,Shipped,Credit Card,Desktop,Paid Search,VIP,9,1,14,3.0
Home,63.67,1,Delivered,Google Pay,Mobile,Organic,VIP,9,1,14,4.0
Beauty,461.89,3,Shipped,PayPal,Mobile,Email,Returning,9,1,14,3.0
Books,431.32,3,Delivered,Apple Pay,Mobile,Organic,Returning,9,1,14,5.0
Books,479.96,1,Delivered,Apple Pay,Tablet,Social,Returning,9,1,14,6.0
Electronics,233.97,1,Delivered,Credit Card,Tablet,Paid Search,VIP,9,1,14,1.0
Beauty,317.36,1,Delivered,Credit Card,Desktop,Email,VIP,9,1,14,5.0
Home,47.03,1,Returned,Google Pay,Mobile,Organic,VIP,9,1,14,1.0
Clothing,286.03,3,Delivered,Google Pay,Tablet,Email,Returning,9,1,14,3.0
Electronics,303.29,1,Delivered,Credit Card,Mobile,Paid Search,Returning,9,1,14,5.0
Toys,422.37,4,Delivered,Debit Card,Tablet,Organic,Returning,9,1,14,7.0
Clothing,241.33,1,Delivered,PayPal,Mobile,Email,VIP,9,1,14,2.0
Toys,82.17,3,Delivered,Apple Pay,Tablet,Social,VIP,9,1,14,1.0
Clothing,472.83,2,Delivered,Credit Card,Desktop,Organic,Returning,9,1,14,3.0
Electronics,132.79,1,Delivered,PayPal,Desktop,Social,VIP,9,1,14,1.0
Electronics,461.71,2,Delivered,Credit Card,Desktop,Organic,VIP,9,1,14,4.0
Beauty,191.28,5,Delivered,PayPal,Desktop,Organic,VIP,9,1,14,4.0
Electronics,337.09,1,Delivered,Apple Pay,Tablet,Social,VIP,9,1,14,3.0
Toys,432.59,3,Delivered,PayPal,Mobile,Social,VIP,9,1,14,1.0
Toys,259.96,1,Delivered,Debit Card,Tablet,Social,VIP,9,1,14,6.0
Toys,97.05,1,Delivered,Apple Pay,Mobile,Social,VIP,9,1,14,5.0
Clothing,247.26,1,Pending,PayPal,Mobile,Social,VIP,9,2,14,1.0
Books,437.27,2,Shipped,Debit Card,Desktop,Social,VIP,9,2,14,6.0
Electronics,135.44,1,Delivered,PayPal,Tablet,Paid Search,Returning,9,2,14,1.0
Beauty,296.32,3,Delivered,PayPal,Desktop,Organic,Returning,9,2,14,3.0
Home,191.14,2,Delivered,PayPal,Tablet,Paid Search,Returning,9,2,14,1.0
Home,208.74,2,Delivered,PayPal,Mobile,Email,VIP,9,2,14,2.0
Home,474.62,2,Delivered,Credit Card,Mobile,Paid Search,Returning,9,2,14,3.0
Toys,154.75,3,Delivered,Google Pay,Mobile,Paid Search,VIP,9,2,14,1.0
Books,230.95,1,Delivered,Credit Card,Tablet,Social,VIP,9,2,14,1.0
Toys,160.17,8,Delivered,Debit Card,Desktop,Organic,Returning,9,2,14,5.0
Electronics,472.99,4,Delivered,Apple Pay,Desktop,Organic,Returning,9,2,14,4.0
Books,86.95,1,Delivered,PayPal,Mobile,Social,Returning,9,2,14,1.0
Home,35.38,1,Delivered,Credit Card,Mobile,Social,VIP,9,2,14,3.0
Beauty,58.03,1,Shipped,Apple Pay,Desktop,Organic,VIP,9,2,14,2.0
Electronics,307.42,2,Pending,Apple Pay,Mobile,Organic,VIP,9,2,14,7.0
Home,262.1,6,Delivered,Credit Card,Tablet,Paid Search,Returning,9,2,14,2.0
Beauty,357.24,2,Shipped,Apple Pay,Mobile,Organic,VIP,9,2,14,7.0
Books,136.68,2,Delivered,Apple Pay,Mobile,Email,VIP,9,2,14,7.0
Beauty,435.88,2,Delivered,PayPal,Desktop,Paid Search,VIP,9,2,14,6.0
Home,388.72,5,Delivered,Credit Card,Tablet,Paid Search,Returning,9,2,14,1.0
Clothing,162.56,2,Shipped,Google Pay,Mobile,Social,VIP,9,2,14,7.0
Clothing,155.68,1,Delivered,Debit Card,Mobile,Organic,VIP,9,2,14,4.0
Toys,386.35,1,Delivered,Google Pay,Desktop,Social,VIP,9,2,14,3.0
Beauty,145.41,1,Delivered,Debit Card,Tablet,Social,Returning,9,2,14,7.0
Home,289.04,4,Delivered,Credit Card,Desktop,Organic,VIP,9,2,14,6.0
Home,474.16,3,Returned,Apple Pay,Desktop,Paid Search,Returning,9,3,14,4.0
Toys,454.89,4,Shipped,Google Pay,Desktop,Email,Returning,9,3,14,6.0
Home,73.6,1,Delivered,Apple Pay,Mobile,Email,Returning,9,3,14,4.0
Books,385.87,3,Delivered,PayPal,Desktop,Organic,VIP,9,3,14,7.0
Books,19.48,2,Delivered,PayPal,Mobile,Social,VIP,9,3,14,6.0
Beauty,459.4,2,Delivered,Credit Card,Mobile,Paid Search,VIP,9,3,14,5.0
Clothing,408.66,2,Delivered,Debit Card,Tablet,Email,New,9,3,14,7.0
Beauty,313.01,1,Delivered,Apple Pay,Tablet,Paid Search,VIP,9,3,14,4.0
Home,40.87,1,Shipped,Google Pay,Desktop,Paid Search,VIP,9,3,14,7.0
Books,414.33,3,Delivered,Apple Pay,Tablet,Email,VIP,9,3,14,3.0
Home,363.13,2,Delivered,Debit Card,Desktop,Email,VIP,9,3,14,3.0
Electronics,183.41,1,Delivered,Apple Pay,Tablet,Paid Search,Returning,9,3,14,2.0
Electronics,246.58,1,Delivered,Debit Card,Mobile,Email,VIP,9,3,14,3.0
Toys,43.0,1,Delivered,Google Pay,Tablet,Email,Returning,9,3,14,5.0
Books,36.98,2,Shipped,Credit Card,Desktop,Paid Search,VIP,9,3,14,3.0
Beauty,13.27,1,Shipped,PayPal,Desktop,Organic,Returning,9,3,14,7.0
Home,235.4,5,Delivered,Google Pay,Mobile,Organic,Returning,9,3,14,6.0
Clothing,311.0,6,Delivered,PayPal,Desktop,Paid Search,New,9,3,14,6.0
Electronics,58.95,3,Delivered,Google Pay,Tablet,Email,VIP,9,3,14,1.0
Toys,374.94,1,Delivered,Google Pay,Tablet,Social,VIP,9,3,14,3.0
Toys,51.17,5,Returned,PayPal,Tablet,Social,VIP,9,3,14,7.0
Clothing,376.09,4,Shipped,Apple Pay,Tablet,Social,New,9,3,14,2.0
Clothing,215.62,7,Returned,Google Pay,Tablet,Organic,Returning,9,3,14,5.0
Clothing,179.19,1,Delivered,Credit Card,Mobile,Organic,VIP,9,3,14,3.0
Electronics,25.41,4,Returned,Apple Pay,Desktop,Organic,Returning,9,3,14,2.0
Beauty,454.65,3,Delivered,Debit Card,Desktop,Organic,Returning,9,4,14,3.0
Clothing,192.31,4,Delivered,Apple Pay,Mobile,Paid Search,VIP,9,4,14,5.0
Electronics,352.86,1,Delivered,Debit Card,Desktop,Social,Returning,9,4,14,3.0
Toys,397.17,2,Shipped,Google Pay,Desktop,Social,VIP,9,4,14,2.0
Toys,471.45,1,Delivered,Google Pay,Mobile,Paid Search,Returning,9,4,14,5.0
Beauty,463.34,3,Delivered,Google Pay,Desktop,Paid Search,VIP,9,4,14,4.0
Toys,126.76,1,Delivered,Google Pay,Mobile,Paid Search,Returning,9,4,14,4.0
Beauty,350.27,4,Shipped,Google Pay,Desktop,Email,Returning,9,4,14,6.0
Home,56.71,3,Delivered,Debit Card,Mobile,Email,VIP,9,4,14,3.0
Clothing,323.01,2,Shipped,Credit Card,Tablet,Paid Search,Returning,9,4,14,2.0
Toys,332.49,1,Delivered,Google Pay,Desktop,Social,VIP,9,4,14,2.0
Home,92.73,1,Delivered,Credit Card,Mobile,Organic,VIP,9,4,14,6.0
Books,326.05,1,Shipped,Debit Card,Desktop,Paid Search,New,9,4,14,1.0
Electronics,423.0,2,Shipped,Apple Pay,Mobile,Paid Search,Returning,9,4,14,4.0
Toys,426.4,3,Delivered,Google Pay,Tablet,Paid Search,Returning,9,4,14,1.0
Clothing,127.28,1,Shipped,Google Pay,Desktop,Paid Search,VIP,9,4,14,4.0
Clothing,196.76,1,Returned,Credit Card,Desktop,Social,VIP,9,4,14,3.0
Beauty,166.62,2,Delivered,Apple Pay,Desktop,Paid Search,Returning,9,4,14,3.0
Toys,23.7,1,Pending,Credit Card,Tablet,Email,VIP,9,4,14,7.0
Toys,477.03,2,Delivered,Google Pay,Mobile,Paid Search,VIP,9,4,14,3.0
Toys,422.09,3,Pending,Credit Card,Tablet,Organic,VIP,9,5,14,3.0
Beauty,244.07,3,Shipped,Credit Card,Mobile,Paid Search,Returning,9,5,14,5.0
Beauty,265.59,1,Delivered,Apple Pay,Tablet,Social,VIP,9,5,14,3.0
Books,360.69,3,Delivered,Debit Card,Mobile,Social,Returning,9,5,14,4.0
Home,411.18,1,Delivered,Google Pay,Mobile,Paid Search,VIP,9,5,14,2.0
Clothing,33.75,1,Shipped,PayPal,Mobile,Email,VIP,9,5,14,5.0
Clothing,335.27,4,Delivered,Credit Card,Tablet,Email,VIP,9,5,14,6.0
Home,93.51,2,Pending,Google Pay,Tablet,Organic,New,9,5,14,3.0
Home,452.96,3,Returned,Credit Card,Mobile,Paid Search,Returning,9,5,14,4.0
Home,280.93,5,Delivered,Google Pay,Desktop,Organic,New,9,5,14,2.0
Toys,7.1,1,Delivered,Apple Pay,Desktop,Email,Returning,9,5,14,5.0
Home,378.48,1,Delivered,Credit Card,Desktop,Organic,Returning,9,5,14,4.0
Books,496.02,1,Pending,PayPal,Desktop,Organic,Returning,9,5,14,7.0
Beauty,154.33,4,Delivered,PayPal,Desktop,Paid Search,Returning,9,5,14,5.0
Books,92.63,3,Delivered,Credit Card,Desktop,Email,Returning,9,5,14,1.0
Toys,261.72,2,Delivered,Debit Card,Tablet,Email,New,9,5,14,7.0
Beauty,375.04,2,Shipped,Credit Card,Mobile,Organic,Returning,9,5,14,5.0
Beauty,172.05,2,Shipped,Credit Card,Desktop,Social,VIP,9,5,14,2.0
Home,382.18,2,Delivered,Apple Pay,Tablet,Paid Search,Returning,9,5,14,7.0
Home,231.6,1,Delivered,PayPal,Mobile,Organic,VIP,9,5,14,4.0
Books,66.83,1,Shipped,Credit Card,Tablet,Paid Search,VIP,9,5,14,2.0
Beauty,135.84,5,Delivered,Google Pay,Tablet,Social,Returning,9,5,14,5.0
Electronics,13.5,4,Returned,Debit Card,Tablet,Social,VIP,9,5,14,5.0
Home,90.37,3,Pending,PayPal,Tablet,Paid Search,Returning,9,5,14,7.0
Books,363.24,1,Shipped,Google Pay,Tablet,Organic,Returning,9,5,14,1.0
Clothing,330.19,4,Delivered,Debit Card,Desktop,Social,Returning,9,5,14,4.0
Beauty,203.29,1,Delivered,Google Pay,Mobile,Social,VIP,9,5,14,7.0
Toys,489.93,1,Returned,Apple Pay,Mobile,Organic,VIP,9,6,14,3.0
Home,108.92,4,Delivered,Credit Card,Tablet,Social,VIP,9,6,14,2.0
Clothing,392.42,3,Delivered,PayPal,Desktop,Social,VIP,9,6,14,4.0
Electronics,305.06,1,Delivered,Google Pay,Tablet,Organic,Returning,9,6,14,3.0
Electronics,324.16,1,Delivered,Credit Card,Mobile,Organic,New,9,6,14,2.0
Beauty,29.75,4,Shipped,Debit Card,Tablet,Organic,VIP,9,6,14,5.0
Electronics,391.14,1,Delivered,Google Pay,Tablet,Paid Search,VIP,9,6,14,6.0
Toys,229.15,2,Delivered,PayPal,Mobile,Social,Returning,9,6,14,1.0
Home,339.66,1,Returned,Google Pay,Tablet,Paid Search,VIP,9,6,14,6.0
Clothing,41.35,3,Delivered,Credit Card,Desktop,Social,Returning,9,6,14,4.0
Home,414.2,1,Delivered,Debit Card,Tablet,Paid Search,VIP,9,6,14,2.0
Toys,451.51,1,Delivered,PayPal,Mobile,Organic,VIP,9,6,14,6.0
Toys,115.48,2,Shipped,Google Pay,Mobile,Paid Search,VIP,9,6,14,6.0
Beauty,278.76,1,Delivered,PayPal,Mobile,Social,VIP,9,6,14,7.0
Beauty,193.92,2,Delivered,Google Pay,Tablet,Social,Returning,9,6,14,3.0
Home,333.92,1,Shipped,Debit Card,Mobile,Paid Search,VIP,9,6,14,5.0
Books,300.57,2,Shipped,Apple Pay,Mobile,Organic,VIP,9,6,14,2.0
Books,437.41,2,Shipped,Credit Card,Tablet,Paid Search,VIP,9,6,14,5.0
Beauty,53.59,2,Shipped,Debit Card,Mobile,Social,Returning,9,6,14,4.0
Clothing,374.3,3,Shipped,Apple Pay,Mobile,Email,New,9,6,14,6.0
Books,347.34,1,Delivered,Credit Card,Desktop,Social,VIP,9,6,14,2.0
Home,415.53,3,Returned,Google Pay,Desktop,Social,Returning,9,6,14,2.0
Books,108.37,1,Delivered,Apple Pay,Mobile,Email,VIP,9,6,14,2.0
Toys,339.94,5,Delivered,Apple Pay,Tablet,Social,Returning,9,6,14,2.0
Toys,90.02,1,Delivered,Apple Pay,Tablet,Paid Search,Returning,9,6,14,3.0
Books,91.88,3,Delivered,Apple Pay,Mobile,Organic,Returning,9,0,14,4.0
Beauty,99.97,1,Delivered,Credit Card,Desktop,Paid Search,VIP,9,0,14,2.0
Books,483.2,1,Delivered,Debit Card,Tablet,Social,Returning,9,0,14,4.0
Clothing,259.97,5,Delivered,Apple Pay,Tablet,Email,VIP,9,0,14,3.0
Toys,446.05,2,Pending,PayPal,Mobile,Paid Search,Returning,9,0,14,6.0
Home,356.26,2,Delivered,Debit Card,Desktop,Social,Returning,9,0,14,3.0
Beauty,86.91,3,Delivered,PayPal,Tablet,Organic,Returning,9,0,14,4.0
Toys,366.91,3,Delivered,Debit Card,Tablet,Organic,VIP,9,0,14,3.0
Books,395.78,3,Delivered,Apple Pay,Desktop,Social,VIP,9,0,14,4.0
Electronics,28.1,3,Delivered,PayPal,Tablet,Social,Returning,9,0,14,7.0
Electronics,382.68,2,Delivered,Credit Card,Desktop,Organic,Returning,9,0,14,6.0
Toys,451.23,1,Delivered,Credit Card,Mobile,Paid Search,VIP,9,0,14,3.0
Clothing,348.29,1,Delivered,Credit Card,Desktop,Email,Returning,9,0,14,3.0
Books,371.66,3,Shipped,PayPal,Desktop,Organic,Returning,9,0,14,7.0
Electronics,430.92,1,Shipped,Debit Card,Tablet,Social,Returning,9,0,14,2.0
Beauty,371.86,1,Delivered,PayPal,Mobile,Social,New,9,0,14,5.0
Electronics,90.08,4,Delivered,Credit Card,Tablet,Paid Search,Returning,9,0,14,3.0
Electronics,281.88,3,Delivered,PayPal,Tablet,Social,Returning,9,0,14,5.0
Beauty,222.58,2,Delivered,Google Pay,Desktop,Paid Search,VIP,9,0,14,4.0
Electronics,421.36,3,Delivered,PayPal,Desktop,Social,Returning,9,0,14,4.0
Home,323.3,1,Delivered,Credit Card,Desktop,Organic,Returning,9,0,14,2.0
Clothing,435.98,2,Shipped,Debit Card,Mobile,Email,Returning,9,0,14,3.0
Beauty,136.46,2,Delivered,Credit Card,Tablet,Paid Search,Returning,9,0,14,5.0
Clothing,479.43,1,Shipped,Apple Pay,Desktop,Email,Returning,9,0,14,2.0
Clothing,130.72,2,Delivered,Google Pay,Desktop,Email,Returning,9,0,14,1.0
Books,374.42,3,Delivered,Apple Pay,Tablet,Paid Search,VIP,9,0,14,6.0
Toys,138.99,2,Delivered,PayPal,Tablet,Paid Search,Returning,9,1,14,1.0
Toys,396.42,2,Delivered,Debit Card,Tablet,Paid Search,Returning,9,1,14,7.0
Home,59.95,2,Returned,PayPal,Mobile,Social,VIP,9,1,14,6.0
Books,355.35,1,Delivered,Apple Pay,Tablet,Social,VIP,9,1,14,4.0
Toys,29.73,2,Shipped,Debit Card,Tablet,Paid Search,VIP,9,1,14,1.0
Toys,228.65,2,Shipped,Debit Card,Mobile,Social,VIP,9,1,14,3.0
Home,446.47,1,Delivered,Apple Pay,Tablet,Social,Returning,9,1,14,7.0
Beauty,225.62,1,Delivered,Debit Card,Tablet,Organic,Returning,9,1,14,1.0
Clothing,47.84,3,Delivered,Debit Card,Tablet,Organic,Returning,9,1,14,1.0
Home,202.16,1,Shipped,Google Pay,Tablet,Social,Returning,9,1,14,7.0
Clothing,101.06,1,Delivered,Credit Card,Mobile,Organic,Returning,9,1,14,6.0
Toys,494.38,2,Delivered,Debit Card,Mobile,Email,VIP,9,1,14,7.0
Electronics,80.31,1,Delivered,Credit Card,Tablet,Email,VIP,9,1,14,4.0
Beauty,309.63,2,Delivered,Google Pay,Desktop,Paid Search,VIP,9,1,14,5.0
Clothing,203.19,1,Delivered,Credit Card,Mobile,Paid Search,New,9,1,14,4.0
Toys,427.13,2,Delivered,Debit Card,Desktop,Organic,Returning,9,1,14,3.0
Home,48.2,2,Delivered,Google Pay,Desktop,Email,VIP,9,1,14,5.0
Clothing,135.99,4,Delivered,Debit Card,Tablet,Paid Search,Returning,9,1,14,4.0
Clothing,447.81,2,Returned,Debit Card,Desktop,Social,Returning,9,1,14,5.0
Beauty,238.23,3,Shipped,Apple Pay,Desktop,Social,Returning,9,1,14,1.0
Clothing,104.49,4,Delivered,PayPal,Desktop,Paid Search,VIP,9,1,14,5.0
Books,269.95,1,Delivered,PayPal,Mobile,Social,New,9,1,14,1.0
Books,428.4,1,Delivered,Google Pay,Tablet,Email,VIP,9,1,14,5.0
Electronics,187.6,2,Delivered,Debit Card,Mobile,Organic,VIP,9,1,14,1.0
Books,170.97,4,Shipped,Debit Card,Tablet,Paid Search,Returning,9,2,14,7.0
Clothing,342.11,1,Shipped,Apple Pay,Tablet,Organic,VIP,9,2,14,2.0
Books,141.34,3,Shipped,Google Pay,Desktop,Email,Returning,9,2,14,4.0
Books,418.37,1,Shipped,PayPal,Tablet,Paid Search,Returning,9,2,14,5.0
Electronics,265.57,3,Shipped,Apple Pay,Mobile,Email,Returning,9,2,14,2.0
Books,265.96,3,Shipped,Credit Card,Desktop,Social,Returning,9,2,14,1.0
Beauty,223.08,2,Delivered,Debit Card,Mobile,Organic,VIP,9,2,14,2.0
Books,276.15,4,Shipped,Google Pay,Tablet,Social,Returning,9,2,14,3.0
Clothing,438.11,1,Returned,Debit Card,Mobile,Email,VIP,9,2,14,5.0
Electronics,26.28,2,Delivered,PayPal,Mobile,Paid Search,VIP,9,2,14,7.0
Home,440.29,2,Delivered,Debit Card,Tablet,Email,Returning,9,2,14,2.0
Electronics,144.89,3,Delivered,Debit Card,Desktop,Organic,VIP,9,2,14,1.0
Books,451.36,1,Delivered,Apple Pay,Mobile,Email,Returning,9,2,14,5.0
Toys,220.88,4,Shipped,Debit Card,Tablet,Paid Search,VIP,9,2,14,3.0
Beauty,276.48,3,Shipped,Google Pay,Tablet,Organic,Returning,9,2,14,2.0
Toys,72.85,4,Delivered,Google Pay,Desktop,Email,Returning,9,2,14,2.0
Clothing,134.05,2,Delivered,Debit Card,Mobile,Organic,Returning,9,2,14,5.0
Beauty,143.62,3,Delivered,Apple Pay,Mobile,Organic,VIP,9,2,14,7.0
Electronics,323.71,3,Returned,Credit Card,Desktop,Organic,VIP,9,2,14,2.0
Home,349.49,1,Delivered,Apple Pay,Tablet,Organic,VIP,9,2,14,3.0
Books,122.91,1,Shipped,Debit Card,Mobile,Organic,VIP,9,2,14,1.0
Beauty,249.73,2,Delivered,Credit Card,Tablet,Social,Returning,9,2,14,1.0
Home,319.21,3,Delivered,Google Pay,Tablet,Paid Search,Returning,9,2,14,4.0
Clothing,431.7,3,Delivered,Apple Pay,Mobile,Social,Returning,9,2,14,3.0
Home,19.78,1,Delivered,Debit Card,Desktop,Paid Search,Returning,9,2,14,2.0
Clothing,366.09,1,Shipped,Credit Card,Mobile,Social,New,9,2,14,2.0
Home,75.51,3,Delivered,Debit Card,Tablet,Paid Search,Returning,9,2,14,4.0
Books,403.81,2,Delivered,Google Pay,Mobile,Email,VIP,9,2,14,5.0
Toys,202.82,2,Returned,PayPal,Mobile,Email,VIP,9,2,14,3.0
Clothing,177.4,3,Delivered,Debit Card,Mobile,Email,VIP,9,2,14,5.0
Books,466.92,2,Shipped,Debit Card,Mobile,Organic,VIP,9,2,14,6.0
Electronics,298.99,3,Delivered,Debit Card,Tablet,Paid Search,Returning,9,2,14,2.0
Toys,227.87,3,Returned,Credit Card,Tablet,Paid Search,VIP,9,2,14,7.0
Toys,154.59,4,Delivered,Debit Card,Desktop,Social,Returning,9,2,14,1.0
Beauty,408.04,1,Delivered,Credit Card,Mobile,Social,VIP,9,2,14,2.0
Clothing,111.77,2,Delivered,Apple Pay,Tablet,Social,VIP,9,2,14,1.0
Home,205.73,6,Delivered,Debit Card,Mobile,Social,Returning,9,2,14,2.0
Clothing,94.43,2,Delivered,Debit Card,Desktop,Paid Search,VIP,9,2,14,3.0
Beauty,53.08,5,Delivered,Credit Card,Tablet,Organic,VIP,9,3,14,7.0
Home,411.59,2,Delivered,Debit Card,Mobile,Email,Returning,9,3,14,7.0
Toys,401.52,2,Delivered,Google Pay,Mobile,Email,VIP,9,3,14,1.0
Toys,227.97,1,Delivered,Debit Card,Desktop,Paid Search,Returning,9,3,14,5.0
Beauty,380.29,4,Delivered,Apple Pay,Mobile,Social,New,9,3,14,2.0
Toys,405.6,1,Delivered,Google Pay,Mobile,Paid Search,VIP,9,3,14,3.0
Electronics,266.45,1,Delivered,Credit Card,Mobile,Paid Search,Returning,9,3,14,6.0
Electronics,329.55,5,Shipped,Apple Pay,Desktop,Email,Returning,9,3,14,1.0
Electronics,397.12,3,Shipped,Google Pay,Tablet,Email,VIP,9,3,14,1.0
Electronics,379.38,1,Delivered,Google Pay,Desktop,Social,Returning,9,3,14,2.0
Home,178.71,1,Delivered,Google Pay,Desktop,Social,VIP,9,3,14,2.0
Beauty,284.13,2,Delivered,PayPal,Tablet,Social,VIP,9,3,14,2.0
Toys,136.41,2,Delivered,Apple Pay,Desktop,Paid Search,VIP,9,3,14,1.0
Toys,461.46,2,Shipped,Google Pay,Tablet,Social,Returning,9,3,14,1.0
Clothing,9.59,4,Delivered,Apple Pay,Desktop,Email,VIP,9,3,14,4.0
Beauty,205.15,2,Delivered,PayPal,Tablet,Social,Returning,9,3,14,2.0
Electronics,281.74,5,Delivered,Apple Pay,Mobile,Paid Search,VIP,9,3,14,7.0
Home,160.58,1,Delivered,Debit Card,Desktop,Organic,Returning,9,3,14,3.0
Electronics,397.48,1,Delivered,Apple Pay,Desktop,Social,VIP,9,3,14,3.0
Beauty,390.91,1,Delivered,Apple Pay,Tablet,Organic,Returning,9,3,14,2.0
Beauty,410.86,2,Pending,Google Pay,Mobile,Social,New,9,3,14,5.0
Beauty,301.16,2,Shipped,Google Pay,Desktop,Paid Search,VIP,9,3,14,7.0
Clothing,258.14,1,Delivered,Apple Pay,Mobile,Paid Search,VIP,9,3,14,4.0
Toys,262.9,4,Delivered,Apple Pay,Mobile,Email,Returning,9,3,14,1.0
Books,369.44,2,Shipped,Apple Pay,Desktop,Organic,VIP,9,3,14,1.0
Beauty,172.39,1,Shipped,Apple Pay,Mobile,Paid Search,Returning,9,3,14,4.0
Home,261.59,1,Delivered,Debit Card,Mobile,Paid Search,VIP,9,3,14,1.0
Electronics,490.55,4,Delivered,Google Pay,Mobile,Email,New,9,3,14,6.0
Beauty,259.43,1,Delivered,Apple Pay,Tablet,Paid Search,VIP,9,3,14,5.0
Toys,29.18,2,Delivered,Debit Card,Desktop,Email,VIP,9,4,14,3.0
Toys,102.93,1,Delivered,Credit Card,Desktop,Email,VIP,9,4,14,4.0
Toys,293.28,3,Delivered,Apple Pay,Mobile,Paid Search,Returning,9,4,14,7.0
Electronics,376.15,1,Delivered,Debit Card,Desktop,Paid Search,VIP,9,4,14,1.0
Books,448.33,1,Pending,Google Pay,Tablet,Paid Search,VIP,9,4,14,6.0
Toys,38.47,1,Pending,Google Pay,Desktop,Social,VIP,9,4,14,4.0
Books,9.42,1,Delivered,Debit Card,Mobile,Email,Returning,9,4,14,5.0
Toys,233.39,4,Delivered,Credit Card,Tablet,Social,Returning,9,4,14,1.0
Beauty,466.64,3,Delivered,PayPal,Mobile,Paid Search,Returning,9,4,14,4.0
Home,298.77,2,Delivered,Credit Card,Desktop,Paid Search,Returning,9,4,14,6.0
Toys,19.09,2,Delivered,Apple Pay,Tablet,Paid Search,Returning,9,4,14,3.0
Books,23.97,1,Delivered,PayPal,Mobile,Organic,New,9,4,14,5.0
Clothing,450.63,1,Delivered,Credit Card,Desktop,Social,Returning,9,4,14,1.0
Home,178.1,3,Delivered,Debit Card,Tablet,Email,VIP,9,4,14,1.0
Clothing,392.17,2,Returned,Credit Card,Tablet,Email,Returning,9,4,14,4.0
Toys,184.44,3,Delivered,Google Pay,Tablet,Email,Returning,9,4,14,5.0
Beauty,337.59,1,Delivered,Google Pay,Tablet,Email,VIP,9,4,14,4.0
Books,157.23,4,Shipped,PayPal,Desktop,Email,VIP,9,4,14,4.0
Toys,351.58,3,Delivered,Apple Pay,Mobile,Email,VIP,9,4,14,7.0
Toys,120.37,1,Delivered,Google Pay,Desktop,Email,VIP,9,4,14,4.0
Electronics,160.92,3,Delivered,Google Pay,Tablet,Paid Search,VIP,9,4,14,3.0
Toys,33.36,3,Delivered,Google Pay,Tablet,Email,VIP,9,4,14,1.0
Electronics,232.08,1,Returned,Debit Card,Mobile,Social,VIP,9,4,14,4.0
Electronics,68.24,2,Delivered,PayPal,Tablet,Email,VIP,9,4,14,6.0
Clothing,90.77,1,Returned,Apple Pay,Desktop,Paid Search,Returning,9,4,14,7.0
Books,198.73,3,Pending,Debit Card,Mobile,Paid Search,New,9,4,14,7.0
Beauty,18.43,4,Delivered,Google Pay,Desktop,Email,Returning,9,4,14,2.0
Electronics,259.34,2,Delivered,Debit Card,Tablet,Organic,VIP,9,5,14,2.0
Books,433.28,5,Delivered,Debit Card,Desktop,Paid Search,Returning,9,5,14,2.0
Books,129.36,3,Shipped,PayPal,Tablet,Email,VIP,9,5,14,1.0
Home,303.44,2,Shipped,Debit Card,Tablet,Email,VIP,9,5,14,4.0
Clothing,187.61,1,Shipped,Debit Card,Desktop,Social,VIP,9,5,14,7.0
Toys,129.78,1,Shipped,Credit Card,Tablet,Email,VIP,9,5,14,7.0
Books,170.06,3,Delivered,Google Pay,Mobile,Social,VIP,9,5,14,7.0
Toys,155.79,1,Returned,Debit Card,Tablet,Email,Returning,9,5,14,2.0
Toys,26.73,2,Delivered,Apple Pay,Mobile,Social,VIP,9,5,14,1.0
Electronics,110.82,1,Delivered,PayPal,Tablet,Organic,Returning,9,5,14,4.0
Electronics,392.61,1,Shipped,Debit Card,Mobile,Social,VIP,9,5,14,1.0
Beauty,154.91,4,Delivered,Debit Card,Mobile,Social,VIP,9,5,14,2.0
Toys,80.03,1,Delivered,Google Pay,Mobile,Organic,VIP,9,5,14,4.0
Clothing,180.43,3,Delivered,PayPal,Desktop,Email,VIP,9,5,14,4.0
Toys,58.44,2,Delivered,PayPal,Desktop,Social,Returning,9,5,14,2.0
Toys,458.9,2,Delivered,Debit Card,Tablet,Email,VIP,9,5,14,4.0
Electronics,327.29,1,Shipped,Debit Card,Mobile,Paid Search,VIP,9,5,14,4.0
Electronics,391.67,3,Delivered,Google Pay,Desktop,Social,VIP,9,5,14,3.0
Books,217.04,1,Delivered,Apple Pay,Mobile,Paid Search,Returning,9,5,14,5.0
Toys,434.14,2,Shipped,Debit Card,Tablet,Organic,Returning,9,5,14,3.0
Books,420.34,1,Shipped,Google Pay,Desktop,Social,Returning,9,5,14,6.0
Beauty,254.34,2,Delivered,Apple Pay,Mobile,Email,New,9,5,14,7.0
Clothing,388.58,4,Delivered,PayPal,Tablet,Paid Search,Returning,9,5,14,1.0
Books,297.55,1,Delivered,Google Pay,Desktop,Social,VIP,9,5,14,4.0
Clothing,102.74,4,Delivered,Apple Pay,Desktop,Social,Returning,9,5,14,6.0
Home,352.53,4,Delivered,Google Pay,Desktop,Social,Returning,9,5,14,5.0
Toys,337.83,3,Pending,Credit Card,Mobile,Organic,Returning,9,6,14,2.0
Books,84.38,3,Delivered,Google Pay,Tablet,Paid Search,VIP,9,6,14,3.0
Beauty,485.84,3,Delivered,Credit Card,Mobile,Social,VIP,9,6,14,4.0
Home,403.33,2,Delivered,PayPal,Tablet,Email,VIP,9,6,14,4.0
Toys,277.74,3,Delivered,Debit Card,Tablet,Social,VIP,9,6,14,7.0
Toys,216.56,4,Delivered,PayPal,Desktop,Paid Search,Returning,9,6,14,6.0
Electronics,496.53,1,Delivered,Apple Pay,Tablet,Social,Returning,9,6,14,3.0
Beauty,238.44,2,Pending,PayPal,Desktop,Paid Search,VIP,9,6,14,1.0
Books,97.33,2,Delivered,Apple Pay,Tablet,Social,Returning,9,6,14,3.0
Electronics,266.29,1,Delivered,Credit Card,Mobile,Email,Returning,9,6,14,1.0
Electronics,409.07,1,Delivered,Debit Card,Desktop,Social,Returning,9,6,14,2.0
Beauty,269.14,1,Delivered,Debit Card,Desktop,Email,VIP,9,6,14,2.0
Electronics,491.6,2,Delivered,Apple Pay,Desktop,Social,VIP,9,6,14,3.0
Beauty,133.47,1,Delivered,PayPal,Tablet,Social,VIP,9,6,14,4.0
Toys,317.19,3,Shipped,PayPal,Mobile,Paid Search,VIP,9,6,14,2.0
Books,150.09,3,Delivered,Debit Card,Tablet,Email,VIP,9,6,14,3.0
Books,450.41,1,Shipped,Apple Pay,Tablet,Social,VIP,9,6,14,4.0
Beauty,196.52,2,Delivered,Debit Card,Desktop,Organic,VIP,9,6,14,2.0
Home,202.42,2,Delivered,Google Pay,Desktop,Organic,Returning,9,6,14,6.0
Electronics,394.53,2,Shipped,Google Pay,Desktop,Social,VIP,9,6,14,1.0
Beauty,26.97,3,Delivered,Google Pay,Desktop,Email,Returning,9,6,14,6.0
Electronics,312.43,4,Delivered,Credit Card,Tablet,Paid Search,Returning,9,6,14,6.0
Toys,300.02,3,Shipped,Credit Card,Tablet,Social,Returning,9,6,14,6.0
Beauty,82.7,2,Delivered,PayPal,Mobile,Social,Returning,9,6,14,3.0
Clothing,155.58,1,Returned,Credit Card,Mobile,Paid Search,New,9,6,14,1.0
Toys,81.1,2,Delivered,Credit Card,Tablet,Organic,Returning,9,6,14,4.0
Home,329.56,5,Delivered,PayPal,Mobile,Email,New,9,6,14,1.0
Beauty,265.81,2,Delivered,Debit Card,Mobile,Organic,VIP,9,6,14,2.0
Electronics,54.32,2,Shipped,Apple Pay,Mobile,Email,VIP,9,6,14,5.0
Books,308.3,1,Delivered,Google Pay,Tablet,Social,VIP,9,6,14,6.0
Clothing,351.2,1,Delivered,PayPal,Tablet,Organic,Returning,9,6,14,4.0
Electronics,360.55,2,Delivered,Debit Card,Desktop,Email,Returning,9,6,14,2.0
Clothing,438.28,1,Pending,PayPal,Mobile,Social,VIP,9,6,14,3.0
Beauty,252.08,3,Shipped,Debit Card,Desktop,Email,VIP,9,0,14,4.0
Beauty,251.95,2,Delivered,Google Pay,Desktop,Organic,VIP,9,0,14,5.0
Home,12.13,1,Delivered,Credit Card,Mobile,Email,New,9,0,14,3.0
Toys,307.23,1,Delivered,Google Pay,Tablet,Paid Search,Returning,9,0,14,5.0
Books,38.54,6,Delivered,Apple Pay,Tablet,Social,Returning,9,0,14,5.0
Clothing,252.92,3,Delivered,Apple Pay,Desktop,Organic,Returning,9,0,14,6.0
Books,180.23,5,Delivered,Debit Card,Mobile,Email,Returning,9,0,14,5.0
Beauty,43.66,2,Delivered,PayPal,Tablet,Organic,Returning,9,0,14,7.0
Beauty,18.76,2,Pending,Google Pay,Desktop,Organic,Returning,9,0,14,3.0
Home,380.33,1,Delivered,PayPal,Tablet,Email,VIP,9,0,14,3.0
Electronics,435.54,1,Shipped,Apple Pay,Desktop,Social,VIP,9,0,14,2.0
Beauty,125.52,3,Delivered,Apple Pay,Desktop,Organic,Returning,9,0,14,4.0
Toys,412.1,1,Delivered,Google Pay,Mobile,Email,Returning,9,0,14,1.0
Beauty,190.9,3,Delivered,PayPal,Mobile,Email,VIP,9,0,14,3.0
Electronics,86.48,2,Delivered,Debit Card,Mobile,Email,VIP,9,0,14,6.0
Home,418.86,1,Delivered,Credit Card,Mobile,Organic,VIP,9,0,14,6.0
Clothing,144.9,1,Shipped,Credit Card,Tablet,Paid Search,New,9,0,14,3.0
Toys,299.52,1,Delivered,Debit Card,Tablet,Email,Returning,9,0,14,6.0
Clothing,423.74,1,Delivered,Debit Card,Tablet,Paid Search,Returning,9,0,14,1.0
Home,217.01,1,Delivered,Debit Card,Tablet,Organic,VIP,9,0,14,4.0
Electronics,254.39,2,Shipped,Debit Card,Tablet,Organic,Returning,9,0,14,1.0
Home,16.14,3,Delivered,Apple Pay,Tablet,Paid Search,VIP,9,0,14,3.0
Books,11.83,1,Delivered,Apple Pay,Tablet,Organic,VIP,9,0,14,2.0
Toys,111.63,4,Delivered,PayPal,Mobile,Email,Returning,9,0,14,5.0
Electronics,242.08,1,Delivered,Apple Pay,Mobile,Email,VIP,9,0,14,2.0
Toys,166.37,5,Delivered,Debit Card,Tablet,Social,Returning,9,0,14,6.0
Electronics,102.97,1,Delivered,Apple Pay,Mobile,Paid Search,VIP,9,0,14,2.0
Electronics,121.83,1,Returned,Credit Card,Tablet,Organic,Returning,9,1,14,4.0
Home,335.98,1,Shipped,Credit Card,Desktop,Paid Search,VIP,9,1,14,5.0
Books,417.28,2,Delivered,Apple Pay,Tablet,Paid Search,Returning,9,1,14,7.0
Home,43.61,1,Delivered,Google Pay,Tablet,Social,Returning,9,1,14,1.0
Clothing,436.65,2,Delivered,Apple Pay,Desktop,Social,Returning,9,1,14,1.0
Home,446.02,1,Shipped,Google Pay,Tablet,Organic,Returning,9,1,14,4.0
Beauty,36.78,3,Shipped,Google Pay,Tablet,Organic,VIP,9,1,14,4.0
Clothing,192.8,2,Delivered,Apple Pay,Tablet,Social,VIP,9,1,14,1.0
Home,244.91,5,Shipped,Credit Card,Mobile,Organic,Returning,9,1,14,2.0
Books,214.73,2,Delivered,Debit Card,Mobile,Social,Returning,9,1,14,3.0
Clothing,344.12,2,Delivered,Google Pay,Tablet,Email,Returning,9,1,14,1.0
Clothing,264.98,3,Delivered,Apple Pay,Desktop,Email,Returning,9,1,14,5.0
Toys,383.27,1,Delivered,Google Pay,Desktop,Organic,VIP,9,1,14,4.0
Home,152.15,1,Delivered,PayPal,Mobile,Email,Returning,9,1,14,3.0
Toys,175.12,2,Shipped,Google Pay,Mobile,Email,Returning,9,1,14,7.0
Toys,226.58,1,Pending,PayPal,Desktop,Organic,Returning,9,1,14,7.0
Toys,59.88,1,Delivered,PayPal,Tablet,Paid Search,VIP,9,1,14,6.0
Electronics,101.9,4,Delivered,Apple Pay,Tablet,Email,Returning,9,1,14,4.0
Electronics,155.48,3,Delivered,Debit Card,Mobile,Email,VIP,9,1,14,6.0
Home,102.99,2,Shipped,Google Pay,Mobile,Paid Search,Returning,9,1,14,4.0
Clothing,479.67,1,Delivered,PayPal,Desktop,Social,Returning,9,1,14,6.0
Electronics,230.39,4,Delivered,Google Pay,Desktop,Social,VIP,9,1,14,5.0
Beauty,393.17,2,Delivered,PayPal,Tablet,Social,VIP,9,1,14,2.0
Toys,80.35,2,Delivered,Debit Card,Mobile,Organic,Returning,9,1,14,5.0
Home,93.76,2,Delivered,PayPal,Mobile,Email,VIP,9,1,14,2.0
Books,229.32,4,Delivered,Google Pay,Mobile,Social,Returning,9,2,14,6.0
Books,317.56,3,Delivered,Credit Card,Mobile,Paid Search,Returning,9,2,14,2.0
Books,90.35,1,Delivered,Apple Pay,Tablet,Social,VIP,9,2,14,5.0
Books,314.87,2,Delivered,Debit Card,Mobile,Email,Returning,9,2,14,3.0
Toys,64.84,4,Delivered,Google Pay,Mobile,Email,VIP,9,2,14,6.0
Beauty,465.52,5,Delivered,Google Pay,Desktop,Organic,Returning,9,2,14,2.0
Books,347.37,1,Delivered,PayPal,Tablet,Paid Search,VIP,9,2,14,4.0
Toys,457.2,3,Shipped,Apple Pay,Desktop,Paid Search,VIP,9,2,14,4.0
Beauty,380.71,1,Delivered,Debit Card,Mobile,Email,VIP,9,2,14,6.0
Books,385.62,1,Pending,Apple Pay,Mobile,Paid Search,Returning,9,2,14,5.0
Books,34.79,2,Pending,Apple Pay,Mobile,Email,Returning,9,2,14,5.0
Books,239.21,5,Delivered,Google Pay,Mobile,Paid Search,VIP,9,2,14,3.0
Clothing,31.42,2,Delivered,Debit Card,Mobile,Social,Returning,9,2,14,7.0
Books,273.43,1,Delivered,Google Pay,Desktop,Social,Returning,9,2,14,3.0
Beauty,218.67,1,Delivered,Google Pay,Desktop,Email,Returning,9,2,14,1.0
Books,47.56,1,Delivered,Google Pay,Mobile,Email,Returning,9,2,14,4.0
Clothing,468.56,2,Delivered,Debit Card,Mobile,Paid Search,VIP,9,2,14,4.0
Electronics,474.68,2,Returned,Debit Card,Tablet,Paid Search,VIP,9,2,14,3.0
Home,293.4,1,Delivered,Apple Pay,Tablet,Paid Search,Returning,9,2,14,3.0
Books,111.77,2,Shipped,PayPal,Tablet,Paid Search,Returning,9,2,14,3.0
Home,497.46,2,Delivered,Credit Card,Desktop,Paid Search,VIP,9,2,14,7.0
Home,370.03,2,Shipped,Google Pay,Tablet,Social,Returning,9,2,14,2.0
Toys,386.62,2,Delivered,Credit Card,Tablet,Email,New,9,3,14,7.0
Clothing,207.38,2,Delivered,Apple Pay,Mobile,Organic,Returning,9,3,14,6.0
Books,461.85,2,Pending,Google Pay,Mobile,Organic,Returning,9,3,14,5.0
Beauty,109.77,1,Shipped,Debit Card,Mobile,Email,VIP,9,3,14,4.0
Electronics,28.6,1,Delivered,Debit Card,Desktop,Paid Search,Returning,9,3,14,5.0
Electronics,487.03,2,Delivered,PayPal,Desktop,Paid Search,Returning,9,3,14,3.0
Clothing,258.3,1,Delivered,PayPal,Mobile,Social,Returning,9,3,14,4.0
Electronics,321.73,1,Delivered,PayPal,Desktop,Paid Search,New,9,3,14,4.0
Toys,11.41,1,Returned,Apple Pay,Tablet,Organic,Returning,9,3,14,3.0
Beauty,388.18,2,Shipped,PayPal,Tablet,Paid Search,VIP,9,3,14,1.0
Books,397.29,2,Pending,Debit Card,Desktop,Organic,VIP,9,3,14,2.0
Beauty,64.82,1,Delivered,Credit Card,Tablet,Email,Returning,9,3,14,5.0
Home,426.08,1,Delivered,PayPal,Tablet,Email,VIP,9,3,14,1.0
Home,314.01,2,Delivered,Debit Card,Mobile,Paid Search,VIP,9,3,14,4.0
Clothing,211.77,1,Returned,Credit Card,Mobile,Email,VIP,9,3,14,7.0
Beauty,27.04,5,Returned,Google Pay,Desktop,Social,Returning,9,3,14,6.0
Books,405.78,1,Shipped,Apple Pay,Mobile,Paid Search,Returning,9,3,14,5.0
Beauty,365.71,1,Shipped,Google Pay,Tablet,Email,VIP,9,3,14,2.0
Home,101.8,2,Shipped,Credit Card,Tablet,Paid Search,Returning,9,3,14,1.0
Toys,221.04,2,Returned,Google Pay,Desktop,Social,VIP,9,3,14,7.0
Beauty,48.18,1,Shipped,Debit Card,Desktop,Social,VIP,9,3,14,5.0
Electronics,180.58,1,Delivered,Debit Card,Mobile,Organic,VIP,9,3,14,3.0
Home,376.23,1,Delivered,Credit Card,Mobile,Paid Search,VIP,9,3,14,1.0
Beauty,406.8,2,Returned,Credit Card,Desktop,Email,Returning,9,3,14,3.0
Books,280.01,3,Delivered,Debit Card,Desktop,Social,Returning,9,3,14,6.0
Books,159.17,3,Shipped,Debit Card,Mobile,Email,VIP,9,3,14,2.0
Electronics,474.91,3,Delivered,Google Pay,Tablet,Social,Returning,9,3,14,6.0
Toys,412.48,1,Shipped,Credit Card,Mobile,Email,VIP,9,3,14,7.0
Clothing,43.96,1,Delivered,Apple Pay,Mobile,Email,Returning,9,3,14,4.0
Electronics,94.8,4,Delivered,PayPal,Tablet,Social,VIP,9,3,14,1.0
Books,463.07,1,Delivered,PayPal,Tablet,Email,VIP,9,3,14,7.0
Beauty,88.49,1,Delivered,PayPal,Tablet,Organic,VIP,9,4,14,7.0
Clothing,302.46,4,Delivered,Debit Card,Mobile,Organic,Returning,9,4,14,1.0
Clothing,355.19,1,Delivered,PayPal,Mobile,Paid Search,VIP,9,4,14,2.0
Clothing,434.23,3,Delivered,Credit Card,Mobile,Social,VIP,9,4,14,3.0
Electronics,451.75,1,Delivered,Debit Card,Mobile,Email,VIP,9,4,14,5.0
Home,28.17,3,Delivered,Credit Card,Tablet,Social,Returning,9,4,14,1.0
Home,266.54,2,Delivered,Credit Card,Tablet,Paid Search,VIP,9,4,14,6.0
Clothing,453.57,1,Shipped,Google Pay,Desktop,Organic,VIP,9,4,14,3.0
Books,248.03,3,Shipped,PayPal,Tablet,Paid Search,Returning,9,4,14,3.0
Clothing,414.18,1,Delivered,Google Pay,Tablet,Email,Returning,9,4,14,5.0
Beauty,239.44,2,Delivered,Apple Pay,Mobile,Organic,Returning,9,4,14,7.0
Beauty,35.15,1,Delivered,Credit Card,Desktop,Email,Returning,9,4,14,6.0
Clothing,150.98,2,Delivered,Google Pay,Mobile,Paid Search,Returning,9,4,14,3.0
Beauty,282.24,1,Delivered,Google Pay,Tablet,Paid Search,VIP,9,4,14,1.0
Clothing,319.53,2,Delivered,PayPal,Tablet,Email,New,9,4,14,7.0
Toys,477.21,2,Delivered,PayPal,Tablet,Organic,VIP,9,4,14,6.0
Electronics,363.25,2,Delivered,Apple Pay,Mobile,Email,VIP,9,4,14,2.0
Toys,305.47,5,Delivered,Debit Card,Tablet,Social,VIP,9,4,14,5.0
Electronics,377.5,1,Shipped,Credit Card,Tablet,Email,VIP,9,4,14,2.0
Beauty,90.65,1,Shipped,Apple Pay,Desktop,Social,Returning,9,4,14,2.0
Electronics,113.56,3,Shipped,PayPal,Tablet,Social,VIP,9,4,14,3.0
Beauty,324.66,1,Delivered,PayPal,Desktop,Social,VIP,9,5,14,4.0
Electronics,81.19,2,Shipped,PayPal,Desktop,Social,Returning,9,5,14,2.0
Beauty,409.81,3,Shipped,Credit Card,Desktop,Email,Returning,9,5,14,3.0
Electronics,247.05,3,Returned,Apple Pay,Mobile,Email,Returning,9,5,14,1.0
Books,221.68,4,Shipped,Credit Card,Mobile,Email,VIP,9,5,14,6.0
Electronics,483.47,2,Delivered,PayPal,Desktop,Organic,VIP,9,5,14,2.0
Clothing,385.29,1,Delivered,PayPal,Mobile,Social,New,9,5,14,5.0
Home,116.82,1,Delivered,Apple Pay,Tablet,Paid Search,New,9,5,14,1.0
Home,231.08,1,Delivered,PayPal,Mobile,Paid Search,Returning,9,5,14,3.0
Books,442.81,1,Delivered,Apple Pay,Mobile,Social,VIP,9,5,14,6.0
Clothing,162.3,2,Shipped,Credit Card,Desktop,Social,Returning,9,5,14,6.0
Toys,68.45,1,Delivered,PayPal,Desktop,Organic,Returning,9,5,14,6.0
Home,297.41,6,Shipped,Apple Pay,Desktop,Email,Returning,9,5,14,4.0
Home,208.71,3,Pending,Apple Pay,Tablet,Email,VIP,9,5,14,7.0
Beauty,160.54,3,Delivered,Google Pay,Mobile,Paid Search,Returning,9,5,14,3.0
Electronics,202.03,2,Returned,PayPal,Desktop,Email,Returning,9,5,14,2.0
Electronics,107.6,1,Delivered,Google Pay,Tablet,Organic,VIP,9,5,14,3.0
Electronics,318.74,2,Delivered,Apple Pay,Desktop,Email,Returning,9,5,14,5.0
Toys,241.03,2,Delivered,Credit Card,Mobile,Email,VIP,9,5,14,7.0
Clothing,68.77,1,Pending,Debit Card,Desktop,Paid Search,VIP,9,5,14,3.0
Clothing,126.43,2,Delivered,Apple Pay,Tablet,Organic,Returning,9,5,14,3.0
Books,479.1,3,Delivered,Google Pay,Desktop,Paid Search,VIP,9,5,14,3.0
Beauty,396.55,1,Delivered,Apple Pay,Mobile,Paid Search,Returning,9,5,14,2.0
Toys,453.36,3,Delivered,PayPal,Mobile,Social,VIP,9,5,14,7.0
Books,20.8,3,Delivered,Apple Pay,Desktop,Email,VIP,9,5,14,2.0
Beauty,90.16,4,Delivered,Debit Card,Tablet,Paid Search,Returning,9,5,14,5.0
Electronics,443.97,1,Delivered,PayPal,Mobile,Organic,Returning,9,5,14,3.0
Clothing,270.87,1,Delivered,PayPal,Mobile,Paid Search,New,9,5,14,4.0
Beauty,180.57,2,Shipped,Google Pay,Desktop,Paid Search,VIP,9,5,14,5.0
Home,57.24,1,Delivered,PayPal,Desktop,Email,Returning,9,6,14,1.0
Toys,103.54,5,Delivered,Apple Pay,Desktop,Organic,VIP,9,6,14,7.0
Beauty,8.98,2,Delivered,Debit Card,Tablet,Organic,Returning,9,6,14,3.0
Home,481.43,1,Delivered,Debit Card,Desktop,Email,Returning,9,6,14,5.0
Books,366.41,1,Shipped,Debit Card,Desktop,Social,Returning,9,6,14,5.0
Toys,317.6,1,Delivered,Google Pay,Tablet,Organic,Returning,9,6,14,5.0
Home,205.79,6,Delivered,Credit Card,Mobile,Email,Returning,9,6,14,2.0
Electronics,323.86,1,Delivered,Apple Pay,Desktop,Paid Search,Returning,9,6,14,5.0
Home,160.09,1,Delivered,Credit Card,Tablet,Email,New,9,6,14,6.0
Clothing,457.76,2,Delivered,Credit Card,Mobile,Organic,Returning,9,6,14,5.0
Beauty,336.85,2,Delivered,Credit Card,Mobile,Email,VIP,9,6,14,6.0
Books,166.18,3,Delivered,Apple Pay,Tablet,Organic,VIP,9,6,14,2.0
Toys,42.17,1,Delivered,Debit Card,Mobile,Organic,VIP,9,6,14,6.0
Beauty,428.9,2,Delivered,Apple Pay,Tablet,Organic,Returning,9,6,14,5.0
Toys,332.65,2,Delivered,Google Pay,Mobile,Email,Returning,9,6,14,3.0
Books,446.56,3,Delivered,Apple Pay,Desktop,Organic,VIP,9,6,14,4.0
Home,405.72,2,Shipped,Apple Pay,Desktop,Social,VIP,9,6,14,2.0
Clothing,62.18,1,Delivered,Debit Card,Tablet,Paid Search,Returning,9,6,14,1.0
Beauty,400.96,3,Delivered,Debit Card,Mobile,Email,New,9,6,14,3.0
Beauty,226.74,3,Delivered,Google Pay,Mobile,Paid Search,VIP,9,6,14,2.0
Toys,415.59,1,Shipped,Apple Pay,Desktop,Email,VIP,9,6,14,6.0
Electronics,437.97,2,Delivered,Apple Pay,Mobile,Email,VIP,9,6,14,1.0
Beauty,248.94,3,Delivered,Apple Pay,Mobile,Social,Returning,9,6,14,6.0
Toys,54.98,1,Delivered,Debit Card,Mobile,Paid Search,VIP,9,6,14,1.0
Books,89.34,1,Delivered,Debit Card,Mobile,Email,VIP,9,0,14,6.0
Books,115.42,1,Shipped,Google Pay,Desktop,Organic,Returning,9,0,14,6.0
Home,83.8,1,Delivered,Debit Card,Mobile,Social,Returning,9,0,14,2.0
Clothing,232.99,1,Returned,Debit Card,Mobile,Email,VIP,9,0,14,1.0
Electronics,281.69,2,Delivered,Apple Pay,Mobile,Email,Returning,9,0,14,4.0
Home,384.64,1,Delivered,Google Pay,Tablet,Email,Returning,9,0,14,5.0
Electronics,405.09,1,Delivered,PayPal,Mobile,Organic,VIP,9,0,14,2.0
Home,30.13,1,Delivered,Google Pay,Mobile,Paid Search,VIP,9,0,14,3.0
Clothing,92.22,1,Delivered,Google Pay,Desktop,Organic,Returning,9,0,14,4.0
Clothing,151.15,1,Delivered,PayPal,Desktop,Paid Search,Returning,9,0,14,6.0
Toys,409.15,4,Delivered,Google Pay,Tablet,Paid Search,Returning,9,0,14,3.0
Toys,125.15,1,Shipped,Credit Card,Tablet,Social,VIP,9,0,14,6.0
Home,445.65,2,Returned,Credit Card,Tablet,Organic,VIP,9,0,14,6.0
Clothing,66.87,4,Delivered,Apple Pay,Tablet,Email,Returning,9,0,14,3.0
Books,55.67,2,Delivered,Credit Card,Tablet,Social,Returning,9,0,14,6.0
Beauty,34.36,1,Delivered,Google Pay,Tablet,Social,New,9,0,14,5.0
Toys,338.42,4,Delivered,Google Pay,Desktop,Paid Search,VIP,9,0,14,5.0
Electronics,457.66,1,Delivered,Apple Pay,Desktop,Email,VIP,9,0,14,2.0
Books,344.34,2,Pending,Apple Pay,Tablet,Social,Returning,9,0,14,7.0
Toys,8.52,1,Shipped,Google Pay,Tablet,Social,Returning,9,0,14,1.0
Beauty,226.53,1,Delivered,Apple Pay,Desktop,Paid Search,VIP,9,0,14,5.0
Electronics,475.44,4,Delivered,Google Pay,Mobile,Social,VIP,9,0,14,4.0
Books,145.84,1,Shipped,Apple Pay,Tablet,Paid Search,VIP,9,0,14,1.0
Home,52.43,1,Delivered,Google Pay,Tablet,Social,Returning,9,0,14,4.0
Books,226.22,4,Shipped,Debit Card,Tablet,Social,VIP,9,0,14,5.0
Beauty,141.31,1,Delivered,Apple Pay,Desktop,Paid Search,VIP,9,0,14,6.0
Home,248.4,2,Pending,Google Pay,Mobile,Organic,Returning,9,0,14,4.0
Toys,451.68,1,Pending,Apple Pay,Mobile,Organic,VIP,9,0,14,7.0
Books,40.43,5,Pending,Credit Card,Mobile,Organic,VIP,9,0,14,7.0
Beauty,201.08,5,Pending,PayPal,Tablet,Paid Search,VIP,10,1,14,4.0
Books,452.03,1,Shipped,PayPal,Tablet,Social,VIP,10,1,14,6.0
Beauty,365.23,5,Delivered,Google Pay,Desktop,Paid Search,VIP,10,1,14,4.0
Toys,123.81,2,Delivered,PayPal,Tablet,Organic,Returning,10,1,14,1.0
Toys,404.28,1,Shipped,PayPal,Desktop,Paid Search,VIP,10,1,14,3.0
Clothing,410.47,4,Pending,Apple Pay,Tablet,Social,VIP,10,1,14,2.0
Beauty,216.23,1,Shipped,Google Pay,Mobile,Social,Returning,10,1,14,3.0
Clothing,317.89,2,Delivered,Credit Card,Desktop,Email,VIP,10,1,14,1.0
Electronics,422.54,1,Delivered,PayPal,Desktop,Paid Search,VIP,10,1,14,4.0
Home,61.29,1,Shipped,Apple Pay,Tablet,Email,Returning,10,1,14,1.0
Beauty,487.43,2,Shipped,Google Pay,Tablet,Social,VIP,10,1,14,7.0
Electronics,146.56,1,Shipped,PayPal,Desktop,Email,VIP,10,1,14,2.0
Home,383.32,3,Shipped,Credit Card,Mobile,Paid Search,Returning,10,1,14,6.0
Beauty,183.4,1,Delivered,Apple Pay,Desktop,Organic,Returning,10,1,14,2.0
Books,373.49,5,Delivered,Google Pay,Mobile,Email,New,10,1,14,4.0
Books,357.18,1,Delivered,Apple Pay,Desktop,Social,Returning,10,1,14,1.0
Home,32.56,1,Delivered,Apple Pay,Desktop,Email,VIP,10,1,14,7.0
Books,306.96,1,Shipped,Debit Card,Mobile,Social,VIP,10,1,14,2.0
Home,316.92,3,Delivered,Google Pay,Mobile,Email,VIP,10,1,14,7.0
Clothing,109.38,4,Delivered,Apple Pay,Desktop,Social,VIP,10,1,14,7.0
Toys,11.52,2,Delivered,Credit Card,Mobile,Organic,VIP,10,1,14,1.0
Home,266.45,1,Shipped,PayPal,Mobile,Organic,VIP,10,1,14,1.0
Toys,119.2,2,Delivered,Debit Card,Tablet,Email,Returning,10,1,14,2.0
Electronics,157.0,2,Delivered,Apple Pay,Tablet,Email,Returning,10,1,14,7.0
Toys,409.71,2,Delivered,Debit Card,Mobile,Email,Returning,10,1,14,6.0
Books,28.06,1,Delivered,Google Pay,Tablet,Paid Search,Returning,10,2,14,6.0
Toys,331.52,2,Delivered,Credit Card,Desktop,Paid Search,VIP,10,2,14,7.0
Home,433.33,1,Shipped,Debit Card,Desktop,Email,VIP,10,2,14,4.0
Beauty,268.01,2,Pending,PayPal,Mobile,Social,Returning,10,2,14,2.0
Electronics,237.71,1,Delivered,PayPal,Tablet,Paid Search,New,10,2,14,1.0
Toys,383.7,1,Delivered,Debit Card,Desktop,Paid Search,Returning,10,2,14,4.0
Toys,383.69,1,Delivered,PayPal,Mobile,Paid Search,VIP,10,2,14,7.0
Electronics,199.09,1,Delivered,Debit Card,Tablet,Social,VIP,10,2,14,7.0
Beauty,163.64,1,Delivered,Credit Card,Mobile,Paid Search,Returning,10,2,14,7.0
Beauty,60.94,1,Delivered,Credit Card,Mobile,Email,VIP,10,2,14,1.0
Clothing,386.23,1,Delivered,PayPal,Tablet,Email,Returning,10,2,14,3.0
Books,261.06,2,Shipped,Apple Pay,Tablet,Paid Search,VIP,10,2,14,5.0
Home,109.72,1,Delivered,Credit Card,Desktop,Paid Search,Returning,10,2,14,5.0
Toys,437.9,4,Shipped,PayPal,Mobile,Email,Returning,10,2,14,6.0
Home,17.03,3,Delivered,Apple Pay,Desktop,Organic,VIP,10,2,14,6.0
Electronics,112.14,3,Shipped,PayPal,Mobile,Organic,Returning,10,2,14,3.0
Books,262.83,1,Delivered,PayPal,Tablet,Email,VIP,10,2,14,1.0
Beauty,103.06,4,Delivered,PayPal,Desktop,Organic,Returning,10,2,14,7.0
Electronics,159.99,2,Delivered,Google Pay,Desktop,Email,Returning,10,2,14,5.0
Clothing,194.82,2,Shipped,Debit Card,Desktop,Organic,Returning,10,2,14,5.0
Electronics,403.21,1,Delivered,Apple Pay,Mobile,Organic,VIP,10,2,14,4.0
Electronics,251.17,2,Delivered,Google Pay,Tablet,Social,Returning,10,2,14,3.0
Home,366.41,1,Delivered,PayPal,Mobile,Social,Returning,10,2,14,7.0
Home,355.49,3,Delivered,Google Pay,Mobile,Email,VIP,10,2,14,5.0
Clothing,335.21,1,Pending,Apple Pay,Mobile,Organic,Returning,10,2,14,3.0
Home,405.64,2,Delivered,Google Pay,Desktop,Organic,Returning,10,2,14,3.0
Home,96.24,3,Delivered,Google Pay,Desktop,Social,Returning,10,2,14,4.0
Beauty,130.76,1,Delivered,PayPal,Desktop,Organic,VIP,10,2,14,1.0
Toys,208.17,4,Delivered,Debit Card,Mobile,Organic,VIP,10,2,14,6.0
Clothing,189.68,2,Delivered,Credit Card,Desktop,Email,VIP,10,2,14,6.0
Beauty,121.89,1,Delivered,Credit Card,Tablet,Paid Search,Returning,10,2,14,6.0
Beauty,385.76,1,Returned,Apple Pay,Desktop,Email,VIP,10,2,14,6.0
Books,155.32,1,Delivered,Apple Pay,Mobile,Paid Search,VIP,10,2,14,6.0
Books,281.55,2,Delivered,Credit Card,Desktop,Email,VIP,10,2,14,7.0
Beauty,206.7,4,Pending,Credit Card,Mobile,Social,Returning,10,2,14,3.0
Books,127.36,1,Delivered,Google Pay,Tablet,Email,VIP,10,2,14,2.0
Home,389.49,2,Delivered,Credit Card,Mobile,Social,Returning,10,2,14,6.0
Home,472.29,2,Delivered,Apple Pay,Desktop,Paid Search,Returning,10,3,14,7.0
Books,96.46,3,Shipped,Credit Card,Mobile,Social,Returning,10,3,14,3.0
Electronics,66.78,2,Delivered,Debit Card,Desktop,Email,VIP,10,3,14,6.0
Beauty,310.87,1,Delivered,Credit Card,Desktop,Organic,VIP,10,3,14,7.0
Clothing,440.02,4,Delivered,Apple Pay,Mobile,Social,VIP,10,3,14,5.0
Beauty,364.9,1,Delivered,PayPal,Mobile,Paid Search,VIP,10,3,14,5.0
Toys,88.57,4,Shipped,Debit Card,Tablet,Paid Search,VIP,10,3,14,6.0
Clothing,85.65,1,Delivered,PayPal,Tablet,Paid Search,Returning,10,3,14,6.0
Electronics,403.55,1,Delivered,Google Pay,Mobile,Organic,Returning,10,3,14,2.0
Electronics,92.89,2,Returned,Credit Card,Tablet,Organic,VIP,10,3,14,2.0
Electronics,54.74,2,Shipped,Debit Card,Mobile,Organic,VIP,10,3,14,4.0
Home,259.15,4,Delivered,Google Pay,Tablet,Email,VIP,10,3,14,5.0
Books,171.03,1,Returned,Apple Pay,Tablet,Paid Search,Returning,10,3,14,6.0
Home,163.99,5,Pending,Google Pay,Desktop,Social,Returning,10,3,14,4.0
Books,394.04,1,Delivered,Debit Card,Mobile,Social,Returning,10,3,14,3.0
Books,192.17,1,Delivered,Credit Card,Tablet,Paid Search,VIP,10,3,14,3.0
Electronics,483.87,1,Delivered,Credit Card,Tablet,Organic,VIP,10,3,14,5.0
Electronics,477.42,1,Delivered,Debit Card,Mobile,Organic,VIP,10,3,14,5.0
Clothing,480.08,1,Delivered,PayPal,Mobile,Organic,Returning,10,3,14,7.0
Clothing,43.9,3,Delivered,Debit Card,Desktop,Email,VIP,10,3,14,7.0
Electronics,186.94,2,Delivered,Apple Pay,Tablet,Paid Search,VIP,10,3,14,4.0
Books,402.8,2,Delivered,PayPal,Mobile,Email,Returning,10,3,14,5.0
Electronics,469.37,1,Shipped,Debit Card,Mobile,Social,Returning,10,3,14,2.0
Beauty,342.24,5,Delivered,Google Pay,Desktop,Paid Search,VIP,10,3,14,6.0
Clothing,278.23,4,Delivered,Credit Card,Mobile,Email,VIP,10,3,14,3.0
Beauty,208.54,2,Delivered,Credit Card,Tablet,Email,VIP,10,3,14,2.0
Books,221.47,1,Delivered,Google Pay,Mobile,Social,VIP,10,3,14,1.0
Home,237.11,1,Delivered,Credit Card,Tablet,Social,Returning,10,3,14,4.0
Toys,216.64,4,Delivered,Credit Card,Mobile,Email,VIP,10,3,14,5.0
Toys,110.17,2,Delivered,Debit Card,Tablet,Social,VIP,10,4,14,1.0
Clothing,205.81,2,Delivered,Credit Card,Tablet,Email,VIP,10,4,14,3.0
Toys,392.18,1,Delivered,PayPal,Tablet,Social,VIP,10,4,14,1.0
Electronics,369.36,2,Delivered,Debit Card,Tablet,Email,Returning,10,4,14,2.0
Clothing,484.45,1,Delivered,Apple Pay,Desktop,Social,Returning,10,4,14,1.0
Beauty,74.12,1,Pending,PayPal,Mobile,Paid Search,Returning,10,4,14,1.0
Electronics,37.55,1,Shipped,Credit Card,Tablet,Organic,Returning,10,4,14,7.0
Beauty,213.97,2,Delivered,Google Pay,Desktop,Organic,New,10,4,14,2.0
Toys,449.03,1,Delivered,Debit Card,Tablet,Social,Returning,10,4,14,4.0
Electronics,47.25,1,Shipped,PayPal,Desktop,Paid Search,Returning,10,4,14,5.0
Books,467.52,2,Delivered,PayPal,Desktop,Social,Returning,10,4,14,7.0
Home,490.6,3,Delivered,Credit Card,Mobile,Organic,Returning,10,4,14,4.0
Electronics,15.62,3,Delivered,Apple Pay,Desktop,Paid Search,VIP,10,4,14,4.0
Home,426.58,5,Delivered,PayPal,Desktop,Social,Returning,10,4,14,5.0
Beauty,453.98,2,Delivered,Debit Card,Desktop,Social,VIP,10,4,14,7.0
Books,341.31,1,Delivered,Google Pay,Mobile,Social,Returning,10,4,14,6.0
Beauty,444.19,2,Delivered,Apple Pay,Desktop,Social,Returning,10,4,14,5.0
Home,33.67,3,Delivered,Credit Card,Mobile,Email,Returning,10,4,14,2.0
Clothing,118.37,3,Delivered,Credit Card,Desktop,Social,VIP,10,4,14,3.0
Clothing,388.99,2,Delivered,Apple Pay,Mobile,Organic,New,10,4,14,6.0
Clothing,72.37,1,Delivered,Credit Card,Desktop,Social,Returning,10,4,14,2.0
Toys,99.74,1,Delivered,Debit Card,Tablet,Paid Search,Returning,10,4,14,3.0
Electronics,163.05,1,Delivered,Credit Card,Mobile,Social,VIP,10,4,14,2.0
Toys,52.33,1,Delivered,Apple Pay,Desktop,Email,Returning,10,4,14,2.0
Clothing,132.57,2,Shipped,PayPal,Desktop,Email,Returning,10,4,14,6.0
Electronics,146.13,1,Delivered,Debit Card,Desktop,Paid Search,VIP,10,4,14,7.0
Books,430.53,4,Delivered,Google Pay,Tablet,Paid Search,New,10,4,14,1.0
Toys,422.63,3,Delivered,Credit Card,Tablet,Email,VIP,10,4,14,1.0
Home,351.64,1,Delivered,Debit Card,Mobile,Paid Search,VIP,10,4,14,3.0
Toys,320.35,1,Delivered,Debit Card,Desktop,Organic,VIP,10,4,14,5.0
Books,369.67,1,Delivered,PayPal,Mobile,Paid Search,New,10,4,14,6.0
Beauty,12.52,1,Shipped,Debit Card,Tablet,Organic,VIP,10,5,14,3.0
Clothing,226.69,1,Delivered,Apple Pay,Mobile,Social,VIP,10,5,14,7.0
Toys,29.07,2,Delivered,Debit Card,Tablet,Social,VIP,10,5,14,2.0
Home,399.19,1,Returned,Google Pay,Mobile,Organic,VIP,10,5,14,2.0
Beauty,433.96,3,Delivered,PayPal,Mobile,Email,VIP,10,5,14,1.0
Clothing,80.7,1,Delivered,PayPal,Desktop,Social,VIP,10,5,14,7.0
Beauty,29.68,1,Delivered,Google Pay,Mobile,Organic,Returning,10,5,14,7.0
Beauty,231.15,3,Delivered,PayPal,Desktop,Organic,VIP,10,5,14,4.0
Clothing,293.73,2,Delivered,Apple Pay,Desktop,Organic,Returning,10,5,14,4.0
Home,50.32,1,Delivered,PayPal,Desktop,Social,VIP,10,5,14,7.0
Clothing,191.16,1,Shipped,Apple Pay,Mobile,Email,VIP,10,5,14,4.0
Books,175.21,1,Shipped,Apple Pay,Mobile,Organic,Returning,10,5,14,3.0
Beauty,301.57,5,Shipped,Debit Card,Tablet,Social,Returning,10,5,14,5.0
Clothing,342.43,4,Delivered,Debit Card,Desktop,Email,VIP,10,5,14,4.0
Home,10.74,2,Shipped,Credit Card,Desktop,Paid Search,Returning,10,5,14,2.0
Toys,394.85,1,Delivered,Apple Pay,Mobile,Paid Search,VIP,10,5,14,6.0
Electronics,278.22,1,Delivered,PayPal,Mobile,Paid Search,Returning,10,5,14,4.0
Books,74.13,4,Delivered,Credit Card,Tablet,Email,Returning,10,5,14,4.0
Beauty,132.41,2,Delivered,Google Pay,Mobile,Email,VIP,10,5,14,7.0
Clothing,242.28,5,Returned,PayPal,Desktop,Email,New,10,5,14,7.0
Beauty,269.75,2,Delivered,Apple Pay,Tablet,Email,VIP,10,5,14,1.0
Toys,97.52,6,Delivered,PayPal,Mobile,Email,Returning,10,5,14,3.0
Home,296.07,2,Shipped,Debit Card,Desktop,Email,Returning,10,5,14,3.0
Clothing,120.62,3,Shipped,Debit Card,Desktop,Paid Search,Returning,10,6,14,3.0
Beauty,154.42,3,Delivered,Credit Card,Desktop,Email,Returning,10,6,14,2.0
Toys,374.77,5,Shipped,Debit Card,Desktop,Organic,Returning,10,6,14,1.0
Clothing,387.54,2,Delivered,Google Pay,Tablet,Email,Returning,10,6,14,2.0
Electronics,232.18,1,Shipped,Apple Pay,Desktop,Paid Search,New,10,6,14,4.0
Beauty,223.61,5,Returned,Credit Card,Desktop,Email,Returning,10,6,14,7.0
Toys,321.2,1,Delivered,Google Pay,Tablet,Paid Search,New,10,6,14,1.0
Toys,125.42,5,Delivered,Debit Card,Desktop,Email,VIP,10,6,14,1.0
Electronics,9.92,1,Delivered,Apple Pay,Desktop,Email,VIP,10,6,14,3.0
Books,154.31,3,Delivered,Credit Card,Mobile,Organic,VIP,10,6,14,4.0
Electronics,20.51,1,Shipped,Google Pay,Tablet,Organic,Returning,10,6,14,3.0
Electronics,404.12,1,Delivered,Apple Pay,Mobile,Organic,Returning,10,6,14,6.0
Clothing,224.74,2,Delivered,Debit Card,Tablet,Paid Search,VIP,10,6,14,4.0
Home,203.31,2,Shipped,PayPal,Mobile,Social,VIP,10,6,14,2.0
Beauty,154.17,1,Delivered,PayPal,Desktop,Paid Search,VIP,10,6,14,7.0
Books,31.05,4,Delivered,Google Pay,Tablet,Email,VIP,10,6,14,2.0
Clothing,465.81,2,Shipped,Credit Card,Mobile,Social,New,10,6,14,7.0
Toys,66.38,1,Delivered,Debit Card,Desktop,Organic,Returning,10,6,14,5.0
Home,45.88,4,Pending,Credit Card,Tablet,Organic,VIP,10,6,14,2.0
Home,141.78,1,Delivered,PayPal,Tablet,Social,VIP,10,6,14,2.0
Toys,121.24,2,Delivered,Debit Card,Mobile,Social,Returning,10,6,14,3.0
Books,230.2,2,Delivered,Apple Pay,Mobile,Organic,VIP,10,0,14,6.0
Clothing,335.64,2,Returned,Debit Card,Desktop,Organic,VIP,10,0,14,1.0
Beauty,446.91,2,Delivered,Debit Card,Desktop,Social,New,10,0,14,2.0
Clothing,17.56,3,Delivered,Debit Card,Mobile,Email,VIP,10,0,14,3.0
Home,372.79,6,Delivered,Apple Pay,Tablet,Paid Search,Returning,10,0,14,2.0
Electronics,399.85,4,Delivered,PayPal,Mobile,Paid Search,Returning,10,0,14,5.0
Beauty,494.13,1,Delivered,PayPal,Mobile,Organic,Returning,10,0,14,1.0
Beauty,33.76,3,Shipped,PayPal,Desktop,Social,VIP,10,0,14,2.0
Books,238.97,3,Delivered,Google Pay,Desktop,Paid Search,VIP,10,0,14,7.0
Toys,437.2,1,Delivered,PayPal,Desktop,Email,VIP,10,0,14,1.0
Beauty,183.04,2,Delivered,Apple Pay,Tablet,Organic,Returning,10,0,14,4.0
Beauty,352.4,2,Delivered,Debit Card,Desktop,Paid Search,Returning,10,0,14,6.0
Toys,420.43,2,Shipped,Apple Pay,Tablet,Paid Search,VIP,10,0,14,2.0
Home,182.86,3,Pending,Credit Card,Mobile,Organic,New,10,0,14,4.0
Books,152.41,1,Shipped,Credit Card,Desktop,Email,Returning,10,0,14,2.0
Clothing,433.72,2,Delivered,Debit Card,Desktop,Paid Search,VIP,10,0,14,5.0
Home,266.5,3,Returned,Debit Card,Tablet,Social,VIP,10,0,14,3.0
Books,156.8,1,Delivered,Debit Card,Tablet,Email,VIP,10,0,14,2.0
Toys,169.2,1,Delivered,PayPal,Desktop,Email,Returning,10,0,14,2.0
Home,221.06,1,Delivered,Debit Card,Desktop,Paid Search,Returning,10,0,14,1.0
Beauty,77.74,1,Delivered,PayPal,Tablet,Social,Returning,10,0,14,1.0
Electronics,410.01,1,Shipped,Credit Card,Tablet,Organic,VIP,10,0,14,2.0
Books,466.51,2,Shipped,Google Pay,Desktop,Organic,VIP,10,0,14,5.0
Clothing,384.11,1,Returned,Credit Card,Tablet,Organic,Returning,10,0,14,2.0
Toys,170.66,1,Delivered,Credit Card,Tablet,Email,Returning,10,0,14,2.0
Clothing,104.56,2,Returned,PayPal,Tablet,Paid Search,Returning,10,0,14,1.0
Clothing,36.95,2,Shipped,Debit Card,Tablet,Paid Search,VIP,10,0,14,5.0
Books,312.89,2,Delivered,Google Pay,Mobile,Social,Returning,10,0,14,7.0
Home,401.42,1,Delivered,Credit Card,Mobile,Organic,VIP,10,0,14,6.0
Beauty,105.94,5,Delivered,Debit Card,Desktop,Social,VIP,10,1,14,2.0
Clothing,154.11,1,Pending,Apple Pay,Tablet,Email,VIP,10,1,14,5.0
Electronics,410.85,1,Delivered,Debit Card,Desktop,Paid Search,Returning,10,1,14,6.0
Beauty,330.28,2,Shipped,Apple Pay,Mobile,Email,VIP,10,1,14,5.0
Home,47.29,2,Shipped,Debit Card,Mobile,Email,Returning,10,1,14,6.0
Home,120.41,1,Shipped,Apple Pay,Desktop,Paid Search,VIP,10,1,14,4.0
Beauty,126.82,5,Delivered,Apple Pay,Desktop,Email,VIP,10,1,14,4.0
Toys,100.6,2,Delivered,PayPal,Mobile,Paid Search,Returning,10,1,14,3.0
Clothing,186.94,1,Delivered,Google Pay,Mobile,Email,Returning,10,1,14,3.0
Home,165.66,1,Delivered,Apple Pay,Mobile,Organic,VIP,10,1,14,1.0
Electronics,319.28,1,Delivered,Google Pay,Desktop,Email,VIP,10,1,14,1.0
Electronics,56.93,3,Delivered,Credit Card,Mobile,Social,Returning,10,1,14,2.0
Electronics,156.01,2,Delivered,Debit Card,Tablet,Paid Search,Returning,10,1,14,3.0
Toys,483.2,2,Delivered,Credit Card,Desktop,Email,VIP,10,1,14,3.0
Clothing,260.87,6,Delivered,PayPal,Mobile,Paid Search,VIP,10,1,14,4.0
Books,437.08,1,Delivered,Google Pay,Desktop,Organic,VIP,10,1,14,1.0
Toys,56.44,3,Delivered,Apple Pay,Mobile,Social,VIP,10,1,14,3.0
Toys,213.4,1,Shipped,Google Pay,Desktop,Social,Returning,10,1,14,7.0
Home,39.14,4,Delivered,PayPal,Tablet,Social,VIP,10,1,14,5.0
Electronics,351.75,1,Delivered,Apple Pay,Desktop,Organic,Returning,10,1,14,6.0
Clothing,60.41,1,Shipped,PayPal,Desktop,Email,VIP,10,1,14,5.0
Electronics,413.02,3,Delivered,Credit Card,Tablet,Social,VIP,10,1,14,5.0
Clothing,71.7,1,Delivered,PayPal,Mobile,Email,VIP,10,1,14,7.0
Home,493.05,2,Delivered,Debit Card,Desktop,Social,VIP,10,1,14,7.0
Books,375.36,2,Shipped,PayPal,Mobile,Paid Search,Returning,10,1,14,7.0
Clothing,342.74,3,Delivered,PayPal,Mobile,Paid Search,VIP,10,1,14,3.0
Toys,413.86,2,Delivered,Debit Card,Mobile,Email,Returning,10,1,14,4.0
Home,295.41,2,Delivered,Google Pay,Mobile,Organic,VIP,10,1,14,6.0
Toys,101.65,2,Delivered,Google Pay,Desktop,Social,VIP,10,1,14,5.0
Home,143.87,2,Delivered,Apple Pay,Mobile,Paid Search,New,10,1,14,5.0
Books,72.0,2,Delivered,Debit Card,Desktop,Email,Returning,10,1,14,4.0
Beauty,13.29,2,Shipped,Credit Card,Mobile,Organic,Returning,10,1,14,1.0
Toys,166.24,2,Delivered,Google Pay,Desktop,Paid Search,VIP,10,1,14,2.0
Beauty,363.03,3,Delivered,Credit Card,Tablet,Email,VIP,10,1,14,6.0
Clothing,481.98,2,Delivered,Debit Card,Mobile,Paid Search,Returning,10,1,14,3.0
Beauty,40.2,3,Delivered,Credit Card,Mobile,Social,VIP,10,1,14,4.0
Toys,315.79,6,Shipped,Debit Card,Tablet,Email,VIP,10,2,14,2.0
Toys,155.26,2,Delivered,Credit Card,Mobile,Organic,VIP,10,2,14,7.0
Beauty,390.78,3,Delivered,Google Pay,Mobile,Organic,VIP,10,2,14,2.0
Electronics,404.91,3,Delivered,Google Pay,Desktop,Organic,Returning,10,2,14,4.0
Electronics,324.06,4,Shipped,Google Pay,Tablet,Email,VIP,10,2,14,1.0
Toys,244.03,4,Pending,Credit Card,Mobile,Social,VIP,10,2,14,2.0
Beauty,334.38,1,Delivered,Credit Card,Desktop,Paid Search,VIP,10,2,14,2.0
Beauty,72.43,5,Delivered,Apple Pay,Tablet,Social,VIP,10,2,14,1.0
Books,118.57,1,Delivered,Credit Card,Tablet,Paid Search,VIP,10,2,14,5.0
Home,452.65,3,Shipped,Debit Card,Desktop,Email,VIP,10,2,14,1.0
Toys,378.01,2,Delivered,Google Pay,Tablet,Social,VIP,10,2,14,7.0
Home,181.93,2,Shipped,PayPal,Tablet,Paid Search,VIP,10,2,14,5.0
Books,366.29,2,Pending,Google Pay,Tablet,Email,Returning,10,2,14,1.0
Clothing,271.75,1,Delivered,PayPal,Mobile,Email,VIP,10,2,14,1.0
Books,13.44,2,Delivered,Debit Card,Tablet,Email,Returning,10,2,14,7.0
Electronics,40.99,2,Returned,Credit Card,Tablet,Organic,VIP,10,2,14,3.0
Home,42.35,1,Delivered,Google Pay,Mobile,Social,VIP,10,2,14,5.0
Beauty,290.25,2,Returned,Credit Card,Desktop,Social,New,10,2,14,1.0
Books,146.51,1,Delivered,Credit Card,Tablet,Paid Search,New,10,2,14,3.0
Clothing,143.6,4,Delivered,Debit Card,Mobile,Email,VIP,10,2,14,3.0
Home,102.71,2,Shipped,Apple Pay,Desktop,Social,Returning,10,2,14,4.0
Electronics,368.31,3,Delivered,Apple Pay,Desktop,Organic,Returning,10,2,14,5.0
Electronics,100.86,2,Pending,Google Pay,Mobile,Email,Returning,10,2,14,6.0
Home,272.17,1,Pending,Google Pay,Desktop,Email,VIP,10,2,14,4.0
Toys,122.22,1,Delivered,Debit Card,Tablet,Paid Search,Returning,10,2,14,7.0
Electronics,375.89,5,Delivered,Debit Card,Desktop,Email,VIP,10,2,14,6.0
Electronics,471.38,4,Delivered,Credit Card,Mobile,Email,VIP,10,2,14,3.0
Beauty,240.56,5,Delivered,Credit Card,Tablet,Email,VIP,10,3,14,6.0
Electronics,307.91,1,Delivered,Google Pay,Mobile,Email,VIP,10,3,14,1.0
Clothing,449.04,3,Delivered,Google Pay,Desktop,Email,Returning,10,3,14,3.0
Beauty,300.06,1,Shipped,PayPal,Desktop,Social,Returning,10,3,14,7.0
Toys,406.26,4,Returned,Apple Pay,Desktop,Email,Returning,10,3,14,4.0
Home,450.65,1,Delivered,PayPal,Tablet,Paid Search,Returning,10,3,14,3.0
Electronics,245.8,1,Delivered,Credit Card,Mobile,Social,VIP,10,3,14,7.0
Electronics,469.76,1,Delivered,Apple Pay,Mobile,Organic,Returning,10,3,14,3.0
Clothing,295.6,2,Shipped,Google Pay,Desktop,Email,VIP,10,3,14,2.0
Clothing,253.35,1,Delivered,Debit Card,Desktop,Paid Search,Returning,10,3,14,1.0
Beauty,134.96,2,Delivered,PayPal,Mobile,Social,VIP,10,3,14,1.0
Electronics,47.29,2,Delivered,Debit Card,Tablet,Organic,Returning,10,3,14,2.0
Beauty,146.52,1,Delivered,Google Pay,Mobile,Email,Returning,10,3,14,6.0
Electronics,455.95,2,Pending,Credit Card,Mobile,Social,Returning,10,3,14,4.0
Books,445.59,1,Delivered,Credit Card,Tablet,Social,VIP,10,3,14,1.0
Clothing,127.32,2,Shipped,Credit Card,Tablet,Organic,VIP,10,3,14,3.0
Beauty,383.1,1,Delivered,PayPal,Desktop,Paid Search,Returning,10,3,14,1.0
Beauty,309.32,1,Delivered,Apple Pay,Mobile,Paid Search,VIP,10,3,14,1.0
Books,217.58,1,Delivered,Debit Card,Mobile,Social,Returning,10,3,14,1.0
Books,352.49,1,Delivered,Credit Card,Desktop,Social,VIP,10,3,14,7.0
Home,317.72,2,Delivered,PayPal,Tablet,Paid Search,VIP,10,3,14,7.0
Beauty,25.81,1,Delivered,Debit Card,Desktop,Email,Returning,10,3,14,5.0
Beauty,145.71,4,Returned,Credit Card,Desktop,Paid Search,VIP,10,3,14,7.0
Books,257.52,2,Delivered,Credit Card,Mobile,Paid Search,VIP,10,3,14,4.0
Beauty,356.87,2,Shipped,Google Pay,Desktop,Organic,Returning,10,3,14,2.0
Clothing,429.12,2,Shipped,PayPal,Mobile,Paid Search,New,10,3,14,3.0
Home,60.42,1,Delivered,Google Pay,Mobile,Social,VIP,10,3,14,2.0
Toys,9.45,2,Delivered,Google Pay,Mobile,Social,VIP,10,3,14,6.0
Home,160.17,3,Delivered,PayPal,Mobile,Organic,VIP,10,3,14,1.0
Home,79.64,1,Delivered,Debit Card,Tablet,Organic,Returning,10,3,14,6.0
Toys,72.83,1,Shipped,Google Pay,Mobile,Email,Returning,10,3,14,2.0
Beauty,7.82,1,Delivered,Google Pay,Desktop,Social,VIP,10,4,14,1.0
Home,172.74,1,Delivered,PayPal,Desktop,Social,VIP,10,4,14,6.0
Clothing,404.6,3,Returned,Debit Card,Desktop,Social,VIP,10,4,14,6.0
Toys,123.27,3,Delivered,Google Pay,Mobile,Email,Returning,10,4,14,7.0
Electronics,358.23,1,Delivered,Google Pay,Desktop,Paid Search,Returning,10,4,14,3.0
Toys,347.73,2,Delivered,Credit Card,Desktop,Social,Returning,10,4,14,1.0
Clothing,173.2,1,Delivered,Credit Card,Tablet,Social,VIP,10,4,14,6.0
Home,310.66,4,Delivered,Debit Card,Mobile,Paid Search,VIP,10,4,14,4.0
Books,39.69,3,Delivered,Debit Card,Tablet,Social,New,10,4,14,1.0
Toys,293.73,2,Returned,Credit Card,Tablet,Social,Returning,10,4,14,5.0
Home,133.4,2,Shipped,Apple Pay,Mobile,Email,VIP,10,4,14,2.0
Books,453.04,2,Delivered,Debit Card,Mobile,Paid Search,Returning,10,4,14,1.0
Electronics,145.93,3,Delivered,Apple Pay,Tablet,Email,Returning,10,4,14,2.0
Books,194.54,2,Delivered,Apple Pay,Desktop,Paid Search,Returning,10,4,14,5.0
Books,285.5,3,Shipped,PayPal,Tablet,Email,Returning,10,4,14,4.0
Beauty,324.95,1,Delivered,Google Pay,Mobile,Paid Search,VIP,10,4,14,7.0
Clothing,262.07,1,Delivered,Credit Card,Desktop,Organic,Returning,10,4,14,2.0
Clothing,211.21,3,Delivered,Google Pay,Desktop,Paid Search,VIP,10,4,14,4.0
Clothing,23.22,1,Pending,PayPal,Mobile,Organic,VIP,10,4,14,5.0
Beauty,408.73,2,Delivered,Google Pay,Mobile,Social,VIP,10,4,14,1.0
Home,414.77,2,Delivered,Credit Card,Tablet,Paid Search,VIP,10,4,14,1.0
Books,287.29,1,Delivered,PayPal,Desktop,Organic,Returning,10,4,14,5.0
Books,99.1,2,Delivered,Apple Pay,Tablet,Social,VIP,10,4,14,4.0
Books,335.32,3,Delivered,Google Pay,Tablet,Email,Returning,10,4,14,5.0
Toys,30.6,1,Delivered,Google Pay,Mobile,Organic,Returning,10,4,14,3.0
Clothing,398.55,1,Delivered,Google Pay,Desktop,Organic,Returning,10,4,14,5.0
Electronics,486.67,1,Delivered,Credit Card,Tablet,Email,VIP,10,5,14,5.0
Clothing,92.47,1,Pending,Apple Pay,Tablet,Paid Search,VIP,10,5,14,5.0
Beauty,62.4,3,Returned,Google Pay,Desktop,Email,VIP,10,5,14,1.0
Toys,341.12,1,Returned,Google Pay,Desktop,Social,New,10,5,14,5.0
Home,380.67,4,Shipped,PayPal,Tablet,Paid Search,Returning,10,5,14,4.0
Beauty,50.95,4,Delivered,Debit Card,Mobile,Paid Search,Returning,10,5,14,2.0
Home,90.75,2,Delivered,Apple Pay,Mobile,Organic,VIP,10,5,14,6.0
Clothing,330.88,2,Delivered,Apple Pay,Mobile,Email,Returning,10,5,14,3.0
Beauty,450.67,3,Shipped,Apple Pay,Desktop,Organic,VIP,10,5,14,4.0
Beauty,298.95,2,Delivered,PayPal,Desktop,Social,VIP,10,5,14,2.0
Home,339.56,1,Delivered,PayPal,Tablet,Social,Returning,10,5,14,3.0
Clothing,484.32,3,Delivered,Debit Card,Tablet,Paid Search,VIP,10,5,14,5.0
Toys,96.09,2,Shipped,Apple Pay,Desktop,Paid Search,VIP,10,5,14,7.0
Books,172.32,1,Delivered,Apple Pay,Desktop,Email,Returning,10,5,14,1.0
Toys,22.23,1,Delivered,Apple Pay,Tablet,Paid Search,VIP,10,5,14,1.0
Home,335.6,1,Delivered,Credit Card,Mobile,Email,VIP,10,5,14,4.0
Beauty,345.65,3,Delivered,Credit Card,Mobile,Organic,New,10,5,14,1.0
Home,202.86,2,Delivered,Credit Card,Tablet,Email,VIP,10,5,14,5.0
Beauty,281.94,1,Delivered,Google Pay,Tablet,Email,VIP,10,5,14,4.0
Clothing,224.91,1,Shipped,PayPal,Mobile,Paid Search,Returning,10,5,14,1.0
Toys,214.16,4,Delivered,Apple Pay,Desktop,Organic,Returning,10,5,14,4.0
Toys,282.06,2,Shipped,Debit Card,Tablet,Organic,Returning,10,5,14,5.0
Electronics,359.56,2,Delivered,Google Pay,Desktop,Email,Returning,10,5,14,2.0
Clothing,430.85,1,Delivered,Apple Pay,Mobile,Email,VIP,10,5,14,7.0
Home,34.45,3,Delivered,Debit Card,Desktop,Social,Returning,10,5,14,4.0
Electronics,495.46,1,Delivered,Credit Card,Tablet,Email,VIP,10,5,14,7.0
Home,279.26,1,Returned,Google Pay,Tablet,Organic,VIP,10,5,14,4.0
Books,371.7,3,Delivered,Credit Card,Mobile,Organic,VIP,10,5,14,3.0
Toys,244.78,1,Shipped,Credit Card,Tablet,Email,VIP,10,5,14,7.0
Beauty,274.68,1,Shipped,PayPal,Mobile,Organic,Returning,10,5,14,6.0
Beauty,478.96,5,Delivered,Credit Card,Tablet,Paid Search,VIP,10,5,14,1.0
Home,86.97,3,Shipped,Google Pay,Tablet,Paid Search,VIP,10,5,14,7.0
Books,339.85,1,Shipped,Debit Card,Mobile,Organic,Returning,10,5,14,1.0
Electronics,245.09,1,Delivered,PayPal,Desktop,Paid Search,Returning,10,5,14,2.0
Home,239.82,2,Delivered,PayPal,Mobile,Organic,VIP,10,5,14,3.0
Electronics,16.43,1,Delivered,Google Pay,Mobile,Email,Returning,10,5,14,7.0
Clothing,307.18,1,Pending,Google Pay,Mobile,Paid Search,Returning,10,5,14,1.0
Electronics,230.75,2,Delivered,Credit Card,Desktop,Paid Search,Returning,10,5,14,4.0
Toys,108.81,1,Delivered,Debit Card,Mobile,Organic,New,10,5,14,1.0
Clothing,116.95,1,Delivered,Debit Card,Mobile,Paid Search,VIP,10,5,14,7.0
Beauty,43.82,3,Delivered,Debit Card,Desktop,Email,Returning,10,6,14,3.0
Beauty,232.67,2,Delivered,PayPal,Tablet,Organic,Returning,10,6,14,5.0
Toys,405.07,1,Delivered,PayPal,Mobile,Email,Returning,10,6,14,6.0
Beauty,103.05,3,Delivered,Google Pay,Mobile,Organic,Returning,10,6,14,5.0
Electronics,181.08,1,Delivered,Google Pay,Mobile,Email,VIP,10,6,14,6.0
Toys,324.78,2,Delivered,Debit Card,Tablet,Email,Returning,10,6,14,4.0
Clothing,189.07,4,Shipped,Credit Card,Mobile,Organic,VIP,10,6,14,7.0
Clothing,161.26,3,Delivered,Apple Pay,Mobile,Email,VIP,10,6,14,3.0
Beauty,243.45,1,Delivered,PayPal,Desktop,Organic,VIP,10,6,14,6.0
Clothing,357.67,3,Shipped,PayPal,Desktop,Organic,VIP,10,6,14,4.0
Books,386.94,2,Shipped,PayPal,Mobile,Social,VIP,10,6,14,4.0
Books,430.17,1,Delivered,Google Pay,Desktop,Paid Search,Returning,10,6,14,7.0
Beauty,172.37,4,Delivered,Apple Pay,Tablet,Organic,Returning,10,6,14,4.0
Clothing,305.1,4,Delivered,Debit Card,Desktop,Organic,New,10,6,14,4.0
Clothing,41.0,2,Delivered,PayPal,Mobile,Social,Returning,10,6,14,3.0
Home,156.22,1,Delivered,PayPal,Tablet,Social,VIP,10,6,14,4.0
Home,390.62,2,Delivered,Google Pay,Desktop,Social,New,10,6,14,5.0
Electronics,218.3,1,Delivered,PayPal,Desktop,Social,VIP,10,6,14,2.0
Clothing,172.69,1,Shipped,PayPal,Tablet,Paid Search,VIP,10,6,14,3.0
Electronics,435.31,1,Delivered,Credit Card,Tablet,Paid Search,Returning,10,6,14,6.0
Clothing,489.87,1,Delivered,Debit Card,Desktop,Social,VIP,10,6,14,2.0
Home,248.02,2,Delivered,PayPal,Desktop,Paid Search,Returning,10,6,14,7.0
Electronics,215.91,4,Delivered,Apple Pay,Tablet,Email,VIP,10,6,14,7.0
Home,146.14,6,Delivered,Credit Card,Tablet,Paid Search,Returning,10,6,14,6.0
Clothing,286.15,1,Shipped,Debit Card,Tablet,Social,Returning,10,6,14,2.0
Home,195.1,1,Delivered,Credit Card,Tablet,Paid Search,VIP,10,6,14,7.0
Electronics,261.95,3,Delivered,Google Pay,Mobile,Paid Search,VIP,10,6,14,2.0
Books,268.2,2,Delivered,Apple Pay,Tablet,Organic,Returning,10,6,14,3.0
Toys,27.8,2,Delivered,Apple Pay,Desktop,Social,VIP,10,6,14,5.0
Beauty,331.1,5,Delivered,Debit Card,Mobile,Email,Returning,10,6,14,5.0
Clothing,194.81,1,Shipped,PayPal,Tablet,Organic,Returning,10,6,14,4.0
Books,255.11,2,Delivered,Apple Pay,Desktop,Organic,Returning,10,6,14,2.0
Toys,464.65,1,Delivered,Debit Card,Desktop,Organic,New,10,6,14,5.0
Electronics,490.69,1,Delivered,Google Pay,Tablet,Email,Returning,10,6,14,4.0
Electronics,197.92,1,Delivered,Apple Pay,Tablet,Paid Search,Returning,10,6,14,2.0
Books,437.7,1,Pending,Credit Card,Mobile,Social,VIP,10,6,14,7.0
Books,306.83,1,Delivered,Debit Card,Tablet,Email,Returning,10,6,14,4.0
Home,153.16,1,Delivered,PayPal,Tablet,Organic,Returning,10,6,14,2.0
Books,429.36,1,Delivered,PayPal,Mobile,Organic,VIP,10,6,14,4.0
Toys,346.41,4,Delivered,Credit Card,Mobile,Social,VIP,10,0,14,1.0
Toys,492.28,1,Delivered,Google Pay,Tablet,Paid Search,VIP,10,0,14,7.0
Toys,203.94,1,Delivered,PayPal,Desktop,Email,Returning,10,0,14,6.0
Toys,343.68,3,Returned,Credit Card,Tablet,Social,Returning,10,0,14,7.0
Books,17.04,3,Shipped,Google Pay,Mobile,Email,Returning,10,0,14,1.0
Clothing,447.38,5,Delivered,Apple Pay,Mobile,Social,Returning,10,0,14,6.0
Toys,395.4,3,Pending,Google Pay,Tablet,Organic,VIP,10,0,14,3.0
Electronics,295.34,3,Delivered,Credit Card,Desktop,Social,VIP,10,0,14,6.0
Books,169.0,1,Delivered,Debit Card,Tablet,Paid Search,Returning,10,0,14,6.0
Books,159.83,4,Delivered,Google Pay,Desktop,Organic,VIP,10,0,14,7.0
Home,100.71,1,Delivered,Apple Pay,Tablet,Social,New,10,0,14,7.0
Toys,324.32,3,Delivered,Google Pay,Desktop,Organic,Returning,10,0,14,6.0
Clothing,479.11,2,Delivered,Credit Card,Desktop,Organic,Returning,10,0,14,3.0
Toys,237.19,2,Delivered,Credit Card,Tablet,Email,Returning,10,0,14,4.0
Books,293.88,1,Returned,PayPal,Tablet,Organic,VIP,10,0,14,2.0
Home,70.12,1,Delivered,Debit Card,Tablet,Social,VIP,10,0,14,6.0
Beauty,465.27,3,Delivered,PayPal,Tablet,Organic,VIP,10,0,14,3.0
Home,218.64,2,Delivered,Google Pay,Mobile,Social,VIP,10,0,14,2.0
Beauty,343.68,1,Delivered,Credit Card,Tablet,Paid Search,Returning,10,0,14,2.0
Beauty,21.34,2,Delivered,Debit Card,Desktop,Social,VIP,10,0,14,4.0
Home,48.43,7,Delivered,PayPal,Desktop,Social,VIP,10,0,14,2.0
Books,460.18,1,Delivered,PayPal,Desktop,Paid Search,VIP,10,0,14,2.0
Electronics,35.22,5,Pending,Google Pay,Tablet,Social,VIP,10,0,14,6.0
Beauty,331.78,5,Returned,PayPal,Tablet,Paid Search,Returning,10,0,14,7.0
Home,421.15,2,Delivered,Apple Pay,Tablet,Social,Returning,10,0,14,3.0
Electronics,187.48,2,Delivered,Google Pay,Desktop,Email,Returning,10,0,14,4.0
Toys,258.42,1,Delivered,PayPal,Mobile,Email,VIP,10,0,14,1.0
Electronics,278.84,2,Delivered,Google Pay,Tablet,Email,Returning,10,0,14,7.0
Electronics,320.71,3,Shipped,Apple Pay,Desktop,Email,Returning,10,0,14,2.0
Beauty,109.77,5,Delivered,Apple Pay,Desktop,Paid Search,VIP,10,1,14,5.0
Beauty,227.11,2,Shipped,PayPal,Tablet,Email,VIP,10,1,14,7.0
Toys,455.11,5,Pending,PayPal,Tablet,Email,Returning,10,1,14,4.0
Home,198.51,1,Delivered,Credit Card,Tablet,Email,Returning,10,1,14,6.0
Beauty,429.44,5,Delivered,PayPal,Mobile,Paid Search,VIP,10,1,14,4.0
Electronics,83.64,1,Shipped,PayPal,Tablet,Social,VIP,10,1,14,5.0
Toys,63.62,1,Delivered,Apple Pay,Mobile,Paid Search,Returning,10,1,14,7.0
Books,25.65,2,Delivered,Debit Card,Mobile,Social,VIP,10,1,14,4.0
Books,104.61,4,Delivered,PayPal,Tablet,Paid Search,Returning,10,1,14,5.0
Home,484.25,2,Shipped,Debit Card,Tablet,Email,VIP,10,1,14,1.0
Home,285.4,1,Delivered,PayPal,Tablet,Paid Search,New,10,1,14,2.0
Books,243.87,4,Returned,Google Pay,Mobile,Email,VIP,10,1,14,6.0
Beauty,37.36,1,Delivered,Credit Card,Tablet,Email,VIP,10,1,14,7.0
Home,440.0,2,Delivered,Google Pay,Desktop,Organic,Returning,10,1,14,4.0
Toys,265.6,1,Delivered,PayPal,Desktop,Social,Returning,10,1,14,5.0
Electronics,251.27,3,Delivered,Credit Card,Mobile,Email,VIP,10,1,14,1.0
Toys,170.39,3,Shipped,Google Pay,Desktop,Organic,VIP,10,1,14,6.0
Toys,156.3,2,Delivered,Debit Card,Tablet,Paid Search,VIP,10,1,14,5.0
Books,247.5,1,Delivered,Apple Pay,Desktop,Social,VIP,10,1,14,5.0
Toys,257.69,1,Delivered,PayPal,Mobile,Social,Returning,10,1,14,2.0
Home,44.78,1,Delivered,Apple Pay,Tablet,Paid Search,New,10,1,14,1.0
Toys,120.99,2,Delivered,PayPal,Desktop,Organic,New,10,1,14,1.0
Beauty,492.15,1,Delivered,Credit Card,Tablet,Organic,VIP,10,1,14,6.0
Electronics,412.29,1,Returned,Debit Card,Tablet,Social,VIP,10,1,14,1.0
Beauty,438.21,1,Shipped,Debit Card,Tablet,Email,Returning,10,1,14,1.0
Toys,198.58,1,Shipped,Apple Pay,Mobile,Social,VIP,10,2,14,4.0
Beauty,23.63,2,Delivered,Apple Pay,Desktop,Social,VIP,10,2,14,5.0
Electronics,464.38,1,Delivered,Credit Card,Desktop,Paid Search,VIP,10,2,14,3.0
Books,130.93,1,Delivered,Debit Card,Desktop,Organic,Returning,10,2,14,4.0
Electronics,190.45,3,Returned,Debit Card,Desktop,Social,VIP,10,2,14,3.0
Electronics,344.63,1,Delivered,Apple Pay,Mobile,Organic,Returning,10,2,14,5.0
Books,346.84,5,Pending,Google Pay,Mobile,Paid Search,Returning,10,2,14,5.0
Home,425.46,1,Delivered,PayPal,Tablet,Paid Search,New,10,2,14,7.0
Books,332.14,2,Delivered,Credit Card,Desktop,Social,Returning,10,2,14,6.0
Electronics,110.92,1,Delivered,Credit Card,Desktop,Email,VIP,10,2,14,7.0
Beauty,329.45,6,Delivered,Credit Card,Desktop,Paid Search,New,10,2,14,6.0
Beauty,72.55,3,Delivered,Google Pay,Tablet,Email,VIP,10,2,14,3.0
Home,108.17,1,Delivered,Apple Pay,Tablet,Organic,VIP,10,2,14,4.0
Electronics,451.44,1,Delivered,PayPal,Mobile,Email,Returning,10,2,14,6.0
Toys,97.67,3,Delivered,Apple Pay,Mobile,Paid Search,VIP,10,2,14,4.0
Electronics,125.36,1,Shipped,Google Pay,Desktop,Organic,Returning,10,2,14,3.0
Electronics,381.12,1,Delivered,Apple Pay,Mobile,Organic,VIP,10,2,14,3.0
Clothing,23.49,1,Delivered,Google Pay,Mobile,Paid Search,New,10,2,14,6.0
Books,83.74,1,Shipped,PayPal,Mobile,Social,Returning,10,2,14,4.0
Toys,217.69,2,Delivered,Debit Card,Tablet,Organic,Returning,10,2,14,7.0
Toys,182.95,6,Pending,Credit Card,Mobile,Paid Search,VIP,10,2,14,3.0
Books,7.52,4,Delivered,Credit Card,Desktop,Paid Search,VIP,10,2,14,7.0
Electronics,404.4,1,Delivered,Google Pay,Tablet,Email,VIP,10,2,14,6.0
Books,396.28,2,Delivered,Credit Card,Desktop,Email,Returning,10,2,14,5.0
Electronics,50.63,3,Delivered,Apple Pay,Mobile,Email,Returning,10,2,14,2.0
Beauty,333.64,4,Pending,Debit Card,Tablet,Paid Search,VIP,10,2,14,4.0
Home,113.42,2,Delivered,Debit Card,Desktop,Paid Search,Returning,10,2,14,2.0
Books,265.01,1,Shipped,Debit Card,Mobile,Organic,VIP,10,2,14,5.0
Toys,76.03,4,Delivered,Apple Pay,Mobile,Social,VIP,10,3,14,2.0
Clothing,428.41,5,Delivered,PayPal,Tablet,Social,VIP,10,3,14,6.0
Home,411.28,2,Delivered,Debit Card,Desktop,Paid Search,Returning,10,3,14,7.0
Beauty,274.89,3,Delivered,Apple Pay,Desktop,Social,VIP,10,3,14,4.0
Books,63.87,1,Delivered,Debit Card,Desktop,Email,VIP,10,3,14,7.0
Beauty,288.72,1,Delivered,Debit Card,Mobile,Organic,Returning,10,3,14,7.0
Clothing,26.78,3,Delivered,PayPal,Desktop,Organic,New,10,3,14,4.0
Electronics,199.23,1,Delivered,Google Pay,Mobile,Paid Search,VIP,10,3,14,2.0
Electronics,439.5,4,Shipped,Apple Pay,Tablet,Email,Returning,10,3,14,2.0
Clothing,206.06,1,Delivered,Apple Pay,Desktop,Social,Returning,10,3,14,6.0
Toys,300.25,1,Shipped,Apple Pay,Desktop,Email,New,10,3,14,6.0
Beauty,92.92,1,Delivered,Apple Pay,Tablet,Email,Returning,10,3,14,3.0
Beauty,400.32,3,Delivered,Debit Card,Mobile,Paid Search,VIP,10,3,14,7.0
Clothing,421.1,3,Delivered,Credit Card,Desktop,Social,Returning,10,3,14,2.0
Home,248.62,3,Shipped,Apple Pay,Tablet,Social,Returning,10,3,14,3.0
Home,48.47,4,Delivered,Apple Pay,Desktop,Email,Returning,10,3,14,7.0
Beauty,69.87,4,Delivered,Apple Pay,Mobile,Paid Search,Returning,10,3,14,7.0
Beauty,362.53,1,Shipped,Credit Card,Desktop,Social,Returning,10,3,14,4.0
Books,111.7,2,Delivered,PayPal,Desktop,Organic,Returning,10,3,14,5.0
Clothing,220.67,1,Delivered,Debit Card,Desktop,Paid Search,Returning,10,3,14,5.0
Clothing,175.66,2,Delivered,Debit Card,Tablet,Organic,Returning,10,3,14,3.0
Beauty,162.9,1,Delivered,Debit Card,Mobile,Organic,Returning,10,3,14,5.0
Beauty,119.75,1,Shipped,Debit Card,Desktop,Organic,New,10,3,14,6.0
Books,409.86,1,Delivered,Credit Card,Desktop,Paid Search,VIP,10,3,14,3.0
Toys,430.57,1,Delivered,Credit Card,Desktop,Email,Returning,10,3,14,7.0
Clothing,369.02,4,Pending,Debit Card,Mobile,Organic,Returning,10,3,14,2.0
Toys,125.8,2,Delivered,Debit Card,Tablet,Social,VIP,10,3,14,6.0
Toys,31.33,2,Pending,Debit Card,Mobile,Paid Search,VIP,10,3,14,1.0
Electronics,233.41,6,Shipped,Credit Card,Desktop,Paid Search,VIP,10,4,14,4.0
Home,102.01,1,Delivered,Debit Card,Desktop,Paid Search,Returning,10,4,14,7.0
Home,222.07,1,Returned,Apple Pay,Tablet,Email,Returning,10,4,14,3.0
Home,11.05,1,Delivered,Google Pay,Tablet,Email,Returning,10,4,14,4.0
Beauty,214.01,4,Delivered,Debit Card,Desktop,Social,Returning,10,4,14,7.0
Clothing,206.26,2,Delivered,PayPal,Mobile,Email,VIP,10,4,14,2.0
Home,192.03,1,Shipped,Credit Card,Tablet,Social,Returning,10,4,14,4.0
Books,304.16,1,Shipped,Credit Card,Tablet,Organic,Returning,10,4,14,3.0
Electronics,273.8,5,Delivered,Credit Card,Desktop,Social,Returning,10,4,14,7.0
Toys,336.67,1,Delivered,Apple Pay,Tablet,Paid Search,VIP,10,4,14,4.0
Clothing,402.75,1,Pending,Credit Card,Mobile,Organic,Returning,10,4,14,2.0
Toys,383.12,1,Delivered,Google Pay,Desktop,Organic,VIP,10,4,14,5.0
Beauty,315.46,2,Shipped,Apple Pay,Desktop,Social,Returning,10,4,14,2.0
Home,214.61,2,Delivered,PayPal,Desktop,Paid Search,Returning,10,4,14,7.0
Home,312.43,3,Delivered,PayPal,Tablet,Paid Search,Returning,10,4,14,1.0
Toys,386.15,3,Returned,Apple Pay,Tablet,Social,VIP,10,4,14,2.0
Electronics,98.71,2,Delivered,Apple Pay,Mobile,Paid Search,VIP,10,4,14,3.0
Electronics,102.48,3,Delivered,Debit Card,Tablet,Social,VIP,10,4,14,4.0
Home,486.08,2,Delivered,Apple Pay,Tablet,Social,Returning,10,4,14,2.0
Books,86.57,1,Shipped,Google Pay,Mobile,Paid Search,Returning,10,4,14,5.0
Clothing,386.72,1,Delivered,Credit Card,Mobile,Paid Search,VIP,10,4,14,6.0
Home,285.93,4,Shipped,Apple Pay,Desktop,Email,New,10,4,14,4.0
Electronics,332.42,1,Pending,Debit Card,Mobile,Social,VIP,10,4,14,1.0
Books,147.26,1,Delivered,PayPal,Tablet,Organic,Returning,10,4,14,3.0
Home,123.39,1,Delivered,Debit Card,Tablet,Paid Search,VIP,10,4,14,7.0
Clothing,382.99,2,Delivered,Debit Card,Tablet,Organic,VIP,10,4,14,1.0
Electronics,69.58,3,Returned,Google Pay,Desktop,Paid Search,Returning,10,4,14,7.0
Clothing,44.29,1,Delivered,Debit Card,Desktop,Organic,VIP,10,4,14,7.0
Electronics,86.16,1,Delivered,Apple Pay,Desktop,Social,Returning,10,5,14,6.0
Toys,103.04,2,Delivered,Debit Card,Desktop,Email,VIP,10,5,14,3.0
Toys,51.18,2,Delivered,Credit Card,Mobile,Paid Search,VIP,10,5,14,3.0
Electronics,469.84,2,Shipped,Apple Pay,Desktop,Paid Search,New,10,5,14,1.0
Books,146.99,4,Delivered,Credit Card,Mobile,Social,Returning,10,5,14,3.0
Books,52.96,1,Delivered,Apple Pay,Desktop,Social,New,10,5,14,1.0
Toys,103.17,1,Delivered,Debit Card,Mobile,Email,VIP,10,5,14,2.0
Electronics,28.27,2,Delivered,Credit Card,Tablet,Social,VIP,10,5,14,6.0
Beauty,441.33,1,Delivered,Credit Card,Tablet,Organic,Returning,10,5,14,6.0
Books,34.67,3,Delivered,Google Pay,Desktop,Social,VIP,10,5,14,1.0
Toys,109.38,1,Delivered,Debit Card,Desktop,Social,VIP,10,5,14,7.0
Clothing,114.4,3,Delivered,Apple Pay,Mobile,Paid Search,VIP,10,5,14,1.0
Electronics,348.44,3,Delivered,Debit Card,Mobile,Social,Returning,10,5,14,4.0
Home,412.57,1,Delivered,Debit Card,Desktop,Email,Returning,10,5,14,7.0
Toys,340.4,4,Delivered,Google Pay,Tablet,Organic,VIP,10,5,14,4.0
Electronics,359.61,1,Delivered,PayPal,Tablet,Paid Search,Returning,10,5,14,6.0
Electronics,268.39,2,Delivered,Credit Card,Tablet,Email,VIP,10,5,14,2.0
Electronics,29.37,3,Delivered,Credit Card,Mobile,Social,New,10,5,14,5.0
Electronics,425.7,2,Delivered,Apple Pay,Tablet,Social,Returning,10,5,14,7.0
Beauty,234.55,5,Delivered,PayPal,Mobile,Paid Search,Returning,10,5,14,3.0
Toys,67.96,1,Delivered,Debit Card,Desktop,Paid Search,VIP,10,5,14,5.0
Books,484.45,1,Delivered,Credit Card,Tablet,Email,Returning,10,5,14,2.0
Electronics,15.19,2,Delivered,Credit Card,Desktop,Social,Returning,10,6,14,3.0
Home,44.88,3,Delivered,PayPal,Mobile,Email,VIP,10,6,14,6.0
Home,46.43,2,Delivered,Apple Pay,Desktop,Social,VIP,10,6,14,3.0
Clothing,476.21,3,Delivered,Google Pay,Tablet,Paid Search,VIP,10,6,14,7.0
Electronics,445.37,2,Returned,Debit Card,Mobile,Paid Search,Returning,10,6,14,2.0
Toys,109.34,1,Delivered,Credit Card,Desktop,Organic,Returning,10,6,14,4.0
Toys,194.84,1,Delivered,Google Pay,Tablet,Paid Search,VIP,10,6,14,1.0
Books,375.08,2,Delivered,Credit Card,Tablet,Social,Returning,10,6,14,5.0
Electronics,257.78,1,Delivered,Debit Card,Mobile,Paid Search,VIP,10,6,14,2.0
Toys,301.92,2,Delivered,Debit Card,Desktop,Organic,VIP,10,6,14,7.0
Toys,241.62,2,Shipped,Credit Card,Tablet,Email,Returning,10,6,14,4.0
Clothing,6.55,2,Delivered,Google Pay,Desktop,Organic,Returning,10,6,14,7.0
Toys,448.94,2,Delivered,Google Pay,Desktop,Email,Returning,10,6,14,3.0
Electronics,450.26,3,Delivered,Credit Card,Desktop,Social,Returning,10,6,14,1.0
Home,257.47,2,Delivered,Google Pay,Desktop,Email,Returning,10,6,14,6.0
Books,11.8,1,Delivered,PayPal,Tablet,Social,VIP,10,6,14,2.0
Toys,125.09,3,Delivered,Apple Pay,Mobile,Organic,Returning,10,6,14,1.0
Books,313.65,5,Delivered,Apple Pay,Tablet,Email,Returning,10,6,14,2.0
Beauty,199.38,4,Delivered,Apple Pay,Desktop,Organic,VIP,10,6,14,6.0
Toys,171.13,3,Delivered,Apple Pay,Desktop,Organic,Returning,10,6,14,4.0
Clothing,67.11,4,Delivered,Google Pay,Mobile,Paid Search,VIP,10,6,14,5.0
Clothing,322.73,7,Shipped,Google Pay,Desktop,Email,VIP,10,6,14,1.0
Beauty,12.67,4,Delivered,Apple Pay,Desktop,Social,VIP,10,6,14,6.0
Home,475.15,1,Shipped,Debit Card,Mobile,Social,VIP,10,6,14,5.0
Books,39.3,2,Shipped,Apple Pay,Mobile,Email,VIP,10,6,14,2.0
Home,497.6,3,Shipped,Google Pay,Mobile,Organic,VIP,10,6,14,6.0
Home,18.5,1,Delivered,Credit Card,Tablet,Organic,Returning,10,6,14,1.0
Books,196.32,3,Delivered,Credit Card,Desktop,Social,Returning,10,6,14,5.0
Toys,158.95,6,Delivered,Apple Pay,Tablet,Organic,VIP,10,6,14,6.0
Home,244.11,4,Shipped,PayPal,Desktop,Organic,Returning,10,6,14,2.0
Home,416.23,2,Returned,PayPal,Tablet,Social,VIP,10,0,14,4.0
Electronics,405.06,1,Delivered,PayPal,Desktop,Email,New,10,0,14,5.0
Clothing,6.85,3,Delivered,Debit Card,Desktop,Paid Search,VIP,10,0,14,3.0
Home,288.1,2,Pending,Apple Pay,Tablet,Paid Search,VIP,10,0,14,5.0
Electronics,473.38,2,Delivered,Credit Card,Mobile,Paid Search,Returning,10,0,14,5.0
Beauty,151.27,3,Delivered,PayPal,Mobile,Email,Returning,10,0,14,2.0
Toys,106.89,1,Delivered,Debit Card,Desktop,Social,VIP,10,0,14,5.0
Clothing,206.56,1,Delivered,Debit Card,Tablet,Social,VIP,10,0,14,5.0
Beauty,449.7,1,Delivered,Apple Pay,Mobile,Social,VIP,10,0,14,1.0
Electronics,79.45,2,Delivered,PayPal,Tablet,Organic,Returning,10,0,14,5.0
Home,6.34,2,Shipped,PayPal,Desktop,Organic,Returning,10,0,14,4.0
Toys,418.87,2,Delivered,PayPal,Mobile,Social,Returning,10,0,14,7.0
Books,104.68,2,Returned,Debit Card,Mobile,Social,VIP,10,0,14,6.0
Clothing,172.12,2,Delivered,Debit Card,Tablet,Social,VIP,10,0,14,7.0
Home,299.65,2,Shipped,Apple Pay,Mobile,Social,Returning,10,0,14,3.0
Home,248.94,1,Delivered,PayPal,Desktop,Paid Search,VIP,10,0,14,4.0
Electronics,313.53,1,Delivered,PayPal,Mobile,Paid Search,VIP,10,0,14,2.0
Toys,16.23,3,Delivered,PayPal,Mobile,Email,VIP,10,0,14,2.0
Books,390.31,1,Delivered,Apple Pay,Desktop,Paid Search,Returning,10,0,14,5.0
Home,293.73,2,Delivered,PayPal,Desktop,Paid Search,Returning,10,0,14,2.0
Clothing,302.39,1,Shipped,Credit Card,Mobile,Paid Search,VIP,10,0,14,4.0
Clothing,250.24,5,Shipped,Google Pay,Tablet,Social,VIP,10,0,14,6.0
Toys,261.43,1,Shipped,Google Pay,Mobile,Paid Search,VIP,10,0,14,4.0
Home,132.21,1,Delivered,Debit Card,Desktop,Paid Search,Returning,10,0,14,6.0
Beauty,51.11,2,Delivered,PayPal,Tablet,Email,VIP,10,0,14,2.0
Books,116.56,2,Delivered,Credit Card,Tablet,Social,Returning,10,0,14,5.0
Beauty,237.47,1,Delivered,Google Pay,Mobile,Organic,VIP,10,0,14,1.0
Home,102.9,3,Delivered,Credit Card,Tablet,Social,VIP,10,0,14,7.0
Books,151.52,2,Delivered,PayPal,Mobile,Social,VIP,10,0,14,2.0
Beauty,40.92,1,Delivered,Apple Pay,Tablet,Paid Search,Returning,10,0,14,2.0
Home,124.12,2,Delivered,Google Pay,Mobile,Email,VIP,10,1,14,1.0
Toys,417.01,1,Delivered,Credit Card,Mobile,Email,Returning,10,1,14,6.0
Beauty,255.0,2,Shipped,Apple Pay,Mobile,Email,VIP,10,1,14,4.0
Beauty,16.67,2,Delivered,Debit Card,Desktop,Paid Search,VIP,10,1,14,1.0
Clothing,278.8,1,Delivered,Credit Card,Mobile,Paid Search,VIP,10,1,14,4.0
Toys,74.21,3,Delivered,Credit Card,Tablet,Paid Search,VIP,10,1,14,2.0
Toys,356.09,2,Shipped,PayPal,Mobile,Social,VIP,10,1,14,3.0
Electronics,456.19,5,Delivered,PayPal,Desktop,Organic,Returning,10,1,14,7.0
Books,427.6,1,Delivered,PayPal,Tablet,Organic,VIP,10,1,14,1.0
Beauty,398.53,1,Shipped,PayPal,Desktop,Social,Returning,10,1,14,4.0
Toys,380.74,1,Delivered,PayPal,Mobile,Paid Search,VIP,10,1,14,6.0
Electronics,343.26,3,Delivered,Credit Card,Mobile,Organic,VIP,10,1,14,4.0
Beauty,371.43,5,Delivered,Credit Card,Desktop,Email,VIP,10,1,14,2.0
Books,339.33,6,Delivered,Google Pay,Tablet,Paid Search,Returning,10,1,14,3.0
Books,312.94,2,Delivered,Debit Card,Desktop,Paid Search,VIP,10,1,14,7.0
Electronics,434.69,5,Delivered,Google Pay,Tablet,Paid Search,VIP,10,1,14,5.0
Beauty,371.75,1,Delivered,Google Pay,Mobile,Email,Returning,10,1,14,5.0
Clothing,422.98,1,Shipped,Debit Card,Mobile,Social,VIP,10,1,14,7.0
Clothing,25.91,4,Delivered,Credit Card,Desktop,Paid Search,VIP,10,1,14,6.0
Electronics,87.08,1,Delivered,Google Pay,Desktop,Social,VIP,10,1,14,2.0
Clothing,423.97,1,Delivered,Apple Pay,Desktop,Organic,Returning,10,1,14,3.0
Beauty,81.0,4,Delivered,Credit Card,Desktop,Paid Search,VIP,10,1,14,7.0
Clothing,309.24,1,Delivered,Apple Pay,Tablet,Email,New,10,1,14,4.0
Clothing,393.3,2,Delivered,PayPal,Mobile,Organic,VIP,10,1,14,7.0
Books,242.36,4,Shipped,Apple Pay,Desktop,Email,Returning,10,1,14,1.0
Home,498.02,2,Delivered,Debit Card,Mobile,Social,VIP,10,1,14,6.0
Electronics,414.36,1,Delivered,Apple Pay,Desktop,Social,VIP,10,1,14,5.0
Electronics,319.34,1,Shipped,PayPal,Tablet,Email,Returning,10,1,14,5.0
Books,375.52,2,Delivered,Credit Card,Tablet,Email,Returning,10,2,14,1.0
Home,490.63,2,Delivered,Apple Pay,Desktop,Email,VIP,10,2,14,4.0
Books,72.22,1,Shipped,PayPal,Mobile,Organic,Returning,10,2,14,7.0
Clothing,46.99,2,Delivered,Apple Pay,Desktop,Paid Search,Returning,10,2,14,5.0
Electronics,27.28,2,Returned,Google Pay,Desktop,Paid Search,VIP,10,2,14,1.0
Electronics,269.39,1,Delivered,Debit Card,Desktop,Social,VIP,10,2,14,4.0
Toys,356.44,1,Shipped,Debit Card,Desktop,Organic,Returning,10,2,14,5.0
Books,251.13,1,Delivered,PayPal,Desktop,Paid Search,Returning,10,2,14,7.0
Beauty,38.93,3,Delivered,Debit Card,Tablet,Social,Returning,10,2,14,1.0
Clothing,122.85,1,Delivered,PayPal,Mobile,Paid Search,Returning,10,2,14,1.0
Beauty,151.53,3,Delivered,Credit Card,Desktop,Social,VIP,10,2,14,5.0
Books,161.48,3,Delivered,Apple Pay,Mobile,Email,Returning,10,2,14,7.0
Clothing,466.13,1,Delivered,Google Pay,Desktop,Paid Search,VIP,10,2,14,2.0
Beauty,218.39,2,Delivered,Debit Card,Tablet,Organic,VIP,10,2,14,4.0
Clothing,98.34,2,Shipped,Credit Card,Mobile,Organic,Returning,10,2,14,6.0
Books,115.45,2,Delivered,Google Pay,Mobile,Paid Search,VIP,10,2,14,1.0
Toys,179.94,5,Delivered,Debit Card,Mobile,Email,VIP,10,2,14,4.0
Clothing,480.7,1,Delivered,Google Pay,Desktop,Paid Search,VIP,10,2,14,2.0
Home,257.89,1,Delivered,Debit Card,Tablet,Social,VIP,10,2,14,1.0
Electronics,456.81,4,Delivered,Credit Card,Mobile,Social,New,10,2,14,6.0
Electronics,442.15,2,Pending,PayPal,Tablet,Organic,VIP,10,2,14,7.0
Beauty,408.81,1,Delivered,Google Pay,Tablet,Paid Search,Returning,10,2,14,2.0
Electronics,363.48,2,Pending,Credit Card,Tablet,Organic,VIP,10,2,14,2.0
Clothing,288.84,3,Delivered,PayPal,Mobile,Paid Search,VIP,10,2,14,3.0
Toys,16.53,1,Delivered,Apple Pay,Desktop,Organic,Returning,10,2,14,5.0
Electronics,189.8,2,Delivered,PayPal,Mobile,Social,Returning,10,2,14,3.0
Books,144.54,4,Delivered,Apple Pay,Desktop,Email,VIP,10,2,14,5.0
Beauty,172.73,3,Delivered,Google Pay,Tablet,Organic,VIP,10,2,14,2.0
Beauty,285.16,4,Delivered,Google Pay,Tablet,Email,VIP,10,2,14,5.0
Electronics,134.93,1,Returned,Google Pay,Mobile,Email,Returning,10,2,14,3.0
Toys,94.97,2,Delivered,Apple Pay,Mobile,Organic,VIP,10,2,14,6.0
Books,456.53,3,Delivered,Credit Card,Desktop,Organic,Returning,10,3,14,1.0
Beauty,48.95,1,Delivered,Apple Pay,Desktop,Email,VIP,10,3,14,4.0
Clothing,53.68,2,Delivered,Debit Card,Desktop,Organic,VIP,10,3,14,2.0
Electronics,314.48,1,Delivered,Google Pay,Mobile,Organic,VIP,10,3,14,4.0
Toys,205.88,1,Delivered,Google Pay,Tablet,Organic,VIP,10,3,14,5.0
Clothing,144.72,2,Delivered,PayPal,Mobile,Social,New,10,3,14,6.0
Books,227.6,7,Pending,Credit Card,Desktop,Social,VIP,10,3,14,3.0
Electronics,370.74,1,Delivered,PayPal,Tablet,Social,VIP,10,3,14,6.0
Electronics,339.0,2,Shipped,Credit Card,Desktop,Email,VIP,10,3,14,3.0
Electronics,374.68,1,Pending,Debit Card,Desktop,Email,VIP,10,3,14,1.0
Toys,112.65,1,Delivered,Debit Card,Tablet,Organic,VIP,10,3,14,1.0
Electronics,423.61,1,Delivered,Credit Card,Desktop,Social,Returning,10,3,14,1.0
Beauty,461.94,2,Delivered,PayPal,Desktop,Social,New,10,3,14,1.0
Toys,447.3,2,Shipped,PayPal,Desktop,Social,VIP,10,3,14,4.0
Clothing,54.37,2,Delivered,Debit Card,Tablet,Email,VIP,10,3,14,2.0
Electronics,404.23,2,Delivered,Apple Pay,Tablet,Organic,Returning,10,3,14,6.0
Electronics,323.44,2,Delivered,Apple Pay,Desktop,Social,VIP,10,3,14,1.0
Beauty,302.16,1,Delivered,PayPal,Tablet,Social,VIP,10,3,14,1.0
Toys,380.73,3,Delivered,PayPal,Mobile,Organic,Returning,10,3,14,3.0
Toys,134.02,1,Delivered,Google Pay,Tablet,Email,VIP,10,3,14,7.0
Electronics,319.96,2,Shipped,Debit Card,Desktop,Social,VIP,10,3,14,3.0
Home,331.25,2,Delivered,Google Pay,Tablet,Paid Search,VIP,10,3,14,1.0
Home,415.81,3,Delivered,Debit Card,Mobile,Email,New,10,3,14,7.0
Clothing,131.41,2,Delivered,Credit Card,Tablet,Organic,VIP,10,3,14,4.0
Clothing,19.3,1,Delivered,PayPal,Tablet,Organic,Returning,10,3,14,7.0
Home,98.43,2,Shipped,Debit Card,Desktop,Organic,Returning,10,3,14,4.0
Books,282.05,3,Delivered,Credit Card,Tablet,Email,VIP,10,3,14,3.0
Books,170.1,4,Delivered,Credit Card,Desktop,Paid Search,Returning,10,3,14,7.0
Beauty,195.51,1,Delivered,PayPal,Desktop,Email,VIP,10,3,14,7.0
Electronics,212.61,3,Delivered,Debit Card,Tablet,Organic,New,10,3,14,1.0
Clothing,244.78,2,Shipped,Apple Pay,Mobile,Email,VIP,10,3,14,2.0
Toys,302.96,1,Delivered,Credit Card,Desktop,Paid Search,Returning,10,3,14,7.0
Toys,313.72,1,Returned,PayPal,Tablet,Email,Returning,10,3,14,7.0
Clothing,58.2,4,Delivered,Credit Card,Tablet,Social,Returning,10,3,14,6.0
Books,488.1,3,Delivered,Credit Card,Tablet,Organic,Returning,10,3,14,7.0
Beauty,422.69,1,Delivered,Credit Card,Mobile,Social,Returning,10,3,14,5.0
Electronics,99.28,2,Delivered,Google Pay,Mobile,Social,VIP,10,3,14,4.0
Toys,356.65,1,Delivered,Apple Pay,Desktop,Email,Returning,10,3,14,4.0
Electronics,26.56,2,Shipped,PayPal,Desktop,Email,Returning,10,3,14,2.0
Toys,226.73,2,Shipped,Google Pay,Tablet,Organic,VIP,10,3,14,3.0
Beauty,161.23,2,Delivered,Google Pay,Mobile,Email,Returning,10,4,14,5.0
Books,452.35,2,Delivered,Google Pay,Mobile,Paid Search,VIP,10,4,14,7.0
Books,362.17,1,Delivered,Google Pay,Mobile,Email,VIP,10,4,14,6.0
Electronics,291.89,1,Delivered,Debit Card,Tablet,Paid Search,VIP,10,4,14,4.0
Books,308.32,2,Delivered,PayPal,Mobile,Social,Returning,10,4,14,6.0
Home,290.35,2,Delivered,Debit Card,Tablet,Social,VIP,10,4,14,6.0
Toys,219.27,1,Delivered,PayPal,Mobile,Paid Search,Returning,10,4,14,2.0
Books,382.9,2,Delivered,PayPal,Tablet,Paid Search,VIP,10,4,14,7.0
Books,475.95,3,Delivered,Apple Pay,Desktop,Email,Returning,10,4,14,1.0
Home,67.45,1,Delivered,Apple Pay,Mobile,Organic,Returning,10,4,14,3.0
Clothing,93.43,1,Pending,PayPal,Mobile,Email,Returning,10,4,14,6.0
Electronics,487.81,1,Delivered,Apple Pay,Mobile,Email,VIP,10,4,14,6.0
Clothing,337.38,3,Delivered,Apple Pay,Tablet,Organic,VIP,10,4,14,6.0
Books,65.41,2,Delivered,Debit Card,Desktop,Social,VIP,10,4,14,4.0
Books,162.52,2,Shipped,Apple Pay,Tablet,Email,Returning,10,4,14,5.0
Clothing,20.19,2,Delivered,Debit Card,Tablet,Organic,VIP,10,4,14,6.0
Home,395.72,2,Delivered,Debit Card,Tablet,Email,Returning,10,4,14,6.0
Books,429.29,1,Delivered,Credit Card,Tablet,Social,VIP,10,4,14,1.0
Books,367.88,1,Returned,Apple Pay,Tablet,Social,VIP,10,4,14,1.0
Clothing,220.0,6,Delivered,Apple Pay,Desktop,Paid Search,VIP,10,4,14,5.0
Toys,335.07,1,Shipped,Credit Card,Mobile,Organic,Returning,10,4,14,5.0
Beauty,328.9,1,Shipped,Google Pay,Mobile,Email,VIP,10,4,14,4.0
Clothing,488.11,1,Delivered,Apple Pay,Tablet,Social,VIP,10,4,14,4.0
Clothing,69.99,2,Delivered,Apple Pay,Desktop,Organic,Returning,10,4,14,2.0
Toys,152.23,2,Delivered,PayPal,Mobile,Email,VIP,10,4,14,4.0
Home,154.1,3,Shipped,Debit Card,Desktop,Social,VIP,10,4,14,2.0
Beauty,333.9,1,Delivered,Debit Card,Tablet,Email,New,10,5,14,3.0
Clothing,370.86,1,Delivered,Debit Card,Mobile,Paid Search,VIP,10,5,14,1.0
Electronics,379.74,3,Delivered,Debit Card,Desktop,Organic,VIP,10,5,14,4.0
Electronics,8.71,2,Delivered,Credit Card,Desktop,Paid Search,Returning,10,5,14,3.0
Clothing,218.33,1,Delivered,Debit Card,Tablet,Paid Search,Returning,10,5,14,7.0
Beauty,28.15,1,Shipped,PayPal,Tablet,Paid Search,Returning,10,5,14,4.0
Books,423.22,2,Delivered,Apple Pay,Desktop,Social,VIP,10,5,14,6.0
Home,469.09,2,Delivered,Credit Card,Mobile,Paid Search,VIP,10,5,14,3.0
Electronics,487.55,3,Delivered,Apple Pay,Desktop,Paid Search,Returning,10,5,14,6.0
Electronics,28.05,3,Delivered,PayPal,Tablet,Social,VIP,10,5,14,1.0
Toys,374.49,4,Delivered,Debit Card,Desktop,Email,New,10,5,14,4.0
Books,256.37,1,Delivered,Apple Pay,Desktop,Organic,Returning,10,5,14,6.0
Beauty,263.39,1,Delivered,Apple Pay,Tablet,Email,Returning,10,5,14,6.0
Books,32.59,1,Delivered,Credit Card,Desktop,Email,VIP,10,5,14,7.0
Electronics,137.2,2,Pending,Debit Card,Tablet,Organic,Returning,10,5,14,7.0
Beauty,380.3,1,Delivered,PayPal,Mobile,Paid Search,VIP,10,5,14,1.0
Home,33.35,3,Delivered,Debit Card,Desktop,Paid Search,VIP,10,5,14,7.0
Electronics,311.0,3,Shipped,Debit Card,Tablet,Email,VIP,10,5,14,1.0
Clothing,387.13,3,Delivered,Credit Card,Tablet,Social,Returning,10,5,14,2.0
Electronics,402.33,1,Delivered,Google Pay,Mobile,Email,VIP,10,5,14,5.0
Books,32.17,2,Delivered,PayPal,Desktop,Email,VIP,10,5,14,6.0
Books,270.97,1,Delivered,Debit Card,Desktop,Paid Search,Returning,10,5,14,7.0
Electronics,319.71,1,Delivered,Apple Pay,Tablet,Social,VIP,10,5,14,6.0
Books,270.44,4,Delivered,Apple Pay,Tablet,Social,VIP,10,5,14,5.0
Beauty,165.61,4,Shipped,PayPal,Tablet,Organic,VIP,10,5,14,2.0
Clothing,475.43,2,Shipped,Credit Card,Desktop,Social,VIP,10,5,14,5.0
Electronics,46.62,2,Shipped,PayPal,Desktop,Paid Search,VIP,10,5,14,4.0
Electronics,175.71,3,Shipped,Apple Pay,Desktop,Paid Search,VIP,10,5,14,4.0
Beauty,443.84,1,Returned,Credit Card,Tablet,Social,VIP,10,6,14,4.0
Clothing,89.61,4,Delivered,PayPal,Desktop,Organic,Returning,10,6,14,2.0
Beauty,367.04,3,Delivered,PayPal,Tablet,Organic,New,10,6,14,1.0
Electronics,473.06,3,Shipped,Apple Pay,Mobile,Organic,Returning,10,6,14,2.0
Clothing,343.48,3,Delivered,Google Pay,Mobile,Social,Returning,10,6,14,1.0
Toys,203.96,2,Returned,Apple Pay,Tablet,Social,VIP,10,6,14,4.0
Books,97.71,4,Delivered,Debit Card,Mobile,Social,VIP,10,6,14,6.0
Toys,83.99,1,Delivered,Google Pay,Desktop,Organic,Returning,10,6,14,7.0
Books,25.25,1,Returned,Apple Pay,Mobile,Email,VIP,10,6,14,2.0
Beauty,256.09,3,Shipped,Debit Card,Mobile,Email,VIP,10,6,14,7.0
Electronics,92.83,6,Delivered,Debit Card,Mobile,Email,Returning,10,6,14,2.0
Beauty,31.5,1,Shipped,PayPal,Desktop,Organic,VIP,10,6,14,2.0
Home,422.06,3,Delivered,Google Pay,Mobile,Email,New,10,6,14,1.0
Toys,340.64,3,Delivered,Credit Card,Tablet,Social,Returning,10,6,14,3.0
Books,99.12,2,Shipped,Google Pay,Desktop,Email,Returning,10,6,14,1.0
Beauty,315.26,4,Delivered,Google Pay,Tablet,Organic,VIP,10,6,14,1.0
Books,63.67,1,Delivered,Apple Pay,Tablet,Email,Returning,10,6,14,3.0
Clothing,319.28,2,Pending,Debit Card,Tablet,Organic,VIP,10,6,14,2.0
Books,8.78,3,Delivered,Google Pay,Desktop,Paid Search,Returning,10,6,14,6.0
Clothing,451.58,2,Delivered,PayPal,Desktop,Organic,VIP,10,6,14,2.0
Books,168.93,1,Delivered,Google Pay,Tablet,Social,VIP,10,6,14,7.0
Beauty,245.75,1,Delivered,PayPal,Tablet,Social,VIP,10,6,14,5.0
Beauty,417.85,3,Delivered,Apple Pay,Mobile,Social,VIP,10,0,14,7.0
Clothing,328.7,3,Delivered,Apple Pay,Tablet,Paid Search,Returning,10,0,14,1.0
Clothing,291.33,3,Delivered,Google Pay,Tablet,Paid Search,VIP,10,0,14,6.0
Home,207.22,2,Delivered,Debit Card,Desktop,Email,VIP,10,0,14,1.0
Electronics,466.43,3,Delivered,Google Pay,Mobile,Social,Returning,10,0,14,4.0
Electronics,274.55,3,Delivered,Google Pay,Mobile,Social,Returning,10,0,14,6.0
Toys,389.93,4,Shipped,Debit Card,Desktop,Paid Search,Returning,10,0,14,5.0
Home,379.32,5,Delivered,Google Pay,Tablet,Social,VIP,10,0,14,3.0
Home,80.16,1,Delivered,Apple Pay,Mobile,Organic,VIP,10,0,14,2.0
Beauty,343.26,4,Delivered,Debit Card,Mobile,Paid Search,Returning,10,0,14,7.0
Beauty,467.71,4,Delivered,Apple Pay,Tablet,Social,VIP,10,0,14,5.0
Home,25.12,2,Pending,Debit Card,Mobile,Email,VIP,10,0,14,7.0
Beauty,323.05,2,Shipped,PayPal,Desktop,Email,VIP,10,0,14,2.0
Electronics,342.01,1,Shipped,Apple Pay,Tablet,Email,VIP,10,0,14,7.0
Clothing,122.43,1,Delivered,PayPal,Desktop,Organic,VIP,10,0,14,6.0
Electronics,199.71,1,Delivered,PayPal,Tablet,Paid Search,Returning,10,0,14,6.0
Toys,456.73,1,Delivered,PayPal,Mobile,Paid Search,VIP,10,0,14,2.0
Home,193.34,1,Pending,Google Pay,Tablet,Social,VIP,10,0,14,1.0
Clothing,222.42,1,Delivered,PayPal,Tablet,Paid Search,VIP,10,0,14,2.0
Clothing,43.9,2,Delivered,PayPal,Desktop,Paid Search,VIP,10,0,14,5.0
Beauty,245.78,1,Delivered,PayPal,Desktop,Organic,Returning,10,0,14,7.0
Toys,388.23,2,Pending,PayPal,Tablet,Paid Search,Returning,10,0,14,3.0
Home,394.17,1,Shipped,PayPal,Tablet,Paid Search,VIP,10,0,14,1.0
Toys,264.26,3,Delivered,Debit Card,Mobile,Email,VIP,10,0,14,6.0
Books,487.16,1,Delivered,PayPal,Desktop,Organic,VIP,10,0,14,7.0
Home,449.92,4,Shipped,PayPal,Desktop,Social,Returning,10,0,14,7.0
Electronics,199.92,2,Delivered,Credit Card,Tablet,Email,VIP,10,0,14,3.0
Toys,193.22,1,Delivered,PayPal,Mobile,Email,Returning,10,0,14,1.0
Books,280.43,2,Delivered,PayPal,Mobile,Paid Search,Returning,10,1,14,4.0
Clothing,144.34,2,Shipped,Google Pay,Mobile,Social,VIP,10,1,14,2.0
Electronics,415.86,5,Pending,PayPal,Desktop,Organic,VIP,10,1,14,5.0
Electronics,485.32,1,Pending,Credit Card,Desktop,Organic,Returning,10,1,14,7.0
Beauty,487.36,2,Delivered,Debit Card,Mobile,Organic,Returning,10,1,14,2.0
Home,300.97,1,Delivered,Debit Card,Desktop,Organic,Returning,10,1,14,7.0
Home,358.65,4,Shipped,Credit Card,Tablet,Social,VIP,10,1,14,6.0
Toys,70.88,5,Delivered,Google Pay,Desktop,Social,VIP,10,1,14,3.0
Electronics,35.3,1,Delivered,Google Pay,Tablet,Organic,Returning,10,1,14,3.0
Toys,172.26,2,Delivered,Credit Card,Mobile,Social,VIP,10,1,14,5.0
Clothing,199.98,2,Delivered,Apple Pay,Desktop,Paid Search,VIP,10,1,14,7.0
Beauty,300.2,3,Delivered,Credit Card,Tablet,Paid Search,VIP,10,1,14,1.0
Clothing,182.75,1,Delivered,Google Pay,Mobile,Social,VIP,10,1,14,3.0
Beauty,361.72,3,Delivered,Google Pay,Mobile,Organic,VIP,10,1,14,6.0
Toys,288.98,3,Returned,PayPal,Desktop,Email,New,10,1,14,7.0
Home,63.43,1,Shipped,Debit Card,Mobile,Email,VIP,10,1,14,7.0
Books,222.72,3,Delivered,Debit Card,Desktop,Paid Search,VIP,10,1,14,7.0
Home,420.91,4,Delivered,PayPal,Mobile,Email,VIP,10,1,14,1.0
Beauty,131.35,4,Delivered,Debit Card,Mobile,Organic,Returning,10,1,14,6.0
Clothing,319.15,5,Delivered,Credit Card,Tablet,Paid Search,Returning,10,2,14,6.0
Beauty,81.43,1,Shipped,Apple Pay,Tablet,Social,VIP,10,2,14,4.0
Clothing,307.33,1,Delivered,Apple Pay,Desktop,Email,VIP,10,2,14,5.0
Home,83.3,2,Delivered,Credit Card,Tablet,Paid Search,Returning,10,2,14,7.0
Electronics,228.19,4,Delivered,Apple Pay,Tablet,Paid Search,VIP,10,2,14,4.0
Home,75.77,1,Delivered,Credit Card,Desktop,Paid Search,VIP,10,2,14,7.0
Home,165.87,1,Delivered,Credit Card,Tablet,Organic,Returning,10,2,14,2.0
Toys,9.02,1,Delivered,PayPal,Mobile,Social,Returning,10,2,14,2.0
Electronics,359.44,4,Shipped,Credit Card,Tablet,Email,Returning,10,2,14,4.0
Electronics,152.73,2,Delivered,Google Pay,Tablet,Email,VIP,10,2,14,4.0
Toys,355.3,1,Delivered,Debit Card,Desktop,Social,Returning,10,2,14,7.0
Clothing,360.63,5,Shipped,Apple Pay,Tablet,Social,Returning,10,2,14,6.0
Beauty,339.87,3,Delivered,Apple Pay,Tablet,Paid Search,Returning,10,2,14,5.0
Books,34.28,1,Delivered,Google Pay,Desktop,Organic,Returning,10,2,14,2.0
Electronics,480.26,2,Delivered,Apple Pay,Tablet,Email,VIP,10,2,14,1.0
Electronics,118.29,1,Pending,Google Pay,Desktop,Paid Search,VIP,10,2,14,2.0
Electronics,310.61,1,Delivered,PayPal,Desktop,Paid Search,Returning,10,2,14,2.0
Electronics,25.96,1,Shipped,Apple Pay,Mobile,Social,VIP,10,2,14,6.0
Home,240.12,1,Delivered,Google Pay,Mobile,Organic,VIP,10,2,14,5.0
Beauty,176.67,1,Shipped,Google Pay,Desktop,Social,Returning,10,2,14,1.0
Beauty,442.87,1,Delivered,Apple Pay,Mobile,Social,Returning,10,2,14,3.0
Electronics,357.5,3,Delivered,Debit Card,Tablet,Social,VIP,10,2,14,3.0
Electronics,293.1,1,Returned,PayPal,Desktop,Social,VIP,10,2,14,5.0
Home,312.28,1,Delivered,Credit Card,Mobile,Social,VIP,10,2,14,3.0
Clothing,458.55,5,Shipped,Credit Card,Desktop,Social,Returning,10,2,14,2.0
Beauty,116.72,1,Delivered,Google Pay,Desktop,Email,VIP,10,2,14,5.0
Electronics,155.19,1,Returned,Debit Card,Mobile,Paid Search,Returning,10,2,14,7.0
Books,255.09,1,Delivered,Google Pay,Desktop,Email,VIP,10,3,14,3.0
Toys,121.74,2,Delivered,Apple Pay,Tablet,Paid Search,Returning,10,3,14,5.0
Books,413.12,2,Shipped,Credit Card,Tablet,Social,Returning,10,3,14,5.0
Toys,205.89,1,Shipped,Google Pay,Tablet,Social,New,10,3,14,3.0
Beauty,384.09,2,Delivered,PayPal,Mobile,Email,VIP,10,3,14,6.0
Toys,31.47,1,Shipped,Credit Card,Desktop,Paid Search,VIP,10,3,14,6.0
Electronics,219.69,5,Delivered,Credit Card,Desktop,Social,Returning,10,3,14,7.0
Electronics,492.77,3,Delivered,Credit Card,Tablet,Organic,VIP,10,3,14,3.0
Books,429.09,1,Delivered,PayPal,Desktop,Email,VIP,10,3,14,1.0
Beauty,120.25,4,Delivered,Debit Card,Tablet,Email,VIP,10,3,14,6.0
Home,155.57,4,Delivered,Debit Card,Desktop,Organic,VIP,10,3,14,2.0
Books,417.86,1,Delivered,Debit Card,Mobile,Paid Search,Returning,10,3,14,4.0
Home,398.65,1,Delivered,Credit Card,Desktop,Social,Returning,10,3,14,1.0
Beauty,108.19,2,Delivered,Google Pay,Mobile,Organic,VIP,10,3,14,5.0
Clothing,313.57,4,Delivered,Apple Pay,Mobile,Paid Search,VIP,10,3,14,1.0
Electronics,377.15,2,Delivered,Credit Card,Tablet,Social,VIP,10,3,14,7.0
Home,63.92,1,Delivered,Google Pay,Tablet,Paid Search,VIP,10,3,14,1.0
Books,302.03,1,Shipped,Credit Card,Tablet,Organic,Returning,10,3,14,6.0
Electronics,17.3,4,Delivered,Google Pay,Tablet,Paid Search,VIP,10,3,14,3.0
Clothing,480.61,3,Delivered,Debit Card,Desktop,Paid Search,Returning,10,3,14,1.0
Clothing,22.01,3,Delivered,Apple Pay,Tablet,Organic,Returning,10,3,14,3.0
Clothing,218.72,1,Shipped,Credit Card,Tablet,Organic,Returning,11,4,14,4.0
Clothing,123.94,1,Returned,PayPal,Tablet,Paid Search,New,11,4,14,2.0
Home,105.8,4,Delivered,Credit Card,Mobile,Social,Returning,11,4,14,2.0
Books,251.17,1,Shipped,Credit Card,Tablet,Organic,Returning,11,4,14,1.0
Clothing,407.4,4,Delivered,Debit Card,Mobile,Organic,VIP,11,4,14,3.0
Home,323.19,3,Pending,Google Pay,Mobile,Paid Search,VIP,11,4,14,1.0
Clothing,32.0,5,Delivered,Google Pay,Tablet,Social,VIP,11,4,14,2.0
Books,27.22,4,Delivered,PayPal,Tablet,Social,Returning,11,4,14,1.0
Electronics,447.88,4,Delivered,PayPal,Tablet,Email,VIP,11,4,14,3.0
Electronics,247.76,2,Shipped,Apple Pay,Desktop,Social,Returning,11,4,14,2.0
Home,244.74,6,Delivered,Debit Card,Tablet,Social,VIP,11,4,14,1.0
Beauty,216.47,5,Pending,Apple Pay,Mobile,Email,Returning,11,4,14,4.0
Home,203.68,2,Delivered,PayPal,Desktop,Social,VIP,11,4,14,6.0
Home,404.22,1,Delivered,PayPal,Desktop,Organic,New,11,4,14,6.0
Books,376.2,1,Delivered,Apple Pay,Desktop,Paid Search,Returning,11,4,14,2.0
Toys,145.6,1,Delivered,Google Pay,Tablet,Email,VIP,11,4,14,2.0
Beauty,247.09,3,Returned,Credit Card,Tablet,Social,VIP,11,4,14,3.0
Home,407.41,4,Delivered,Credit Card,Desktop,Organic,VIP,11,4,14,7.0
Electronics,480.88,1,Delivered,Credit Card,Mobile,Email,Returning,11,4,14,7.0
Electronics,344.81,1,Shipped,Google Pay,Tablet,Social,Returning,11,4,14,3.0
Toys,129.38,1,Delivered,Credit Card,Mobile,Social,VIP,11,4,14,7.0
Toys,300.09,3,Delivered,Google Pay,Tablet,Email,Returning,11,4,14,7.0
Toys,189.1,2,Delivered,Apple Pay,Mobile,Organic,VIP,11,4,14,5.0
Beauty,240.37,1,Pending,Credit Card,Desktop,Paid Search,VIP,11,5,14,6.0
Books,170.31,1,Returned,Credit Card,Mobile,Paid Search,Returning,11,5,14,7.0
Toys,172.07,2,Delivered,Debit Card,Mobile,Organic,VIP,11,5,14,7.0
Home,317.79,7,Delivered,Google Pay,Desktop,Organic,VIP,11,5,14,5.0
Toys,67.88,2,Delivered,Apple Pay,Tablet,Email,Returning,11,5,14,3.0
Beauty,191.02,4,Delivered,PayPal,Desktop,Paid Search,VIP,11,5,14,4.0
Clothing,343.79,1,Returned,Google Pay,Tablet,Organic,Returning,11,5,14,1.0
Home,138.82,1,Shipped,Credit Card,Tablet,Email,VIP,11,5,14,3.0
Clothing,298.34,4,Delivered,PayPal,Desktop,Paid Search,VIP,11,5,14,1.0
Home,22.46,1,Shipped,PayPal,Mobile,Paid Search,Returning,11,5,14,6.0
Beauty,311.14,3,Delivered,Apple Pay,Tablet,Social,Returning,11,5,14,2.0
Home,353.84,2,Delivered,PayPal,Tablet,Paid Search,VIP,11,5,14,3.0
Beauty,138.84,5,Delivered,Google Pay,Desktop,Social,VIP,11,5,14,3.0
Books,27.4,3,Delivered,Google Pay,Desktop,Paid Search,Returning,11,5,14,4.0
Electronics,190.9,1,Shipped,PayPal,Mobile,Paid Search,VIP,11,5,14,5.0
Beauty,279.53,1,Delivered,PayPal,Tablet,Paid Search,Returning,11,5,14,6.0
Beauty,249.37,3,Delivered,Credit Card,Mobile,Social,Returning,11,5,14,7.0
Electronics,252.73,3,Shipped,Apple Pay,Desktop,Email,Returning,11,5,14,6.0
Electronics,249.11,3,Delivered,PayPal,Tablet,Organic,Returning,11,5,14,6.0
Home,368.11,2,Delivered,Credit Card,Mobile,Social,VIP,11,5,14,7.0
Electronics,228.05,2,Pending,PayPal,Desktop,Paid Search,Returning,11,6,14,6.0
Toys,389.31,4,Delivered,Debit Card,Tablet,Organic,Returning,11,6,14,6.0
Home,43.24,1,Delivered,Debit Card,Tablet,Email,Returning,11,6,14,7.0
Beauty,350.1,2,Delivered,Credit Card,Tablet,Paid Search,Returning,11,6,14,3.0
Toys,324.9,1,Delivered,Credit Card,Tablet,Email,VIP,11,6,14,2.0
Electronics,46.32,2,Delivered,Debit Card,Desktop,Social,Returning,11,6,14,3.0
Clothing,102.96,2,Delivered,Credit Card,Desktop,Email,VIP,11,6,14,7.0
Electronics,320.32,1,Delivered,Google Pay,Tablet,Organic,VIP,11,6,14,5.0
Beauty,251.12,1,Delivered,Google Pay,Mobile,Paid Search,VIP,11,6,14,7.0
Books,494.97,2,Shipped,PayPal,Tablet,Social,VIP,11,6,14,7.0
Home,299.72,1,Delivered,Google Pay,Mobile,Paid Search,Returning,11,6,14,4.0
Home,93.79,1,Delivered,Credit Card,Desktop,Paid Search,Returning,11,6,14,5.0
Toys,248.06,1,Delivered,PayPal,Mobile,Paid Search,VIP,11,6,14,5.0
Clothing,496.46,3,Delivered,Debit Card,Tablet,Organic,VIP,11,6,14,7.0
Books,356.78,1,Delivered,PayPal,Desktop,Paid Search,Returning,11,6,14,4.0
Electronics,360.73,1,Delivered,Google Pay,Desktop,Paid Search,VIP,11,6,14,3.0
Clothing,225.08,1,Delivered,Credit Card,Tablet,Organic,VIP,11,6,14,3.0
Beauty,224.18,4,Delivered,Google Pay,Mobile,Email,Returning,11,6,14,4.0
Clothing,134.61,2,Delivered,Credit Card,Tablet,Email,VIP,11,6,14,6.0
Toys,111.09,3,Delivered,Debit Card,Mobile,Paid Search,Returning,11,6,14,2.0
Books,444.16,5,Delivered,Google Pay,Tablet,Paid Search,Returning,11,6,14,2.0
Beauty,167.37,1,Delivered,Apple Pay,Tablet,Paid Search,Returning,11,6,14,3.0
Clothing,107.08,4,Shipped,PayPal,Tablet,Email,VIP,11,6,14,2.0
Electronics,308.63,1,Delivered,Google Pay,Mobile,Organic,Returning,11,6,14,7.0
Electronics,470.39,1,Delivered,Debit Card,Desktop,Organic,Returning,11,0,14,3.0
Electronics,474.57,1,Delivered,Google Pay,Desktop,Organic,New,11,0,14,3.0
Clothing,476.23,5,Delivered,Debit Card,Tablet,Email,VIP,11,0,14,3.0
Home,52.18,1,Delivered,Debit Card,Desktop,Email,VIP,11,0,14,6.0
Clothing,339.94,2,Delivered,Google Pay,Desktop,Organic,VIP,11,0,14,1.0
Electronics,122.36,1,Delivered,Credit Card,Tablet,Paid Search,VIP,11,0,14,2.0
Home,313.51,5,Shipped,PayPal,Desktop,Organic,VIP,11,0,14,6.0
Home,119.86,3,Shipped,Debit Card,Tablet,Social,Returning,11,0,14,4.0
Clothing,358.13,1,Delivered,PayPal,Mobile,Paid Search,VIP,11,0,14,5.0
Home,133.61,1,Shipped,Apple Pay,Tablet,Paid Search,New,11,0,14,6.0
Beauty,280.96,2,Delivered,Credit Card,Mobile,Social,VIP,11,0,14,7.0
Books,115.69,3,Shipped,Apple Pay,Mobile,Email,New,11,0,14,1.0
Beauty,129.16,1,Returned,Google Pay,Desktop,Organic,Returning,11,0,14,4.0
Beauty,115.39,2,Delivered,Google Pay,Desktop,Organic,New,11,0,14,4.0
Beauty,161.06,2,Delivered,Debit Card,Desktop,Email,VIP,11,0,14,1.0
Electronics,34.14,2,Shipped,PayPal,Mobile,Email,Returning,11,0,14,1.0
Home,340.76,1,Delivered,Apple Pay,Mobile,Paid Search,Returning,11,0,14,7.0
Books,172.99,1,Shipped,Debit Card,Tablet,Paid Search,VIP,11,0,14,4.0
Books,402.11,2,Pending,PayPal,Desktop,Email,VIP,11,0,14,5.0
Beauty,443.59,3,Delivered,Debit Card,Tablet,Paid Search,VIP,11,0,14,3.0
Beauty,77.13,2,Shipped,PayPal,Desktop,Paid Search,VIP,11,0,14,2.0
Books,164.05,1,Returned,Debit Card,Mobile,Organic,VIP,11,0,14,4.0
Home,328.89,2,Shipped,Google Pay,Tablet,Social,Returning,11,0,14,3.0
Books,113.6,3,Delivered,Debit Card,Tablet,Email,VIP,11,0,14,2.0
Home,234.05,1,Delivered,PayPal,Tablet,Social,VIP,11,0,14,7.0
Beauty,65.48,3,Delivered,Debit Card,Desktop,Paid Search,Returning,11,0,14,4.0
Clothing,158.23,1,Pending,PayPal,Desktop,Paid Search,VIP,11,0,14,3.0
Electronics,60.7,1,Delivered,Google Pay,Desktop,Paid Search,Returning,11,0,14,3.0
Toys,186.3,2,Shipped,PayPal,Desktop,Social,Returning,11,0,14,2.0
Home,263.85,2,Delivered,Apple Pay,Desktop,Paid Search,VIP,11,0,14,2.0
Beauty,108.4,3,Delivered,Debit Card,Mobile,Email,VIP,11,0,14,3.0
Toys,156.87,6,Delivered,PayPal,Tablet,Paid Search,VIP,11,0,14,5.0
Beauty,386.17,1,Delivered,Credit Card,Mobile,Social,Returning,11,1,14,5.0
Books,354.14,1,Delivered,Apple Pay,Desktop,Paid Search,Returning,11,1,14,5.0
Clothing,428.73,4,Delivered,Debit Card,Mobile,Paid Search,Returning,11,1,14,6.0
Clothing,123.64,3,Delivered,Google Pay,Mobile,Social,Returning,11,1,14,6.0
Electronics,398.21,1,Delivered,Google Pay,Desktop,Organic,Returning,11,1,14,4.0
Beauty,157.19,1,Delivered,PayPal,Mobile,Social,VIP,11,1,14,3.0
Books,470.81,5,Delivered,PayPal,Desktop,Organic,VIP,11,1,14,6.0
Books,332.04,1,Shipped,Credit Card,Desktop,Email,Returning,11,1,14,3.0
Toys,160.29,1,Delivered,Apple Pay,Mobile,Social,VIP,11,1,14,1.0
Clothing,126.23,3,Shipped,Apple Pay,Desktop,Social,VIP,11,1,14,1.0
Clothing,260.14,2,Shipped,Google Pay,Mobile,Email,VIP,11,1,14,6.0
Electronics,240.17,3,Delivered,Credit Card,Mobile,Social,VIP,11,1,14,3.0
Clothing,68.87,4,Delivered,Google Pay,Tablet,Organic,VIP,11,1,14,7.0
Toys,483.84,1,Delivered,Credit Card,Tablet,Email,VIP,11,1,14,4.0
Books,216.42,2,Delivered,Credit Card,Tablet,Email,Returning,11,1,14,1.0
Books,371.72,3,Delivered,PayPal,Tablet,Paid Search,Returning,11,1,14,1.0
Clothing,341.8,4,Shipped,Google Pay,Tablet,Organic,VIP,11,1,14,5.0
Home,497.14,1,Delivered,Apple Pay,Tablet,Paid Search,Returning,11,1,14,3.0
Home,288.5,4,Delivered,Debit Card,Desktop,Paid Search,New,11,1,14,1.0
Beauty,376.87,7,Delivered,Credit Card,Mobile,Organic,VIP,11,1,14,7.0
Beauty,51.34,2,Delivered,Google Pay,Mobile,Organic,VIP,11,1,14,6.0
Beauty,166.87,1,Delivered,Debit Card,Tablet,Organic,Returning,11,2,14,5.0
Home,351.14,4,Shipped,Google Pay,Desktop,Email,Returning,11,2,14,2.0
Books,433.8,3,Delivered,PayPal,Mobile,Email,VIP,11,2,14,1.0
Electronics,112.23,1,Delivered,PayPal,Desktop,Paid Search,Returning,11,2,14,7.0
Beauty,213.02,1,Delivered,Apple Pay,Desktop,Paid Search,Returning,11,2,14,4.0
Clothing,320.13,1,Delivered,Credit Card,Desktop,Email,Returning,11,2,14,4.0
Books,350.43,1,Returned,Google Pay,Tablet,Email,Returning,11,2,14,7.0
Electronics,448.61,2,Delivered,Credit Card,Tablet,Email,VIP,11,2,14,2.0
Toys,200.17,4,Delivered,Google Pay,Desktop,Organic,Returning,11,2,14,2.0
Home,22.7,1,Shipped,Debit Card,Mobile,Paid Search,VIP,11,2,14,7.0
Toys,443.71,1,Delivered,Apple Pay,Desktop,Paid Search,VIP,11,2,14,4.0
Home,137.47,2,Delivered,PayPal,Desktop,Organic,VIP,11,2,14,2.0
Toys,397.03,1,Delivered,PayPal,Mobile,Social,Returning,11,2,14,3.0
Toys,459.27,1,Shipped,Google Pay,Mobile,Email,Returning,11,2,14,1.0
Books,66.38,1,Delivered,PayPal,Mobile,Email,Returning,11,2,14,3.0
Beauty,393.89,1,Shipped,PayPal,Desktop,Email,Returning,11,2,14,6.0
Clothing,120.09,1,Shipped,Credit Card,Mobile,Organic,Returning,11,2,14,6.0
Books,438.55,3,Delivered,Apple Pay,Mobile,Paid Search,Returning,11,2,14,6.0
Home,66.06,1,Delivered,PayPal,Mobile,Social,VIP,11,2,14,4.0
Electronics,476.91,1,Delivered,Credit Card,Mobile,Paid Search,VIP,11,2,14,1.0
Beauty,33.76,1,Delivered,Apple Pay,Desktop,Paid Search,VIP,11,2,14,4.0
Home,413.01,2,Delivered,Google Pay,Desktop,Social,Returning,11,2,14,7.0
Electronics,388.05,1,Delivered,PayPal,Desktop,Email,VIP,11,2,14,2.0
Clothing,422.48,1,Delivered,PayPal,Tablet,Organic,Returning,11,2,14,7.0
Electronics,131.3,1,Delivered,Google Pay,Mobile,Paid Search,VIP,11,2,14,5.0
Electronics,422.09,1,Delivered,PayPal,Mobile,Email,Returning,11,3,14,6.0
Clothing,253.41,5,Delivered,PayPal,Mobile,Social,VIP,11,3,14,5.0
Toys,396.59,2,Delivered,Google Pay,Desktop,Paid Search,Returning,11,3,14,2.0
Home,481.37,1,Shipped,Apple Pay,Desktop,Email,Returning,11,3,14,6.0
Toys,23.52,1,Pending,Apple Pay,Desktop,Paid Search,Returning,11,3,14,7.0
Electronics,400.0,2,Delivered,Debit Card,Tablet,Social,VIP,11,3,14,7.0
Toys,5.66,4,Delivered,Debit Card,Mobile,Email,Returning,11,3,14,1.0
Books,251.38,6,Delivered,Google Pay,Mobile,Email,Returning,11,3,14,2.0
Toys,87.66,1,Shipped,Apple Pay,Tablet,Organic,VIP,11,3,14,2.0
Books,105.82,1,Delivered,PayPal,Tablet,Paid Search,VIP,11,3,14,6.0
Clothing,178.37,1,Delivered,Credit Card,Mobile,Email,VIP,11,3,14,3.0
Toys,242.78,1,Returned,Debit Card,Mobile,Social,VIP,11,3,14,5.0
Beauty,389.29,5,Delivered,PayPal,Desktop,Paid Search,VIP,11,3,14,4.0
Home,190.71,4,Delivered,Debit Card,Tablet,Email,Returning,11,3,14,4.0
Electronics,263.28,1,Delivered,Debit Card,Mobile,Email,VIP,11,3,14,4.0
Home,204.99,2,Delivered,Apple Pay,Mobile,Social,VIP,11,3,14,2.0
Beauty,267.51,1,Shipped,Credit Card,Desktop,Email,Returning,11,3,14,5.0
Electronics,313.2,3,Delivered,PayPal,Mobile,Organic,Returning,11,3,14,3.0
Home,193.93,2,Delivered,Apple Pay,Mobile,Social,VIP,11,3,14,2.0
Electronics,415.91,1,Delivered,Apple Pay,Tablet,Paid Search,Returning,11,3,14,4.0
Clothing,178.93,4,Delivered,Google Pay,Tablet,Email,New,11,3,14,6.0
Toys,319.31,5,Delivered,Credit Card,Mobile,Paid Search,VIP,11,3,14,1.0
Electronics,497.1,1,Returned,Credit Card,Tablet,Social,Returning,11,3,14,2.0
Electronics,137.11,1,Shipped,Debit Card,Tablet,Organic,VIP,11,3,14,1.0
Clothing,76.36,1,Delivered,Apple Pay,Desktop,Organic,Returning,11,3,14,7.0
Clothing,243.07,1,Returned,PayPal,Desktop,Organic,New,11,3,14,3.0
Books,342.75,1,Delivered,Apple Pay,Desktop,Email,Returning,11,3,14,6.0
Electronics,135.51,1,Delivered,Credit Card,Mobile,Email,VIP,11,3,14,1.0
Home,122.17,1,Delivered,Debit Card,Tablet,Email,Returning,11,3,14,7.0
Toys,197.22,1,Delivered,PayPal,Tablet,Social,Returning,11,3,14,5.0
Toys,94.68,3,Shipped,Apple Pay,Mobile,Social,Returning,11,3,14,3.0
Electronics,317.53,1,Delivered,Google Pay,Mobile,Organic,VIP,11,3,14,4.0
Electronics,134.09,1,Shipped,Credit Card,Mobile,Social,Returning,11,3,14,3.0
Books,225.54,3,Delivered,Apple Pay,Mobile,Social,Returning,11,3,14,1.0
Beauty,364.61,2,Returned,Credit Card,Tablet,Email,Returning,11,4,14,2.0
Clothing,126.78,2,Delivered,Apple Pay,Desktop,Organic,Returning,11,4,14,1.0
Electronics,290.38,1,Shipped,PayPal,Desktop,Paid Search,VIP,11,4,14,6.0
Toys,31.21,1,Delivered,Debit Card,Tablet,Organic,VIP,11,4,14,6.0
Electronics,258.7,2,Delivered,Debit Card,Tablet,Email,Returning,11,4,14,3.0
Electronics,380.42,5,Returned,Debit Card,Tablet,Organic,VIP,11,4,14,6.0
Electronics,333.68,1,Delivered,Google Pay,Mobile,Organic,Returning,11,4,14,3.0
Clothing,349.53,1,Delivered,Apple Pay,Mobile,Paid Search,Returning,11,4,14,4.0
Toys,204.78,1,Delivered,Credit Card,Tablet,Email,VIP,11,4,14,1.0
Electronics,64.76,1,Shipped,Credit Card,Mobile,Social,VIP,11,4,14,7.0
Clothing,235.81,1,Pending,Apple Pay,Desktop,Email,Returning,11,4,14,7.0
Clothing,311.45,1,Shipped,Credit Card,Mobile,Social,Returning,11,4,14,6.0
Home,448.17,4,Shipped,Credit Card,Tablet,Social,Returning,11,4,14,5.0
Electronics,286.94,3,Delivered,Credit Card,Mobile,Social,Returning,11,4,14,7.0
Home,105.6,2,Delivered,Debit Card,Tablet,Email,New,11,4,14,4.0
Electronics,262.4,2,Delivered,Google Pay,Desktop,Email,New,11,4,14,5.0
Toys,469.59,2,Delivered,Google Pay,Tablet,Paid Search,VIP,11,4,14,6.0
Beauty,193.27,1,Shipped,Google Pay,Desktop,Organic,VIP,11,4,14,5.0
Home,8.76,6,Delivered,Debit Card,Mobile,Paid Search,VIP,11,4,14,1.0
Home,75.58,1,Delivered,Debit Card,Desktop,Social,VIP,11,4,14,6.0
Beauty,275.01,1,Shipped,PayPal,Tablet,Email,VIP,11,4,14,7.0
Electronics,391.94,5,Pending,Google Pay,Desktop,Paid Search,VIP,11,4,14,7.0
Beauty,126.95,1,Delivered,Apple Pay,Desktop,Email,Returning,11,4,14,4.0
Electronics,12.1,4,Returned,PayPal,Desktop,Paid Search,VIP,11,4,14,4.0
Clothing,100.2,3,Delivered,Google Pay,Desktop,Social,VIP,11,4,14,7.0
Home,247.2,4,Returned,Apple Pay,Tablet,Social,Returning,11,4,14,2.0
Home,375.0,4,Shipped,Debit Card,Tablet,Email,VIP,11,5,14,6.0
Beauty,228.96,2,Delivered,Debit Card,Desktop,Email,VIP,11,5,14,2.0
Home,346.18,1,Shipped,Debit Card,Tablet,Social,Returning,11,5,14,6.0
Books,178.33,3,Delivered,Google Pay,Desktop,Organic,VIP,11,5,14,7.0
Books,196.77,1,Delivered,PayPal,Mobile,Email,VIP,11,5,14,7.0
Books,440.3,3,Delivered,PayPal,Tablet,Paid Search,Returning,11,5,14,1.0
Books,395.93,1,Delivered,Debit Card,Desktop,Paid Search,VIP,11,5,14,7.0
Books,263.2,1,Delivered,Apple Pay,Desktop,Email,VIP,11,5,14,2.0
Toys,461.24,1,Delivered,Apple Pay,Desktop,Social,VIP,11,5,14,3.0
Home,462.51,1,Shipped,PayPal,Desktop,Email,Returning,11,5,14,7.0
Beauty,177.03,3,Delivered,Google Pay,Mobile,Organic,VIP,11,5,14,7.0
Toys,400.96,6,Delivered,PayPal,Tablet,Paid Search,Returning,11,5,14,7.0
Electronics,350.54,2,Shipped,Apple Pay,Desktop,Organic,VIP,11,5,14,1.0
Home,390.57,1,Pending,Debit Card,Tablet,Paid Search,VIP,11,5,14,2.0
Beauty,220.94,3,Delivered,Credit Card,Desktop,Social,Returning,11,5,14,3.0
Home,32.32,3,Shipped,Google Pay,Desktop,Email,New,11,5,14,7.0
Home,102.04,1,Shipped,Apple Pay,Mobile,Email,Returning,11,5,14,7.0
Beauty,113.76,1,Delivered,PayPal,Tablet,Organic,VIP,11,5,14,6.0
Electronics,305.97,1,Returned,Google Pay,Desktop,Paid Search,Returning,11,5,14,4.0
Beauty,248.33,2,Delivered,Google Pay,Mobile,Social,Returning,11,5,14,1.0
Beauty,98.96,2,Delivered,Apple Pay,Tablet,Social,VIP,11,5,14,2.0
Beauty,35.75,1,Delivered,PayPal,Tablet,Social,New,11,5,14,3.0
Toys,63.37,1,Delivered,Google Pay,Mobile,Paid Search,VIP,11,5,14,4.0
Home,174.48,3,Delivered,Apple Pay,Desktop,Organic,Returning,11,5,14,6.0
Beauty,277.4,1,Pending,Google Pay,Desktop,Social,Returning,11,6,14,6.0
Clothing,432.38,1,Delivered,Debit Card,Mobile,Organic,Returning,11,6,14,7.0
Toys,284.2,1,Delivered,Credit Card,Tablet,Organic,Returning,11,6,14,2.0
Toys,168.77,1,Delivered,Credit Card,Desktop,Social,VIP,11,6,14,7.0
Toys,196.65,1,Delivered,Apple Pay,Desktop,Email,VIP,11,6,14,4.0
Electronics,103.23,5,Delivered,Credit Card,Tablet,Paid Search,New,11,6,14,7.0
Clothing,316.74,3,Delivered,Credit Card,Mobile,Organic,VIP,11,6,14,2.0
Books,464.91,4,Delivered,Credit Card,Mobile,Social,Returning,11,6,14,5.0
Home,385.51,1,Delivered,PayPal,Mobile,Organic,Returning,11,6,14,1.0
Beauty,297.61,3,Pending,PayPal,Desktop,Paid Search,Returning,11,6,14,1.0
Toys,499.63,1,Delivered,Apple Pay,Tablet,Email,Returning,11,6,14,1.0
Clothing,407.56,2,Delivered,Debit Card,Mobile,Social,VIP,11,6,14,4.0
Electronics,205.51,1,Delivered,Credit Card,Mobile,Paid Search,VIP,11,6,14,1.0
Beauty,375.93,4,Delivered,Credit Card,Mobile,Social,Returning,11,6,14,3.0
Beauty,400.04,2,Shipped,Google Pay,Tablet,Social,Returning,11,6,14,2.0
Toys,48.93,3,Shipped,Credit Card,Desktop,Paid Search,VIP,11,6,14,1.0
Electronics,387.12,1,Delivered,Credit Card,Tablet,Organic,VIP,11,6,14,2.0
Home,137.95,1,Delivered,Debit Card,Tablet,Paid Search,VIP,11,6,14,3.0
Books,89.56,1,Shipped,Credit Card,Tablet,Organic,VIP,11,6,14,5.0
Beauty,316.6,1,Delivered,Apple Pay,Mobile,Social,New,11,6,14,4.0
Home,67.79,2,Shipped,Credit Card,Mobile,Social,Returning,11,6,14,6.0
Home,401.28,2,Delivered,Credit Card,Tablet,Email,Returning,11,6,14,5.0
Electronics,328.27,1,Returned,PayPal,Tablet,Paid Search,VIP,11,6,14,4.0
Clothing,67.53,1,Shipped,Debit Card,Mobile,Paid Search,Returning,11,6,14,5.0
Electronics,247.38,1,Delivered,Google Pay,Tablet,Email,VIP,11,6,14,1.0
Beauty,437.29,1,Delivered,Debit Card,Tablet,Organic,VIP,11,6,14,7.0
Books,225.69,3,Shipped,Google Pay,Mobile,Social,Returning,11,6,14,2.0
Home,453.91,3,Delivered,Credit Card,Desktop,Paid Search,Returning,11,0,14,6.0
Beauty,12.9,4,Delivered,Apple Pay,Mobile,Paid Search,Returning,11,0,14,7.0
Clothing,428.51,1,Delivered,PayPal,Desktop,Organic,VIP,11,0,14,7.0
Books,36.89,1,Returned,Debit Card,Tablet,Organic,VIP,11,0,14,5.0
Electronics,170.25,1,Delivered,Google Pay,Mobile,Paid Search,VIP,11,0,14,4.0
Electronics,418.41,3,Delivered,Debit Card,Mobile,Email,VIP,11,0,14,6.0
Books,388.29,3,Delivered,Credit Card,Desktop,Social,VIP,11,0,14,4.0
Home,250.49,5,Delivered,Google Pay,Mobile,Organic,Returning,11,0,14,4.0
Home,416.45,3,Delivered,Credit Card,Desktop,Organic,VIP,11,0,14,4.0
Beauty,224.44,4,Delivered,Debit Card,Desktop,Organic,Returning,11,0,14,3.0
Toys,314.85,2,Delivered,PayPal,Mobile,Paid Search,New,11,0,14,3.0
Clothing,38.42,1,Delivered,PayPal,Tablet,Paid Search,Returning,11,0,14,7.0
Electronics,60.34,1,Delivered,Apple Pay,Mobile,Social,Returning,11,0,14,6.0
Clothing,235.96,7,Delivered,PayPal,Mobile,Organic,VIP,11,0,14,1.0
Books,253.58,1,Shipped,Apple Pay,Tablet,Paid Search,Returning,11,0,14,2.0
Clothing,308.06,1,Delivered,Debit Card,Mobile,Paid Search,VIP,11,0,14,6.0
Toys,312.32,2,Delivered,Google Pay,Tablet,Email,Returning,11,0,14,1.0
Beauty,296.18,2,Delivered,Google Pay,Tablet,Social,VIP,11,0,14,3.0
Beauty,128.78,4,Delivered,Credit Card,Mobile,Email,VIP,11,0,14,6.0
Electronics,102.95,1,Shipped,Debit Card,Tablet,Paid Search,VIP,11,0,14,7.0
Beauty,291.43,1,Delivered,Google Pay,Desktop,Organic,Returning,11,0,14,5.0
Books,108.28,3,Shipped,Debit Card,Desktop,Social,VIP,11,0,14,5.0
Home,105.43,1,Shipped,Credit Card,Tablet,Paid Search,Returning,11,0,14,3.0
Beauty,195.91,1,Delivered,PayPal,Tablet,Organic,VIP,11,0,14,2.0
Toys,216.65,1,Delivered,PayPal,Mobile,Organic,VIP,11,0,14,7.0
Clothing,210.93,3,Shipped,Credit Card,Tablet,Email,VIP,11,0,14,7.0
Beauty,437.43,3,Delivered,Debit Card,Tablet,Organic,VIP,11,0,14,4.0
Beauty,479.68,1,Shipped,Apple Pay,Desktop,Paid Search,Returning,11,0,14,2.0
Home,296.65,2,Delivered,Google Pay,Desktop,Social,Returning,11,1,14,7.0
Home,103.44,1,Shipped,Google Pay,Tablet,Organic,VIP,11,1,14,7.0
Beauty,150.47,1,Shipped,Credit Card,Tablet,Organic,Returning,11,1,14,5.0
Toys,386.86,1,Delivered,Credit Card,Mobile,Email,VIP,11,1,14,2.0
Home,177.33,2,Returned,PayPal,Desktop,Social,VIP,11,1,14,2.0
Clothing,219.83,1,Delivered,PayPal,Mobile,Paid Search,VIP,11,1,14,6.0
Toys,97.46,3,Delivered,Apple Pay,Desktop,Social,VIP,11,1,14,4.0
Home,233.4,1,Delivered,Debit Card,Tablet,Email,VIP,11,1,14,6.0
Books,299.93,2,Shipped,PayPal,Mobile,Organic,Returning,11,1,14,7.0
Home,297.18,2,Delivered,Debit Card,Desktop,Organic,Returning,11,1,14,5.0
Toys,442.14,1,Delivered,Credit Card,Mobile,Paid Search,New,11,1,14,7.0
Home,373.87,4,Shipped,Apple Pay,Tablet,Organic,VIP,11,1,14,6.0
Books,130.4,1,Delivered,Apple Pay,Tablet,Email,Returning,11,1,14,1.0
Books,114.58,1,Delivered,Apple Pay,Tablet,Paid Search,VIP,11,1,14,4.0
Clothing,6.84,1,Shipped,Google Pay,Mobile,Email,Returning,11,1,14,3.0
Electronics,475.47,2,Delivered,Credit Card,Desktop,Social,Returning,11,1,14,7.0
Electronics,273.66,1,Delivered,Apple Pay,Tablet,Paid Search,New,11,1,14,2.0
Home,177.65,2,Delivered,PayPal,Tablet,Email,VIP,11,1,14,4.0
Clothing,258.4,1,Delivered,Debit Card,Tablet,Organic,Returning,11,1,14,5.0
Electronics,369.27,3,Delivered,PayPal,Mobile,Paid Search,Returning,11,1,14,4.0
Toys,244.9,3,Delivered,Credit Card,Desktop,Social,VIP,11,1,14,2.0
Beauty,337.57,2,Shipped,Apple Pay,Desktop,Paid Search,Returning,11,1,14,3.0
Beauty,419.6,1,Delivered,Apple Pay,Desktop,Paid Search,Returning,11,1,14,4.0
Electronics,100.77,3,Delivered,PayPal,Desktop,Social,New,11,1,14,5.0
Toys,283.66,3,Delivered,PayPal,Desktop,Organic,VIP,11,1,14,3.0
Electronics,224.17,1,Delivered,Credit Card,Desktop,Email,Returning,11,1,14,3.0
Toys,376.68,3,Delivered,Credit Card,Mobile,Social,Returning,11,1,14,1.0
Electronics,305.75,2,Delivered,PayPal,Desktop,Paid Search,VIP,11,1,14,2.0
Home,452.6,2,Delivered,Google Pay,Tablet,Social,VIP,11,1,14,1.0
Electronics,11.77,1,Delivered,Credit Card,Mobile,Organic,VIP,11,1,14,6.0
Books,145.72,1,Delivered,Debit Card,Mobile,Social,Returning,11,1,14,6.0
Beauty,473.65,2,Delivered,Google Pay,Desktop,Organic,Returning,11,1,14,7.0
Electronics,152.78,3,Delivered,Credit Card,Mobile,Email,Returning,11,1,14,5.0
Home,217.91,2,Delivered,Debit Card,Tablet,Organic,Returning,11,1,14,2.0
Toys,206.48,5,Delivered,Credit Card,Tablet,Organic,VIP,11,1,14,1.0
Home,324.01,1,Delivered,Debit Card,Tablet,Paid Search,VIP,11,2,14,2.0
Home,322.55,1,Delivered,PayPal,Tablet,Email,VIP,11,2,14,4.0
Home,52.57,1,Shipped,Debit Card,Tablet,Organic,Returning,11,2,14,3.0
Toys,494.1,1,Delivered,Apple Pay,Desktop,Organic,VIP,11,2,14,4.0
Toys,324.89,2,Shipped,Debit Card,Tablet,Email,VIP,11,2,14,1.0
Home,233.49,2,Delivered,PayPal,Tablet,Paid Search,VIP,11,2,14,5.0
Home,358.22,2,Delivered,Credit Card,Desktop,Paid Search,VIP,11,2,14,7.0
Beauty,391.16,2,Pending,Apple Pay,Desktop,Email,VIP,11,2,14,1.0
Books,432.88,1,Delivered,Debit Card,Mobile,Organic,Returning,11,2,14,2.0
Clothing,265.69,3,Delivered,Debit Card,Mobile,Paid Search,VIP,11,2,14,3.0
Home,248.75,2,Delivered,PayPal,Mobile,Email,Returning,11,2,14,3.0
Books,46.64,2,Delivered,Credit Card,Desktop,Email,VIP,11,2,14,7.0
Electronics,48.22,3,Delivered,Credit Card,Desktop,Email,New,11,2,14,3.0
Toys,480.01,4,Delivered,Credit Card,Mobile,Social,Returning,11,2,14,1.0
Toys,192.45,1,Delivered,PayPal,Mobile,Paid Search,VIP,11,2,14,6.0
Home,284.17,4,Delivered,Google Pay,Mobile,Paid Search,New,11,2,14,1.0
Electronics,471.92,1,Shipped,Debit Card,Mobile,Paid Search,Returning,11,2,14,7.0
Electronics,25.31,3,Delivered,Google Pay,Desktop,Paid Search,Returning,11,2,14,5.0
Books,494.72,2,Returned,Debit Card,Desktop,Social,Returning,11,2,14,4.0
Clothing,414.61,4,Delivered,PayPal,Mobile,Email,Returning,11,2,14,6.0
Electronics,11.58,2,Delivered,Credit Card,Mobile,Social,Returning,11,2,14,7.0
Home,485.94,1,Delivered,Credit Card,Desktop,Organic,VIP,11,2,14,1.0
Electronics,92.67,1,Delivered,PayPal,Desktop,Paid Search,Returning,11,2,14,1.0
Beauty,125.07,3,Delivered,PayPal,Desktop,Social,VIP,11,2,14,7.0
Books,247.02,2,Delivered,Debit Card,Tablet,Social,Returning,11,2,14,4.0
Clothing,252.9,3,Shipped,Debit Card,Mobile,Organic,VIP,11,2,14,3.0
Books,6.29,1,Delivered,Credit Card,Mobile,Organic,New,11,2,14,2.0
Toys,347.62,9,Delivered,Google Pay,Mobile,Paid Search,VIP,11,2,14,2.0
Home,434.05,1,Shipped,Debit Card,Desktop,Paid Search,VIP,11,2,14,7.0
Electronics,377.85,3,Returned,PayPal,Mobile,Organic,VIP,11,2,14,3.0
Books,393.83,1,Returned,PayPal,Tablet,Social,Returning,11,2,14,2.0
Toys,430.31,2,Shipped,PayPal,Mobile,Social,Returning,11,2,14,3.0
Clothing,273.17,1,Shipped,PayPal,Desktop,Email,Returning,11,2,14,2.0
Clothing,164.14,4,Shipped,Debit Card,Desktop,Organic,Returning,11,3,14,5.0
Home,99.66,1,Returned,Apple Pay,Mobile,Social,Returning,11,3,14,2.0
Beauty,180.58,1,Shipped,Debit Card,Tablet,Email,VIP,11,3,14,5.0
Electronics,438.43,4,Delivered,Credit Card,Mobile,Social,VIP,11,3,14,3.0
Beauty,87.28,2,Shipped,Debit Card,Tablet,Social,Returning,11,3,14,6.0
Books,207.6,2,Delivered,Debit Card,Mobile,Social,Returning,11,3,14,2.0
Toys,465.82,2,Delivered,Debit Card,Tablet,Organic,VIP,11,3,14,1.0
Electronics,407.97,1,Delivered,Credit Card,Tablet,Paid Search,VIP,11,3,14,4.0
Home,224.85,1,Delivered,Apple Pay,Mobile,Organic,Returning,11,3,14,2.0
Home,71.8,3,Delivered,Apple Pay,Tablet,Email,VIP,11,3,14,3.0
Electronics,135.44,6,Delivered,Debit Card,Desktop,Email,VIP,11,3,14,4.0
Electronics,355.29,1,Delivered,Apple Pay,Tablet,Social,Returning,11,3,14,7.0
Beauty,105.26,1,Shipped,Credit Card,Tablet,Paid Search,Returning,11,3,14,5.0
Electronics,240.18,2,Delivered,Credit Card,Mobile,Email,VIP,11,3,14,7.0
Electronics,304.94,4,Delivered,Apple Pay,Desktop,Organic,Returning,11,3,14,4.0
Books,341.57,1,Delivered,Debit Card,Mobile,Paid Search,New,11,3,14,1.0
Home,372.54,1,Delivered,Google Pay,Mobile,Paid Search,VIP,11,3,14,5.0
Clothing,203.09,1,Delivered,Debit Card,Tablet,Paid Search,New,11,3,14,3.0
Toys,375.4,4,Delivered,Apple Pay,Desktop,Email,Returning,11,3,14,5.0
Beauty,201.14,2,Delivered,PayPal,Desktop,Email,Returning,11,3,14,6.0
Books,382.97,4,Delivered,PayPal,Tablet,Paid Search,VIP,11,3,14,1.0
Home,344.39,2,Delivered,Google Pay,Tablet,Social,New,11,3,14,4.0
Home,238.97,1,Delivered,Google Pay,Desktop,Paid Search,VIP,11,3,14,3.0
Beauty,29.53,3,Returned,PayPal,Mobile,Organic,VIP,11,3,14,7.0
Books,293.21,1,Delivered,Google Pay,Desktop,Organic,Returning,11,3,14,2.0
Clothing,376.43,1,Delivered,Google Pay,Desktop,Social,Returning,11,3,14,7.0
Books,334.83,2,Delivered,PayPal,Mobile,Social,VIP,11,3,14,6.0
Electronics,88.09,1,Shipped,Debit Card,Tablet,Paid Search,Returning,11,3,14,4.0
Home,121.14,2,Delivered,Credit Card,Desktop,Social,Returning,11,3,14,5.0
Electronics,487.67,1,Delivered,Debit Card,Mobile,Organic,VIP,11,3,14,2.0
Home,354.82,3,Delivered,Apple Pay,Tablet,Paid Search,VIP,11,3,14,5.0
Toys,246.98,1,Delivered,Credit Card,Desktop,Paid Search,VIP,11,4,14,4.0
Clothing,293.45,4,Delivered,PayPal,Desktop,Email,Returning,11,4,14,7.0
Home,251.27,2,Delivered,Credit Card,Tablet,Email,Returning,11,4,14,2.0
Beauty,176.07,2,Delivered,Debit Card,Mobile,Social,VIP,11,4,14,6.0
Beauty,98.24,2,Delivered,Google Pay,Desktop,Organic,VIP,11,4,14,4.0
Electronics,468.37,1,Delivered,PayPal,Desktop,Social,VIP,11,4,14,7.0
Beauty,189.32,3,Delivered,Apple Pay,Tablet,Social,VIP,11,4,14,1.0
Toys,280.01,3,Delivered,Google Pay,Tablet,Paid Search,Returning,11,4,14,1.0
Books,301.97,3,Delivered,Apple Pay,Tablet,Organic,Returning,11,4,14,7.0
Clothing,487.05,2,Delivered,Credit Card,Mobile,Organic,VIP,11,4,14,3.0
Home,193.23,3,Delivered,PayPal,Tablet,Paid Search,Returning,11,4,14,3.0
Beauty,278.48,2,Delivered,Debit Card,Desktop,Email,Returning,11,4,14,5.0
Clothing,174.78,1,Delivered,Debit Card,Tablet,Paid Search,VIP,11,4,14,1.0
Books,251.36,1,Delivered,PayPal,Tablet,Paid Search,New,11,4,14,2.0
Books,233.73,3,Delivered,Credit Card,Desktop,Organic,Returning,11,4,14,2.0
Home,403.56,1,Shipped,Credit Card,Desktop,Organic,VIP,11,4,14,5.0
Books,357.6,1,Shipped,Apple Pay,Desktop,Social,VIP,11,4,14,6.0
Electronics,439.1,1,Delivered,Google Pay,Tablet,Social,Returning,11,4,14,2.0
Electronics,116.02,3,Shipped,Apple Pay,Tablet,Social,Returning,11,4,14,5.0
Books,397.15,1,Pending,Debit Card,Desktop,Organic,VIP,11,4,14,6.0
Beauty,36.25,2,Shipped,Google Pay,Desktop,Organic,VIP,11,4,14,6.0
Home,355.47,1,Delivered,Debit Card,Tablet,Paid Search,Returning,11,4,14,6.0
Beauty,167.62,2,Delivered,Apple Pay,Tablet,Organic,VIP,11,4,14,2.0
Home,222.5,1,Delivered,PayPal,Mobile,Organic,VIP,11,4,14,7.0
Beauty,366.14,1,Delivered,Google Pay,Desktop,Paid Search,VIP,11,4,14,4.0
Clothing,356.27,1,Delivered,Credit Card,Tablet,Social,VIP,11,4,14,3.0
Home,234.88,3,Delivered,Credit Card,Tablet,Organic,Returning,11,4,14,1.0
Toys,30.14,1,Delivered,Google Pay,Desktop,Paid Search,VIP,11,4,14,2.0
Beauty,450.86,2,Delivered,PayPal,Mobile,Social,VIP,11,4,14,3.0
Beauty,233.62,1,Delivered,Apple Pay,Tablet,Social,Returning,11,4,14,3.0
Home,34.66,2,Delivered,PayPal,Tablet,Social,VIP,11,4,14,2.0
Home,64.54,1,Shipped,PayPal,Mobile,Paid Search,VIP,11,4,14,1.0
Clothing,158.87,5,Shipped,Google Pay,Desktop,Social,Returning,11,4,14,6.0
Home,305.15,3,Pending,Debit Card,Mobile,Organic,Returning,11,5,14,3.0
Books,71.37,5,Delivered,Google Pay,Mobile,Organic,VIP,11,5,14,4.0
Clothing,95.15,2,Delivered,PayPal,Desktop,Paid Search,Returning,11,5,14,5.0
Home,472.89,1,Delivered,Apple Pay,Mobile,Email,VIP,11,5,14,7.0
Home,18.64,3,Delivered,PayPal,Mobile,Social,VIP,11,5,14,5.0
Books,254.3,3,Delivered,Google Pay,Tablet,Social,VIP,11,5,14,1.0
Books,336.08,1,Shipped,Apple Pay,Tablet,Email,VIP,11,5,14,5.0
Clothing,77.96,1,Delivered,Apple Pay,Mobile,Organic,New,11,5,14,1.0
Electronics,422.73,1,Delivered,Google Pay,Tablet,Email,VIP,11,5,14,1.0
Books,56.42,1,Returned,Apple Pay,Tablet,Organic,New,11,5,14,1.0
Books,449.56,4,Delivered,PayPal,Mobile,Email,New,11,5,14,7.0
Toys,146.88,4,Returned,Google Pay,Mobile,Paid Search,Returning,11,5,14,5.0
Toys,227.63,3,Delivered,Apple Pay,Mobile,Organic,Returning,11,5,14,1.0
Electronics,141.2,2,Delivered,PayPal,Mobile,Organic,Returning,11,5,14,2.0
Beauty,195.4,2,Delivered,Apple Pay,Mobile,Paid Search,New,11,5,14,1.0
Clothing,341.12,3,Delivered,Apple Pay,Desktop,Paid Search,VIP,11,5,14,1.0
Home,90.64,2,Delivered,Credit Card,Mobile,Paid Search,Returning,11,5,14,5.0
Clothing,263.66,1,Delivered,Apple Pay,Mobile,Organic,VIP,11,5,14,7.0
Home,328.54,3,Pending,Credit Card,Tablet,Social,VIP,11,5,14,7.0
Toys,66.06,1,Delivered,Apple Pay,Mobile,Social,VIP,11,5,14,3.0
Toys,24.46,5,Delivered,Apple Pay,Tablet,Social,VIP,11,5,14,5.0
Home,153.35,1,Delivered,Debit Card,Tablet,Social,Returning,11,5,14,7.0
Clothing,417.95,1,Delivered,Google Pay,Tablet,Paid Search,Returning,11,5,14,1.0
Home,121.4,2,Delivered,Debit Card,Mobile,Email,VIP,11,5,14,4.0
Toys,442.13,1,Delivered,Google Pay,Desktop,Social,VIP,11,5,14,6.0
Electronics,120.56,1,Returned,Apple Pay,Tablet,Social,Returning,11,5,14,2.0
Clothing,214.55,1,Delivered,Debit Card,Desktop,Social,VIP,11,5,14,1.0
Home,309.19,2,Delivered,Apple Pay,Tablet,Email,VIP,11,5,14,3.0
Beauty,163.24,4,Delivered,Apple Pay,Mobile,Social,VIP,11,5,14,3.0
Clothing,436.48,1,Delivered,Apple Pay,Desktop,Email,Returning,11,5,14,3.0
Books,20.64,2,Shipped,Debit Card,Tablet,Email,Returning,11,5,14,7.0
Beauty,306.45,1,Returned,Apple Pay,Mobile,Organic,Returning,11,6,14,5.0
Clothing,101.41,2,Delivered,PayPal,Tablet,Social,VIP,11,6,14,1.0
Toys,370.7,4,Shipped,Apple Pay,Desktop,Email,Returning,11,6,14,5.0
Clothing,6.53,2,Delivered,PayPal,Mobile,Paid Search,Returning,11,6,14,6.0
Electronics,125.6,3,Delivered,PayPal,Mobile,Social,Returning,11,6,14,1.0
Clothing,217.26,2,Delivered,PayPal,Mobile,Social,VIP,11,6,14,2.0
Books,256.42,2,Shipped,PayPal,Tablet,Paid Search,VIP,11,6,14,3.0
Books,345.01,1,Shipped,Credit Card,Desktop,Organic,Returning,11,6,14,1.0
Electronics,385.48,2,Shipped,Credit Card,Mobile,Email,VIP,11,6,14,4.0
Toys,162.38,4,Delivered,Google Pay,Mobile,Email,VIP,11,6,14,1.0
Beauty,60.25,1,Pending,PayPal,Tablet,Social,Returning,11,6,14,7.0
Books,234.64,4,Delivered,Credit Card,Tablet,Social,Returning,11,6,14,5.0
Clothing,8.8,2,Delivered,Apple Pay,Tablet,Social,VIP,11,6,14,2.0
Electronics,134.21,2,Delivered,PayPal,Tablet,Paid Search,Returning,11,6,14,7.0
Beauty,327.51,1,Delivered,Debit Card,Tablet,Social,VIP,11,6,14,2.0
Beauty,261.21,1,Pending,Apple Pay,Desktop,Organic,VIP,11,6,14,3.0
Clothing,298.62,5,Delivered,Apple Pay,Mobile,Organic,Returning,11,6,14,2.0
Toys,456.37,1,Shipped,Apple Pay,Mobile,Social,VIP,11,6,14,1.0
Clothing,97.7,5,Shipped,Credit Card,Desktop,Email,Returning,11,6,14,2.0
Electronics,34.09,3,Delivered,PayPal,Desktop,Paid Search,VIP,11,6,14,4.0
Electronics,124.46,3,Delivered,Debit Card,Tablet,Organic,VIP,11,6,14,6.0
Electronics,461.46,3,Delivered,Credit Card,Desktop,Email,Returning,11,6,14,5.0
Clothing,293.66,1,Delivered,Apple Pay,Tablet,Social,VIP,11,6,14,2.0
Books,185.87,2,Delivered,PayPal,Tablet,Paid Search,VIP,11,6,14,1.0
Clothing,410.26,1,Delivered,Apple Pay,Mobile,Paid Search,VIP,11,6,14,4.0
Electronics,188.91,1,Pending,Apple Pay,Desktop,Email,VIP,11,6,14,6.0
Electronics,181.61,2,Returned,Google Pay,Desktop,Paid Search,Returning,11,6,14,7.0
Electronics,347.36,3,Delivered,Apple Pay,Desktop,Organic,VIP,11,6,14,7.0
Home,355.56,2,Delivered,PayPal,Mobile,Paid Search,Returning,11,6,14,6.0
Clothing,423.31,3,Delivered,Google Pay,Tablet,Email,VIP,11,6,14,3.0
Home,410.25,4,Delivered,Apple Pay,Mobile,Paid Search,VIP,11,0,14,7.0
Electronics,91.51,1,Returned,Apple Pay,Mobile,Email,VIP,11,0,14,6.0
Clothing,232.14,1,Returned,Credit Card,Tablet,Organic,VIP,11,0,14,6.0
Books,206.44,4,Delivered,Debit Card,Desktop,Email,VIP,11,0,14,4.0
Home,136.18,1,Delivered,Apple Pay,Tablet,Social,Returning,11,0,14,2.0
Books,320.8,3,Shipped,Debit Card,Desktop,Paid Search,New,11,0,14,6.0
Clothing,355.05,2,Delivered,Apple Pay,Mobile,Email,VIP,11,0,14,7.0
Books,330.44,2,Shipped,PayPal,Mobile,Paid Search,VIP,11,0,14,1.0
Home,490.68,2,Delivered,PayPal,Desktop,Organic,Returning,11,0,14,1.0
Electronics,433.45,1,Delivered,Debit Card,Tablet,Paid Search,VIP,11,0,14,3.0
Home,69.25,1,Shipped,PayPal,Tablet,Social,VIP,11,0,14,5.0
Home,250.3,2,Delivered,Credit Card,Tablet,Email,VIP,11,0,14,4.0
Toys,134.65,3,Delivered,Debit Card,Mobile,Paid Search,VIP,11,0,14,7.0
Electronics,267.22,3,Delivered,Google Pay,Desktop,Paid Search,Returning,11,0,14,6.0
Beauty,329.43,1,Delivered,Apple Pay,Tablet,Email,VIP,11,0,14,4.0
Home,323.2,2,Delivered,PayPal,Mobile,Organic,VIP,11,0,14,1.0
Beauty,289.38,4,Delivered,Google Pay,Tablet,Social,Returning,11,0,14,5.0
Electronics,363.51,1,Shipped,Debit Card,Desktop,Social,VIP,11,0,14,3.0
Toys,171.17,1,Returned,Apple Pay,Tablet,Paid Search,VIP,11,0,14,6.0
Electronics,432.42,1,Delivered,PayPal,Desktop,Paid Search,VIP,11,0,14,2.0
Toys,114.91,1,Shipped,Apple Pay,Tablet,Paid Search,New,11,0,14,7.0
Beauty,49.97,2,Returned,PayPal,Mobile,Paid Search,VIP,11,0,14,1.0
Clothing,272.2,1,Delivered,PayPal,Tablet,Paid Search,VIP,11,0,14,6.0
Toys,153.49,1,Delivered,Credit Card,Mobile,Social,Returning,11,0,14,2.0
Beauty,77.8,1,Delivered,Apple Pay,Mobile,Email,VIP,11,0,14,3.0
Beauty,75.31,3,Delivered,Debit Card,Mobile,Social,Returning,11,0,14,6.0
Books,236.05,2,Returned,Apple Pay,Mobile,Paid Search,Returning,11,0,14,1.0
Electronics,452.78,2,Shipped,PayPal,Desktop,Paid Search,Returning,11,0,14,7.0
Beauty,402.6,3,Returned,Credit Card,Desktop,Paid Search,VIP,11,0,14,6.0
Books,178.04,1,Returned,Google Pay,Mobile,Paid Search,New,11,0,14,2.0
Clothing,93.62,4,Shipped,PayPal,Tablet,Paid Search,Returning,11,1,14,3.0
Toys,71.5,2,Delivered,Credit Card,Mobile,Paid Search,VIP,11,1,14,2.0
Books,160.58,1,Shipped,PayPal,Mobile,Social,Returning,11,1,14,3.0
Clothing,238.4,1,Delivered,Apple Pay,Tablet,Organic,VIP,11,1,14,5.0
Toys,335.31,1,Shipped,Debit Card,Desktop,Organic,VIP,11,1,14,2.0
Beauty,373.52,4,Delivered,Google Pay,Tablet,Social,Returning,11,1,14,5.0
Clothing,488.83,5,Delivered,Debit Card,Tablet,Email,Returning,11,1,14,6.0
Toys,400.38,3,Shipped,Google Pay,Desktop,Email,VIP,11,1,14,6.0
Beauty,305.82,1,Delivered,PayPal,Desktop,Paid Search,VIP,11,1,14,2.0
Electronics,444.83,3,Shipped,Credit Card,Mobile,Social,VIP,11,1,14,3.0
Toys,203.24,3,Delivered,Google Pay,Desktop,Email,Returning,11,1,14,5.0
Books,359.54,1,Delivered,Credit Card,Desktop,Social,VIP,11,1,14,5.0
Books,184.52,4,Pending,PayPal,Mobile,Social,Returning,11,1,14,2.0
Home,180.92,3,Delivered,Google Pay,Tablet,Paid Search,VIP,11,1,14,2.0
Electronics,488.36,1,Delivered,PayPal,Tablet,Social,VIP,11,1,14,7.0
Electronics,254.64,2,Shipped,Google Pay,Desktop,Social,Returning,11,1,14,5.0
Home,228.18,2,Delivered,PayPal,Mobile,Email,Returning,11,1,14,2.0
Electronics,54.43,1,Returned,Google Pay,Tablet,Organic,Returning,11,1,14,5.0
Books,141.82,1,Delivered,PayPal,Mobile,Paid Search,Returning,11,1,14,4.0
Electronics,96.82,2,Delivered,Apple Pay,Tablet,Paid Search,VIP,11,1,14,5.0
Electronics,251.32,2,Delivered,Google Pay,Tablet,Paid Search,Returning,11,1,14,6.0
Clothing,301.03,1,Delivered,Google Pay,Desktop,Social,VIP,11,1,14,3.0
Clothing,336.34,2,Shipped,Credit Card,Desktop,Organic,VIP,11,1,14,6.0
Toys,211.42,1,Delivered,Apple Pay,Desktop,Organic,VIP,11,1,14,4.0
Beauty,393.77,4,Shipped,PayPal,Desktop,Paid Search,VIP,11,2,14,2.0
Books,51.65,3,Delivered,Debit Card,Tablet,Paid Search,Returning,11,2,14,6.0
Home,267.99,4,Shipped,PayPal,Tablet,Email,New,11,2,14,6.0
Clothing,336.32,2,Delivered,Google Pay,Tablet,Social,VIP,11,2,14,6.0
Electronics,49.55,1,Delivered,Apple Pay,Mobile,Paid Search,Returning,11,2,14,3.0
Toys,320.85,4,Delivered,Apple Pay,Mobile,Social,VIP,11,2,14,5.0
Clothing,364.32,2,Returned,Debit Card,Desktop,Paid Search,VIP,11,2,14,2.0
Home,361.51,1,Delivered,Credit Card,Desktop,Organic,Returning,11,2,14,1.0
Clothing,406.97,1,Delivered,Debit Card,Mobile,Social,Returning,11,2,14,6.0
Home,122.65,2,Pending,PayPal,Mobile,Paid Search,VIP,11,2,14,7.0
Toys,189.88,1,Shipped,Apple Pay,Desktop,Social,VIP,11,2,14,1.0
Electronics,212.91,5,Pending,PayPal,Desktop,Social,Returning,11,2,14,4.0
Electronics,277.43,3,Delivered,Apple Pay,Mobile,Social,Returning,11,2,14,5.0
Toys,247.29,3,Delivered,Credit Card,Desktop,Social,Returning,11,2,14,4.0
Home,446.09,2,Delivered,PayPal,Mobile,Organic,Returning,11,2,14,7.0
Clothing,426.71,1,Shipped,Google Pay,Mobile,Social,New,11,2,14,1.0
Books,245.91,1,Delivered,Google Pay,Desktop,Email,VIP,11,2,14,3.0
Beauty,16.76,1,Delivered,Google Pay,Desktop,Email,VIP,11,2,14,7.0
Electronics,109.61,2,Delivered,Credit Card,Tablet,Email,VIP,11,2,14,6.0
Beauty,100.6,3,Shipped,PayPal,Desktop,Paid Search,VIP,11,2,14,2.0
Books,17.88,2,Delivered,Apple Pay,Mobile,Social,VIP,11,2,14,5.0
Toys,272.45,1,Delivered,Apple Pay,Tablet,Email,VIP,11,2,14,3.0
Home,459.12,2,Delivered,Apple Pay,Mobile,Paid Search,VIP,11,2,14,4.0
Electronics,13.95,3,Delivered,Credit Card,Mobile,Organic,New,11,2,14,5.0
Toys,212.5,3,Delivered,Debit Card,Desktop,Organic,VIP,11,2,14,5.0
Clothing,378.78,4,Delivered,Debit Card,Mobile,Organic,Returning,11,2,14,5.0
Books,210.77,4,Delivered,Apple Pay,Desktop,Organic,VIP,11,2,14,5.0
Clothing,108.63,1,Pending,PayPal,Desktop,Organic,VIP,11,2,14,1.0
Clothing,233.08,4,Pending,Google Pay,Tablet,Paid Search,VIP,11,2,14,7.0
Beauty,201.43,1,Delivered,Credit Card,Mobile,Paid Search,Returning,11,2,14,1.0
Toys,413.89,1,Delivered,Apple Pay,Mobile,Paid Search,VIP,11,2,14,1.0
Books,404.27,1,Delivered,Debit Card,Tablet,Social,VIP,11,3,14,4.0
Home,438.55,2,Delivered,Google Pay,Desktop,Email,Returning,11,3,14,1.0
Electronics,335.74,2,Delivered,Apple Pay,Desktop,Email,VIP,11,3,14,5.0
Toys,27.15,1,Returned,Apple Pay,Tablet,Organic,Returning,11,3,14,2.0
Home,130.61,1,Delivered,PayPal,Tablet,Social,New,11,3,14,5.0
Beauty,234.92,1,Delivered,Debit Card,Desktop,Organic,Returning,11,3,14,5.0
Electronics,186.24,1,Pending,Google Pay,Mobile,Organic,Returning,11,3,14,5.0
Toys,241.28,3,Delivered,PayPal,Tablet,Organic,VIP,11,3,14,7.0
Beauty,52.85,2,Returned,PayPal,Tablet,Organic,Returning,11,3,14,6.0
Clothing,8.76,2,Delivered,Credit Card,Desktop,Social,VIP,11,3,14,5.0
Toys,392.23,1,Delivered,Apple Pay,Mobile,Social,VIP,11,3,14,3.0
Books,213.79,1,Delivered,Apple Pay,Tablet,Email,VIP,11,3,14,4.0
Beauty,28.16,1,Delivered,Credit Card,Desktop,Paid Search,Returning,11,3,14,5.0
Beauty,285.18,4,Shipped,PayPal,Desktop,Paid Search,Returning,11,3,14,6.0
Toys,160.93,2,Shipped,Google Pay,Mobile,Paid Search,Returning,11,3,14,3.0
Toys,469.52,3,Returned,Debit Card,Mobile,Organic,VIP,11,4,14,5.0
Books,51.67,1,Delivered,Google Pay,Desktop,Email,New,11,4,14,7.0
Home,327.59,3,Returned,Apple Pay,Tablet,Email,VIP,11,4,14,5.0
Beauty,393.25,1,Delivered,PayPal,Desktop,Email,VIP,11,4,14,2.0
Clothing,65.37,4,Delivered,Debit Card,Tablet,Organic,Returning,11,4,14,2.0
Books,284.58,2,Delivered,Credit Card,Desktop,Organic,VIP,11,4,14,3.0
Electronics,39.92,2,Delivered,Google Pay,Tablet,Email,VIP,11,4,14,7.0
Electronics,407.1,1,Returned,Google Pay,Mobile,Email,New,11,4,14,1.0
Beauty,430.59,1,Delivered,Credit Card,Desktop,Email,VIP,11,4,14,5.0
Beauty,119.34,1,Delivered,Credit Card,Desktop,Organic,Returning,11,4,14,4.0
Toys,250.18,2,Delivered,PayPal,Desktop,Social,VIP,11,4,14,5.0
Electronics,368.99,2,Shipped,Apple Pay,Tablet,Social,New,11,4,14,3.0
Home,184.0,2,Delivered,Apple Pay,Tablet,Social,Returning,11,4,14,7.0
Beauty,219.95,2,Returned,PayPal,Desktop,Email,New,11,4,14,4.0
Books,204.46,1,Shipped,Debit Card,Desktop,Paid Search,VIP,11,4,14,2.0
Clothing,470.39,5,Delivered,Apple Pay,Desktop,Paid Search,VIP,11,4,14,3.0
Beauty,306.65,3,Delivered,PayPal,Desktop,Paid Search,VIP,11,4,14,3.0
Beauty,371.01,5,Delivered,Apple Pay,Tablet,Social,VIP,11,4,14,7.0
Electronics,487.03,4,Pending,Apple Pay,Tablet,Social,VIP,11,4,14,5.0
Toys,242.59,2,Shipped,Credit Card,Tablet,Organic,VIP,11,4,14,6.0
Electronics,465.27,3,Delivered,PayPal,Mobile,Organic,Returning,11,4,14,6.0
Home,157.85,1,Delivered,Debit Card,Tablet,Paid Search,VIP,11,4,14,2.0
Beauty,111.36,2,Pending,PayPal,Desktop,Social,VIP,11,4,14,4.0
Clothing,176.98,2,Delivered,Google Pay,Desktop,Social,Returning,11,4,14,3.0
Home,363.15,2,Delivered,Credit Card,Desktop,Paid Search,Returning,11,4,14,3.0
Clothing,309.55,3,Shipped,Debit Card,Desktop,Paid Search,Returning,11,4,14,7.0
Toys,83.04,1,Shipped,Apple Pay,Desktop,Social,VIP,11,4,14,2.0
Beauty,65.69,3,Shipped,Credit Card,Tablet,Paid Search,VIP,11,4,14,2.0
Books,305.95,2,Delivered,Credit Card,Tablet,Social,Returning,11,4,14,5.0
Home,83.97,5,Shipped,PayPal,Tablet,Organic,Returning,11,4,14,3.0
Books,398.29,2,Delivered,Apple Pay,Tablet,Organic,Returning,11,4,14,1.0
Books,37.99,1,Delivered,Google Pay,Tablet,Email,New,11,4,14,4.0
Electronics,344.54,2,Delivered,Credit Card,Desktop,Email,Returning,11,4,14,5.0
Books,14.46,3,Delivered,Apple Pay,Tablet,Email,Returning,11,5,14,1.0
Books,30.99,1,Delivered,Apple Pay,Desktop,Email,VIP,11,5,14,4.0
Home,11.32,1,Delivered,Google Pay,Tablet,Social,VIP,11,5,14,6.0
Home,32.65,2,Pending,PayPal,Desktop,Paid Search,VIP,11,5,14,3.0
Toys,421.32,1,Delivered,Debit Card,Mobile,Organic,VIP,11,5,14,2.0
Home,454.91,1,Delivered,Debit Card,Desktop,Social,VIP,11,5,14,4.0
Home,367.71,3,Delivered,Credit Card,Desktop,Organic,VIP,11,5,14,6.0
Books,464.85,1,Delivered,PayPal,Desktop,Paid Search,Returning,11,5,14,7.0
Toys,405.48,2,Delivered,Google Pay,Desktop,Email,VIP,11,5,14,1.0
Electronics,190.51,2,Delivered,PayPal,Tablet,Email,VIP,11,5,14,2.0
Electronics,284.6,2,Delivered,Google Pay,Tablet,Social,Returning,11,5,14,1.0
Books,163.79,2,Delivered,Credit Card,Mobile,Social,Returning,11,5,14,5.0
Books,384.89,1,Delivered,Apple Pay,Mobile,Social,Returning,11,5,14,3.0
Home,127.09,1,Delivered,Debit Card,Tablet,Organic,Returning,11,5,14,5.0
Electronics,486.5,1,Delivered,Google Pay,Mobile,Organic,Returning,11,5,14,6.0
Home,314.13,1,Delivered,PayPal,Desktop,Email,VIP,11,5,14,6.0
Home,13.82,4,Shipped,Apple Pay,Tablet,Organic,VIP,11,5,14,3.0
Beauty,179.72,2,Delivered,Google Pay,Mobile,Paid Search,Returning,11,5,14,1.0
Home,213.18,1,Delivered,Credit Card,Desktop,Social,Returning,11,5,14,2.0
Toys,446.01,1,Delivered,PayPal,Desktop,Social,Returning,11,5,14,5.0
Beauty,293.45,4,Shipped,Debit Card,Mobile,Social,VIP,11,5,14,1.0
Beauty,288.62,1,Delivered,Google Pay,Mobile,Social,VIP,11,5,14,6.0
Toys,272.51,4,Delivered,Credit Card,Mobile,Paid Search,VIP,11,5,14,4.0
Books,106.32,2,Delivered,Debit Card,Desktop,Organic,VIP,11,5,14,2.0
Electronics,357.76,1,Delivered,Apple Pay,Tablet,Organic,Returning,11,5,14,4.0
Toys,24.78,2,Delivered,PayPal,Desktop,Paid Search,Returning,11,5,14,7.0
Toys,259.59,4,Delivered,Credit Card,Tablet,Social,VIP,11,6,14,5.0
Toys,276.49,3,Delivered,Debit Card,Mobile,Social,Returning,11,6,14,2.0
Electronics,274.73,2,Delivered,Google Pay,Desktop,Email,VIP,11,6,14,1.0
Beauty,435.21,1,Shipped,PayPal,Tablet,Paid Search,Returning,11,6,14,3.0
Toys,61.45,2,Delivered,PayPal,Mobile,Email,VIP,11,6,14,7.0
Clothing,98.46,3,Delivered,Google Pay,Tablet,Email,VIP,11,6,14,5.0
Toys,23.42,2,Delivered,PayPal,Mobile,Organic,VIP,11,6,14,3.0
Electronics,65.51,2,Shipped,Debit Card,Desktop,Social,Returning,11,6,14,1.0
Clothing,30.44,1,Delivered,Apple Pay,Mobile,Organic,Returning,11,6,14,5.0
Toys,339.45,1,Delivered,Credit Card,Tablet,Social,VIP,11,6,14,2.0
Clothing,164.78,1,Delivered,PayPal,Desktop,Paid Search,Returning,11,6,14,4.0
Beauty,140.14,1,Pending,Debit Card,Tablet,Social,VIP,11,6,14,1.0
Clothing,128.0,1,Returned,Apple Pay,Tablet,Organic,Returning,11,6,14,5.0
Beauty,485.21,1,Delivered,Apple Pay,Tablet,Social,VIP,11,6,14,3.0
Clothing,73.66,1,Delivered,PayPal,Mobile,Organic,Returning,11,6,14,1.0
Toys,54.51,3,Delivered,Credit Card,Tablet,Organic,Returning,11,6,14,4.0
Electronics,295.4,1,Shipped,Apple Pay,Tablet,Social,VIP,11,6,14,6.0
Electronics,298.99,3,Shipped,Apple Pay,Tablet,Paid Search,VIP,11,6,14,7.0
Beauty,395.94,1,Shipped,PayPal,Tablet,Organic,Returning,11,6,14,1.0
Toys,209.12,1,Delivered,PayPal,Desktop,Paid Search,VIP,11,6,14,6.0
Electronics,300.8,2,Shipped,Apple Pay,Tablet,Social,Returning,11,6,14,4.0
Beauty,227.62,2,Delivered,Apple Pay,Mobile,Paid Search,VIP,11,6,14,7.0
Toys,55.04,2,Delivered,PayPal,Tablet,Email,Returning,11,6,14,1.0
Home,348.46,2,Delivered,Google Pay,Mobile,Paid Search,VIP,11,6,14,6.0
Toys,104.83,4,Returned,Google Pay,Mobile,Social,Returning,11,6,14,7.0
Toys,22.5,3,Shipped,PayPal,Desktop,Organic,VIP,11,6,14,2.0
Clothing,322.74,1,Delivered,PayPal,Desktop,Organic,Returning,11,0,14,4.0
Home,330.16,4,Delivered,Credit Card,Desktop,Organic,VIP,11,0,14,1.0
Electronics,163.33,3,Delivered,Debit Card,Desktop,Email,Returning,11,0,14,5.0
Toys,277.99,1,Delivered,Credit Card,Mobile,Paid Search,New,11,0,14,1.0
Books,239.03,4,Pending,PayPal,Mobile,Social,VIP,11,0,14,5.0
Beauty,107.44,1,Pending,Google Pay,Tablet,Email,New,11,0,14,5.0
Toys,24.81,1,Delivered,Debit Card,Desktop,Email,Returning,11,0,14,7.0
Books,35.84,2,Delivered,PayPal,Mobile,Email,Returning,11,0,14,5.0
Beauty,422.32,2,Returned,Debit Card,Tablet,Email,Returning,11,0,14,6.0
Home,85.54,2,Delivered,Credit Card,Tablet,Organic,VIP,11,0,14,5.0
Home,487.23,3,Returned,PayPal,Mobile,Social,New,11,0,14,5.0
Toys,467.68,2,Returned,Google Pay,Tablet,Organic,New,11,0,14,2.0
Home,48.5,1,Shipped,Google Pay,Desktop,Paid Search,Returning,11,0,14,2.0
Electronics,226.9,1,Delivered,Credit Card,Tablet,Social,VIP,11,0,14,1.0
Books,324.6,1,Delivered,Debit Card,Mobile,Organic,New,11,0,14,1.0
Electronics,321.05,5,Delivered,Debit Card,Desktop,Email,VIP,11,0,14,1.0
Beauty,393.73,2,Pending,Google Pay,Desktop,Organic,Returning,11,0,14,5.0
Home,174.09,2,Delivered,Google Pay,Tablet,Organic,VIP,11,0,14,3.0
Books,480.95,3,Shipped,Google Pay,Tablet,Social,Returning,11,0,14,4.0
Electronics,161.25,1,Delivered,Debit Card,Tablet,Social,VIP,11,0,14,6.0
Electronics,140.72,1,Pending,Debit Card,Mobile,Social,Returning,11,0,14,5.0
Home,366.17,7,Delivered,PayPal,Mobile,Organic,Returning,11,0,14,4.0
Toys,206.81,1,Delivered,PayPal,Desktop,Social,VIP,11,0,14,7.0
Home,381.96,2,Shipped,Debit Card,Mobile,Email,VIP,11,0,14,7.0
Clothing,162.82,2,Delivered,Google Pay,Mobile,Email,Returning,11,0,14,5.0
Beauty,300.24,1,Shipped,Credit Card,Desktop,Paid Search,Returning,11,0,14,3.0
Books,414.49,1,Shipped,Debit Card,Desktop,Social,VIP,11,0,14,4.0
Beauty,418.46,3,Shipped,Debit Card,Tablet,Organic,Returning,11,0,14,4.0
Books,398.99,2,Shipped,PayPal,Tablet,Paid Search,VIP,11,0,14,6.0
Books,140.96,1,Delivered,Credit Card,Desktop,Social,VIP,11,0,14,6.0
Toys,454.65,2,Delivered,PayPal,Tablet,Organic,Returning,11,0,14,7.0
Electronics,86.08,5,Delivered,Credit Card,Desktop,Email,Returning,11,0,14,4.0
Home,382.08,1,Delivered,Debit Card,Desktop,Organic,New,11,1,14,1.0
Clothing,206.27,2,Returned,PayPal,Tablet,Social,VIP,11,1,14,6.0
Beauty,292.26,1,Shipped,Apple Pay,Desktop,Social,Returning,11,1,14,7.0
Toys,412.39,1,Delivered,Google Pay,Tablet,Organic,Returning,11,1,14,4.0
Home,394.58,1,Delivered,Debit Card,Desktop,Paid Search,VIP,11,1,14,3.0
Beauty,428.01,1,Shipped,Google Pay,Mobile,Social,VIP,11,1,14,7.0
Electronics,474.79,4,Pending,Google Pay,Desktop,Paid Search,VIP,11,1,14,7.0
Home,169.11,2,Delivered,Debit Card,Mobile,Social,Returning,11,1,14,1.0
Home,62.79,2,Pending,Debit Card,Mobile,Email,Returning,11,1,14,3.0
Toys,423.99,2,Delivered,Apple Pay,Desktop,Email,Returning,11,1,14,7.0
Beauty,22.62,1,Delivered,Debit Card,Desktop,Paid Search,Returning,11,1,14,4.0
Home,300.25,3,Delivered,Google Pay,Mobile,Social,Returning,11,1,14,6.0
Electronics,273.84,2,Delivered,Google Pay,Tablet,Paid Search,VIP,11,1,14,7.0
Books,337.26,1,Delivered,Google Pay,Desktop,Paid Search,Returning,11,1,14,4.0
Beauty,99.73,1,Returned,Apple Pay,Mobile,Paid Search,Returning,11,1,14,2.0
Clothing,19.01,1,Delivered,Google Pay,Mobile,Organic,VIP,11,1,14,6.0
Electronics,248.77,2,Delivered,Debit Card,Desktop,Email,Returning,11,1,14,6.0
Toys,59.72,1,Delivered,Google Pay,Desktop,Organic,VIP,11,1,14,1.0
Toys,447.1,4,Returned,Credit Card,Desktop,Social,Returning,11,1,14,5.0
Clothing,207.15,1,Delivered,Apple Pay,Tablet,Email,Returning,11,1,14,6.0
Toys,420.83,3,Delivered,PayPal,Mobile,Paid Search,Returning,11,1,14,2.0
Home,488.98,2,Delivered,Google Pay,Tablet,Paid Search,New,11,1,14,5.0
Home,150.45,1,Delivered,Apple Pay,Mobile,Organic,Returning,11,1,14,3.0
Clothing,109.4,1,Shipped,Google Pay,Desktop,Paid Search,VIP,11,1,14,1.0
Books,130.81,1,Delivered,Credit Card,Desktop,Email,VIP,11,1,14,4.0
Books,242.66,1,Delivered,Apple Pay,Tablet,Email,New,11,1,14,4.0
Clothing,455.94,3,Shipped,Credit Card,Desktop,Email,Returning,11,1,14,5.0
Toys,362.72,2,Shipped,Debit Card,Mobile,Email,Returning,11,1,14,1.0
Clothing,100.72,1,Delivered,PayPal,Mobile,Organic,Returning,11,1,14,2.0
Home,133.75,2,Delivered,PayPal,Desktop,Email,VIP,11,1,14,3.0
Toys,389.51,2,Delivered,Credit Card,Mobile,Organic,Returning,11,1,14,4.0
Toys,343.99,1,Delivered,Google Pay,Mobile,Email,Returning,11,1,14,7.0
Clothing,498.64,1,Delivered,Apple Pay,Desktop,Social,Returning,11,1,14,3.0
Electronics,448.42,2,Shipped,Debit Card,Tablet,Email,Returning,11,1,14,4.0
Books,194.46,1,Delivered,Google Pay,Tablet,Paid Search,VIP,11,1,14,5.0
Electronics,40.91,1,Delivered,Credit Card,Desktop,Organic,VIP,11,2,14,4.0
Electronics,270.95,1,Delivered,Debit Card,Mobile,Paid Search,VIP,11,2,14,6.0
Beauty,299.94,1,Shipped,PayPal,Tablet,Paid Search,VIP,11,2,14,6.0
Books,301.77,1,Shipped,PayPal,Mobile,Paid Search,VIP,11,2,14,2.0
Clothing,207.6,1,Delivered,Google Pay,Mobile,Social,VIP,11,2,14,2.0
Clothing,320.57,3,Delivered,Google Pay,Desktop,Paid Search,Returning,11,2,14,7.0
Toys,190.05,2,Delivered,Google Pay,Tablet,Social,VIP,11,2,14,3.0
Home,219.69,1,Returned,Credit Card,Mobile,Organic,Returning,11,2,14,2.0
Clothing,375.63,2,Delivered,Apple Pay,Tablet,Paid Search,VIP,11,2,14,1.0
Electronics,118.32,2,Delivered,Google Pay,Mobile,Social,Returning,11,2,14,5.0
Electronics,147.64,3,Shipped,Apple Pay,Mobile,Organic,VIP,11,2,14,7.0
Electronics,128.62,5,Delivered,Apple Pay,Desktop,Email,Returning,11,2,14,4.0
Toys,458.27,1,Delivered,Credit Card,Mobile,Organic,New,11,2,14,1.0
Books,138.79,3,Delivered,PayPal,Tablet,Social,VIP,11,2,14,6.0
Electronics,182.65,1,Delivered,Credit Card,Desktop,Paid Search,VIP,11,2,14,4.0
Home,40.71,1,Delivered,PayPal,Mobile,Social,Returning,11,2,14,3.0
Toys,70.22,1,Pending,Google Pay,Desktop,Social,VIP,11,2,14,7.0
Toys,300.24,4,Delivered,PayPal,Desktop,Organic,VIP,11,2,14,6.0
Books,16.67,3,Delivered,Credit Card,Mobile,Paid Search,VIP,11,2,14,2.0
Books,341.9,2,Shipped,Google Pay,Desktop,Social,Returning,11,2,14,7.0
Clothing,453.87,1,Delivered,Apple Pay,Mobile,Organic,VIP,11,2,14,5.0
Toys,80.79,3,Delivered,Debit Card,Desktop,Paid Search,VIP,11,2,14,5.0
Beauty,495.35,1,Delivered,Google Pay,Tablet,Email,Returning,11,2,14,6.0
Clothing,489.66,3,Delivered,Apple Pay,Desktop,Organic,VIP,11,2,14,5.0
Beauty,314.11,4,Delivered,PayPal,Desktop,Social,VIP,11,2,14,5.0
Home,313.64,4,Pending,Apple Pay,Desktop,Email,Returning,11,2,14,6.0
Home,231.08,1,Shipped,Debit Card,Tablet,Email,Returning,11,2,14,1.0
Electronics,375.98,3,Delivered,Apple Pay,Tablet,Organic,Returning,11,3,14,1.0
Home,184.64,4,Delivered,Credit Card,Tablet,Email,VIP,11,3,14,3.0
Beauty,255.1,2,Delivered,Debit Card,Desktop,Email,VIP,11,3,14,3.0
Toys,140.21,1,Delivered,Apple Pay,Mobile,Email,VIP,11,3,14,7.0
Beauty,270.46,1,Delivered,Google Pay,Mobile,Social,VIP,11,3,14,6.0
Books,495.72,1,Shipped,Credit Card,Desktop,Paid Search,VIP,11,3,14,7.0
Clothing,73.1,1,Delivered,Apple Pay,Mobile,Organic,Returning,11,3,14,7.0
Books,158.39,1,Delivered,Apple Pay,Mobile,Email,Returning,11,3,14,4.0
Clothing,46.82,1,Delivered,Apple Pay,Mobile,Organic,Returning,11,3,14,1.0
Beauty,300.19,1,Pending,Debit Card,Desktop,Paid Search,VIP,11,3,14,7.0
Home,396.26,2,Delivered,Debit Card,Tablet,Organic,VIP,11,3,14,5.0
Clothing,276.43,5,Delivered,Debit Card,Mobile,Email,VIP,11,3,14,3.0
Beauty,230.73,4,Delivered,Apple Pay,Desktop,Organic,Returning,11,3,14,3.0
Home,401.38,4,Delivered,Credit Card,Mobile,Social,Returning,11,3,14,6.0
Toys,35.3,2,Shipped,PayPal,Tablet,Social,VIP,11,3,14,1.0
Electronics,396.57,1,Delivered,PayPal,Desktop,Email,Returning,11,3,14,1.0
Books,376.09,2,Pending,Credit Card,Mobile,Social,New,11,3,14,1.0
Beauty,239.88,2,Delivered,PayPal,Mobile,Email,Returning,11,3,14,6.0
Electronics,87.2,2,Shipped,Apple Pay,Desktop,Social,Returning,11,3,14,4.0
Beauty,357.54,1,Delivered,Google Pay,Desktop,Paid Search,VIP,11,3,14,5.0
Electronics,90.66,2,Shipped,Apple Pay,Mobile,Social,Returning,11,3,14,1.0
Beauty,230.09,4,Delivered,PayPal,Desktop,Organic,Returning,11,3,14,5.0
Toys,224.8,6,Shipped,PayPal,Mobile,Email,Returning,11,3,14,7.0
Home,43.91,1,Delivered,Debit Card,Desktop,Paid Search,Returning,11,3,14,2.0
Clothing,341.94,2,Delivered,Credit Card,Mobile,Social,Returning,11,3,14,1.0
Electronics,16.62,1,Pending,Google Pay,Desktop,Paid Search,VIP,11,3,14,1.0
Toys,282.71,1,Delivered,Apple Pay,Tablet,Organic,VIP,11,3,14,2.0
Beauty,20.6,1,Returned,Apple Pay,Desktop,Email,VIP,11,3,14,3.0
Home,231.02,1,Delivered,Google Pay,Desktop,Paid Search,VIP,11,3,14,4.0
Electronics,42.61,3,Delivered,Google Pay,Tablet,Social,Returning,11,4,14,1.0
Home,213.64,4,Delivered,Google Pay,Desktop,Social,VIP,11,4,14,6.0
Electronics,305.66,4,Delivered,Credit Card,Desktop,Email,Returning,11,4,14,3.0
Clothing,113.41,3,Shipped,Debit Card,Tablet,Organic,Returning,11,4,14,1.0
Books,486.83,1,Delivered,Debit Card,Mobile,Paid Search,Returning,11,4,14,2.0
Beauty,293.62,3,Delivered,Google Pay,Desktop,Organic,Returning,11,4,14,2.0
Toys,96.63,5,Delivered,Debit Card,Desktop,Social,Returning,11,4,14,3.0
Beauty,138.32,1,Delivered,Debit Card,Tablet,Social,Returning,11,4,14,4.0
Home,45.92,3,Delivered,Debit Card,Desktop,Social,VIP,11,4,14,6.0
Home,497.32,2,Delivered,PayPal,Tablet,Organic,New,11,4,14,4.0
Home,159.05,2,Shipped,Google Pay,Tablet,Organic,VIP,11,4,14,7.0
Clothing,126.32,1,Shipped,PayPal,Mobile,Email,VIP,11,4,14,2.0
Beauty,257.99,6,Delivered,Apple Pay,Mobile,Social,Returning,11,4,14,1.0
Electronics,381.48,2,Delivered,Credit Card,Mobile,Paid Search,Returning,11,4,14,1.0
Home,262.94,3,Delivered,PayPal,Desktop,Email,Returning,11,4,14,5.0
Beauty,213.53,6,Delivered,Credit Card,Tablet,Social,New,11,4,14,5.0
Electronics,309.03,1,Delivered,Credit Card,Desktop,Email,VIP,11,4,14,2.0
Books,490.59,1,Delivered,Debit Card,Tablet,Email,Returning,11,4,14,6.0
Clothing,441.17,1,Delivered,Credit Card,Tablet,Social,Returning,11,4,14,7.0
Toys,341.46,4,Returned,Apple Pay,Desktop,Social,Returning,11,4,14,6.0
Books,453.63,2,Delivered,PayPal,Tablet,Social,VIP,11,4,14,5.0
Beauty,232.07,1,Delivered,Google Pay,Tablet,Paid Search,New,11,4,14,3.0
Toys,451.91,1,Delivered,Debit Card,Desktop,Paid Search,VIP,11,4,14,1.0
Clothing,100.74,1,Delivered,Credit Card,Desktop,Paid Search,VIP,11,4,14,6.0
Beauty,458.69,3,Delivered,Apple Pay,Desktop,Organic,Returning,11,4,14,5.0
Beauty,49.12,3,Delivered,Google Pay,Desktop,Organic,VIP,11,4,14,3.0
Toys,409.43,3,Delivered,Credit Card,Desktop,Organic,VIP,11,4,14,3.0
Books,373.42,1,Delivered,Google Pay,Tablet,Social,Returning,11,4,14,6.0
Books,217.33,3,Delivered,Apple Pay,Mobile,Organic,New,11,5,14,5.0
Toys,59.1,1,Delivered,Google Pay,Mobile,Email,VIP,11,5,14,3.0
Electronics,346.06,3,Delivered,Apple Pay,Tablet,Organic,Returning,11,5,14,5.0
Home,381.75,2,Delivered,Credit Card,Tablet,Paid Search,VIP,11,5,14,2.0
Toys,292.77,4,Delivered,PayPal,Desktop,Email,New,11,5,14,2.0
Books,311.71,3,Delivered,Google Pay,Mobile,Email,VIP,11,5,14,3.0
Beauty,184.44,3,Delivered,Debit Card,Desktop,Organic,VIP,11,5,14,2.0
Books,98.16,2,Delivered,Google Pay,Desktop,Social,VIP,11,5,14,2.0
Clothing,421.81,1,Delivered,PayPal,Tablet,Organic,New,11,5,14,2.0
Home,269.96,2,Shipped,Google Pay,Desktop,Paid Search,Returning,11,5,14,4.0
Toys,367.88,6,Shipped,Credit Card,Desktop,Organic,Returning,11,5,14,5.0
Home,379.09,2,Delivered,Debit Card,Mobile,Email,Returning,11,5,14,5.0
Electronics,62.5,1,Returned,Google Pay,Mobile,Email,VIP,11,5,14,6.0
Books,291.63,1,Delivered,PayPal,Mobile,Organic,VIP,11,5,14,2.0
Home,294.6,1,Delivered,Google Pay,Desktop,Organic,VIP,11,5,14,3.0
Home,325.68,2,Delivered,Apple Pay,Mobile,Email,VIP,11,5,14,3.0
Books,233.65,2,Shipped,Apple Pay,Tablet,Social,VIP,11,5,14,5.0
Electronics,142.07,1,Delivered,Credit Card,Desktop,Social,VIP,11,5,14,4.0
Books,306.45,1,Delivered,Credit Card,Desktop,Organic,VIP,11,5,14,5.0
Beauty,46.53,5,Delivered,PayPal,Tablet,Organic,Returning,11,5,14,3.0
Toys,75.82,2,Delivered,Credit Card,Desktop,Email,Returning,11,5,14,5.0
Beauty,132.66,2,Delivered,Google Pay,Desktop,Organic,VIP,11,5,14,6.0
Electronics,389.75,1,Delivered,Apple Pay,Mobile,Email,New,11,5,14,6.0
Beauty,457.82,1,Delivered,Google Pay,Mobile,Paid Search,Returning,12,6,14,1.0
Home,222.18,2,Delivered,Google Pay,Desktop,Paid Search,Returning,12,6,14,7.0
Clothing,416.71,1,Shipped,Debit Card,Tablet,Paid Search,Returning,12,6,14,5.0
Home,368.6,1,Delivered,Apple Pay,Desktop,Organic,VIP,12,6,14,1.0
Clothing,14.98,2,Shipped,PayPal,Mobile,Paid Search,VIP,12,6,14,4.0
Home,151.47,2,Delivered,Debit Card,Tablet,Social,VIP,12,6,14,5.0
Electronics,439.72,2,Delivered,Debit Card,Mobile,Email,Returning,12,6,14,6.0
Home,243.49,3,Delivered,Debit Card,Tablet,Email,Returning,12,6,14,1.0
Toys,58.14,1,Delivered,Apple Pay,Desktop,Paid Search,VIP,12,6,14,7.0
Books,105.49,3,Shipped,Credit Card,Tablet,Organic,VIP,12,6,14,3.0
Books,436.8,1,Pending,PayPal,Mobile,Paid Search,Returning,12,6,14,6.0
Electronics,407.94,5,Delivered,Google Pay,Mobile,Paid Search,Returning,12,6,14,6.0
Beauty,132.69,3,Delivered,Google Pay,Tablet,Social,VIP,12,6,14,7.0
Toys,37.05,5,Shipped,PayPal,Tablet,Social,Returning,12,6,14,1.0
Clothing,83.65,2,Delivered,Debit Card,Tablet,Organic,VIP,12,6,14,4.0
Clothing,255.43,4,Shipped,Google Pay,Mobile,Social,Returning,12,6,14,3.0
Electronics,34.78,1,Delivered,Credit Card,Tablet,Social,VIP,12,6,14,6.0
Electronics,29.76,6,Shipped,Google Pay,Tablet,Paid Search,VIP,12,6,14,5.0
Home,375.94,1,Delivered,Debit Card,Tablet,Organic,Returning,12,6,14,4.0
Beauty,85.64,1,Delivered,Credit Card,Mobile,Social,Returning,12,6,14,7.0
Toys,220.4,1,Delivered,Apple Pay,Mobile,Social,VIP,12,6,14,4.0
Electronics,233.0,3,Shipped,Debit Card,Tablet,Organic,Returning,12,6,14,1.0
Toys,306.53,3,Delivered,PayPal,Mobile,Paid Search,Returning,12,6,14,7.0
Toys,127.85,5,Delivered,Debit Card,Mobile,Social,VIP,12,6,14,4.0
Clothing,441.64,5,Delivered,Google Pay,Desktop,Email,Returning,12,6,14,5.0
Toys,209.73,3,Delivered,Credit Card,Mobile,Paid Search,VIP,12,6,14,2.0
Home,321.13,1,Delivered,Credit Card,Tablet,Email,New,12,6,14,4.0
Electronics,11.35,1,Delivered,Debit Card,Mobile,Email,VIP,12,6,14,2.0
Home,277.38,2,Delivered,PayPal,Desktop,Paid Search,VIP,12,0,14,3.0
Home,9.63,3,Returned,Apple Pay,Desktop,Organic,Returning,12,0,14,5.0
Books,310.7,1,Returned,Credit Card,Desktop,Email,Returning,12,0,14,4.0
Clothing,108.14,2,Delivered,Google Pay,Desktop,Social,VIP,12,0,14,3.0
Beauty,208.48,4,Shipped,Apple Pay,Mobile,Social,Returning,12,0,14,1.0
Beauty,84.05,1,Delivered,Debit Card,Desktop,Organic,Returning,12,0,14,3.0
Beauty,287.17,1,Delivered,Credit Card,Mobile,Paid Search,Returning,12,0,14,7.0
Home,146.57,2,Delivered,Apple Pay,Tablet,Email,Returning,12,0,14,4.0
Electronics,414.01,2,Delivered,Credit Card,Desktop,Organic,Returning,12,0,14,4.0
Toys,295.52,1,Delivered,Apple Pay,Mobile,Email,Returning,12,0,14,1.0
Electronics,108.72,1,Delivered,Apple Pay,Desktop,Paid Search,VIP,12,0,14,4.0
Clothing,225.46,2,Delivered,Debit Card,Desktop,Paid Search,VIP,12,0,14,2.0
Beauty,62.3,1,Delivered,Debit Card,Mobile,Social,VIP,12,0,14,3.0
Beauty,477.7,2,Pending,Credit Card,Tablet,Paid Search,New,12,0,14,2.0
Home,324.73,1,Delivered,Google Pay,Desktop,Organic,Returning,12,0,14,1.0
Electronics,302.61,4,Delivered,Debit Card,Tablet,Social,VIP,12,0,14,7.0
Books,198.58,1,Delivered,Credit Card,Mobile,Email,Returning,12,0,14,7.0
Beauty,355.66,1,Pending,PayPal,Desktop,Email,VIP,12,0,14,2.0
Beauty,223.0,1,Delivered,Debit Card,Mobile,Paid Search,VIP,12,0,14,1.0
Books,344.01,2,Delivered,Apple Pay,Tablet,Organic,VIP,12,0,14,3.0
Beauty,77.02,4,Delivered,Debit Card,Mobile,Organic,VIP,12,0,14,1.0
Books,241.81,1,Shipped,PayPal,Tablet,Organic,Returning,12,0,14,6.0
Toys,259.74,1,Delivered,Debit Card,Desktop,Paid Search,Returning,12,0,14,7.0
Electronics,104.55,5,Shipped,Credit Card,Mobile,Email,Returning,12,0,14,6.0
Toys,409.8,2,Delivered,Google Pay,Desktop,Social,VIP,12,0,14,7.0
Clothing,349.19,1,Shipped,Debit Card,Tablet,Email,Returning,12,1,14,6.0
Beauty,274.49,3,Shipped,PayPal,Mobile,Email,VIP,12,1,14,7.0
Toys,13.64,1,Delivered,Credit Card,Tablet,Social,Returning,12,1,14,1.0
Beauty,107.57,1,Delivered,PayPal,Desktop,Social,VIP,12,1,14,5.0
Electronics,65.51,3,Delivered,PayPal,Tablet,Social,New,12,1,14,1.0
Beauty,124.19,1,Delivered,Credit Card,Mobile,Organic,Returning,12,1,14,2.0
Clothing,395.55,2,Returned,Google Pay,Tablet,Organic,Returning,12,1,14,2.0
Electronics,168.14,3,Delivered,Apple Pay,Desktop,Paid Search,VIP,12,1,14,3.0
Books,304.57,3,Delivered,PayPal,Mobile,Social,VIP,12,1,14,5.0
Beauty,211.26,2,Delivered,Credit Card,Desktop,Organic,VIP,12,1,14,2.0
Home,475.64,2,Delivered,Google Pay,Desktop,Paid Search,VIP,12,1,14,4.0
Books,429.65,1,Delivered,Google Pay,Desktop,Paid Search,Returning,12,1,14,1.0
Home,160.96,1,Delivered,PayPal,Tablet,Social,VIP,12,1,14,7.0
Clothing,137.79,1,Pending,Debit Card,Tablet,Paid Search,VIP,12,1,14,2.0
Home,61.76,2,Delivered,Google Pay,Mobile,Social,VIP,12,1,14,6.0
Books,17.87,2,Delivered,PayPal,Tablet,Paid Search,Returning,12,1,14,5.0
Electronics,249.4,2,Delivered,Apple Pay,Mobile,Organic,VIP,12,1,14,3.0
Clothing,77.88,1,Delivered,Credit Card,Desktop,Social,Returning,12,1,14,1.0
Clothing,415.35,1,Delivered,Credit Card,Mobile,Email,Returning,12,1,14,1.0
Beauty,148.72,1,Shipped,Google Pay,Mobile,Paid Search,VIP,12,1,14,3.0
Home,153.13,2,Delivered,Debit Card,Desktop,Organic,VIP,12,1,14,1.0
Toys,95.57,2,Returned,Google Pay,Mobile,Organic,VIP,12,1,14,1.0
Toys,195.59,3,Shipped,Apple Pay,Desktop,Social,Returning,12,1,14,2.0
Clothing,370.11,1,Returned,PayPal,Mobile,Paid Search,VIP,12,1,14,2.0
Toys,143.32,3,Delivered,Credit Card,Mobile,Social,Returning,12,1,14,3.0
Clothing,335.37,2,Delivered,Apple Pay,Mobile,Paid Search,VIP,12,1,14,5.0
Home,69.07,4,Delivered,Debit Card,Mobile,Social,VIP,12,1,14,4.0
Clothing,484.18,3,Delivered,Apple Pay,Desktop,Email,VIP,12,1,14,6.0
Toys,28.81,2,Delivered,Apple Pay,Mobile,Social,VIP,12,1,14,2.0
Clothing,478.14,1,Delivered,Credit Card,Mobile,Organic,Returning,12,1,14,4.0
Toys,209.71,4,Delivered,Debit Card,Desktop,Social,Returning,12,1,14,6.0
Clothing,201.4,4,Delivered,Credit Card,Tablet,Email,VIP,12,1,14,4.0
Home,227.41,2,Delivered,PayPal,Tablet,Organic,VIP,12,1,14,6.0
Clothing,359.01,2,Delivered,Apple Pay,Desktop,Email,Returning,12,1,14,2.0
Electronics,173.56,1,Delivered,Credit Card,Mobile,Organic,Returning,12,1,14,4.0
Home,498.12,1,Delivered,Debit Card,Mobile,Organic,Returning,12,1,14,2.0
Books,364.03,2,Delivered,Debit Card,Mobile,Organic,VIP,12,2,14,6.0
Books,402.5,1,Delivered,Credit Card,Desktop,Paid Search,VIP,12,2,14,3.0
Electronics,361.03,1,Shipped,Debit Card,Tablet,Email,VIP,12,2,14,7.0
Home,392.49,2,Delivered,Debit Card,Tablet,Email,VIP,12,2,14,1.0
Beauty,295.95,3,Shipped,Google Pay,Desktop,Social,Returning,12,2,14,3.0
Beauty,117.28,2,Delivered,PayPal,Tablet,Paid Search,VIP,12,2,14,7.0
Toys,36.26,3,Shipped,Apple Pay,Tablet,Paid Search,Returning,12,2,14,7.0
Toys,486.35,5,Delivered,PayPal,Mobile,Social,VIP,12,2,14,4.0
Clothing,94.66,2,Returned,Google Pay,Desktop,Email,Returning,12,2,14,1.0
Clothing,210.66,2,Delivered,Credit Card,Mobile,Paid Search,Returning,12,2,14,1.0
Home,173.3,2,Delivered,Debit Card,Desktop,Social,Returning,12,2,14,3.0
Electronics,345.65,2,Delivered,Credit Card,Tablet,Social,VIP,12,2,14,5.0
Electronics,194.03,1,Returned,Apple Pay,Desktop,Email,VIP,12,2,14,1.0
Home,322.14,2,Shipped,PayPal,Tablet,Organic,VIP,12,2,14,6.0
Home,13.92,2,Delivered,Credit Card,Mobile,Email,VIP,12,2,14,1.0
Clothing,160.69,1,Shipped,PayPal,Mobile,Email,VIP,12,2,14,6.0
Beauty,139.71,4,Delivered,Credit Card,Tablet,Paid Search,Returning,12,2,14,1.0
Toys,442.43,4,Delivered,Google Pay,Tablet,Social,VIP,12,2,14,4.0
Electronics,204.13,3,Delivered,Debit Card,Mobile,Email,Returning,12,2,14,7.0
Home,297.69,1,Pending,Google Pay,Desktop,Social,VIP,12,2,14,6.0
Electronics,330.72,3,Delivered,Debit Card,Desktop,Organic,VIP,12,2,14,6.0
Home,218.22,1,Shipped,Google Pay,Mobile,Organic,Returning,12,2,14,6.0
Books,417.86,4,Delivered,Credit Card,Desktop,Paid Search,Returning,12,2,14,6.0
Books,306.47,1,Delivered,Debit Card,Desktop,Social,Returning,12,2,14,1.0
Books,433.39,3,Delivered,Google Pay,Desktop,Social,Returning,12,2,14,2.0
Home,22.09,2,Delivered,Apple Pay,Tablet,Organic,Returning,12,3,14,6.0
Electronics,331.28,1,Delivered,Credit Card,Mobile,Organic,Returning,12,3,14,4.0
Books,410.23,1,Delivered,Debit Card,Desktop,Paid Search,Returning,12,3,14,5.0
Beauty,340.44,2,Delivered,Apple Pay,Mobile,Social,VIP,12,3,14,3.0
Toys,29.45,3,Delivered,PayPal,Desktop,Paid Search,VIP,12,3,14,5.0
Electronics,494.63,3,Shipped,Credit Card,Tablet,Paid Search,VIP,12,3,14,3.0
Home,496.17,2,Shipped,Debit Card,Tablet,Paid Search,Returning,12,3,14,1.0
Beauty,463.02,1,Delivered,Credit Card,Desktop,Email,VIP,12,3,14,6.0
Books,145.74,3,Delivered,Apple Pay,Mobile,Email,Returning,12,3,14,3.0
Beauty,80.88,1,Shipped,Google Pay,Tablet,Paid Search,VIP,12,3,14,1.0
Home,203.72,1,Delivered,Credit Card,Tablet,Social,VIP,12,3,14,2.0
Books,432.96,2,Delivered,PayPal,Mobile,Email,VIP,12,3,14,4.0
Clothing,188.17,6,Delivered,Credit Card,Mobile,Paid Search,Returning,12,3,14,7.0
Beauty,187.12,3,Shipped,Google Pay,Mobile,Email,Returning,12,3,14,2.0
Electronics,183.39,1,Delivered,Credit Card,Mobile,Social,VIP,12,3,14,6.0
Beauty,454.96,3,Delivered,Apple Pay,Desktop,Organic,VIP,12,3,14,7.0
Books,348.04,1,Delivered,Credit Card,Desktop,Paid Search,VIP,12,3,14,6.0
Beauty,86.06,1,Delivered,Debit Card,Tablet,Organic,New,12,3,14,1.0
Beauty,464.59,2,Delivered,Debit Card,Desktop,Paid Search,VIP,12,3,14,7.0
Toys,253.92,3,Delivered,Credit Card,Mobile,Paid Search,VIP,12,3,14,1.0
Electronics,359.03,2,Delivered,Credit Card,Tablet,Email,Returning,12,3,14,2.0
Clothing,488.94,2,Delivered,Debit Card,Tablet,Social,VIP,12,3,14,3.0
Home,303.13,1,Shipped,Apple Pay,Desktop,Organic,New,12,3,14,2.0
Beauty,150.58,2,Delivered,Apple Pay,Mobile,Social,Returning,12,3,14,7.0
Clothing,228.81,4,Delivered,Debit Card,Tablet,Social,Returning,12,3,14,5.0
Toys,253.34,1,Delivered,Credit Card,Mobile,Paid Search,VIP,12,3,14,4.0
Clothing,111.48,3,Delivered,Apple Pay,Mobile,Email,VIP,12,3,14,1.0
Toys,252.93,2,Delivered,Debit Card,Desktop,Paid Search,VIP,12,3,14,1.0
Clothing,48.42,3,Delivered,Debit Card,Desktop,Email,Returning,12,3,14,6.0
Home,175.73,1,Delivered,Google Pay,Mobile,Organic,VIP,12,4,14,1.0
Home,317.4,2,Delivered,Debit Card,Mobile,Organic,VIP,12,4,14,5.0
Electronics,393.01,1,Delivered,PayPal,Mobile,Email,Returning,12,4,14,3.0
Home,229.45,3,Delivered,Apple Pay,Mobile,Social,VIP,12,4,14,6.0
Beauty,462.48,1,Shipped,Credit Card,Mobile,Email,VIP,12,4,14,5.0
Toys,292.44,2,Delivered,Apple Pay,Desktop,Social,Returning,12,4,14,5.0
Electronics,103.45,2,Returned,Google Pay,Mobile,Social,VIP,12,4,14,4.0
Beauty,419.14,1,Returned,Google Pay,Mobile,Email,Returning,12,4,14,6.0
Toys,81.95,3,Shipped,Google Pay,Mobile,Email,VIP,12,4,14,4.0
Beauty,214.05,2,Delivered,Apple Pay,Tablet,Organic,VIP,12,4,14,5.0
Toys,214.99,2,Delivered,Apple Pay,Desktop,Organic,VIP,12,4,14,2.0
Home,68.58,2,Returned,Debit Card,Tablet,Social,VIP,12,4,14,7.0
Home,291.04,1,Returned,Google Pay,Tablet,Email,Returning,12,4,14,3.0
Toys,490.89,4,Delivered,PayPal,Mobile,Organic,VIP,12,4,14,7.0
Books,488.41,1,Delivered,PayPal,Mobile,Organic,VIP,12,4,14,6.0
Electronics,434.32,1,Delivered,Google Pay,Mobile,Email,VIP,12,4,14,4.0
Beauty,135.44,1,Delivered,Apple Pay,Mobile,Social,VIP,12,4,14,6.0
Beauty,296.94,1,Shipped,Debit Card,Tablet,Email,Returning,12,4,14,1.0
Books,171.53,3,Shipped,Debit Card,Tablet,Organic,Returning,12,4,14,1.0
Beauty,302.66,2,Delivered,Google Pay,Desktop,Paid Search,New,12,5,14,1.0
Clothing,74.81,1,Delivered,Debit Card,Desktop,Social,VIP,12,5,14,1.0
Toys,323.8,1,Delivered,Debit Card,Tablet,Social,VIP,12,5,14,6.0
Electronics,310.45,3,Delivered,Google Pay,Desktop,Paid Search,VIP,12,5,14,5.0
Electronics,123.86,2,Delivered,Google Pay,Desktop,Organic,Returning,12,5,14,1.0
Home,65.17,2,Shipped,Credit Card,Mobile,Email,Returning,12,5,14,6.0
Toys,485.8,4,Delivered,Credit Card,Mobile,Social,VIP,12,5,14,1.0
Home,432.44,3,Delivered,Debit Card,Tablet,Email,VIP,12,5,14,6.0
Home,133.26,3,Delivered,Apple Pay,Tablet,Social,VIP,12,5,14,1.0
Home,397.93,4,Shipped,PayPal,Mobile,Social,VIP,12,5,14,1.0
Clothing,379.04,3,Delivered,Debit Card,Mobile,Organic,Returning,12,5,14,3.0
Home,484.25,1,Pending,Credit Card,Tablet,Email,Returning,12,5,14,6.0
Books,360.4,3,Delivered,Credit Card,Desktop,Paid Search,VIP,12,5,14,3.0
Clothing,223.33,2,Delivered,Debit Card,Tablet,Organic,VIP,12,5,14,6.0
Beauty,78.28,1,Delivered,Credit Card,Mobile,Organic,VIP,12,5,14,2.0
Clothing,326.88,5,Delivered,Google Pay,Tablet,Social,Returning,12,5,14,7.0
Books,281.83,1,Delivered,Debit Card,Tablet,Email,Returning,12,5,14,7.0
Clothing,266.97,4,Delivered,Debit Card,Tablet,Email,VIP,12,5,14,3.0
Toys,293.41,2,Shipped,Google Pay,Tablet,Paid Search,Returning,12,5,14,7.0
Books,304.93,3,Delivered,Credit Card,Desktop,Email,VIP,12,5,14,6.0
Home,460.07,1,Delivered,PayPal,Desktop,Paid Search,New,12,5,14,2.0
Home,286.51,1,Delivered,PayPal,Desktop,Paid Search,Returning,12,5,14,5.0
Beauty,120.99,2,Delivered,Debit Card,Mobile,Organic,VIP,12,5,14,6.0
Toys,117.12,4,Delivered,Google Pay,Desktop,Email,Returning,12,5,14,4.0
Books,433.22,2,Delivered,Debit Card,Mobile,Organic,Returning,12,5,14,6.0
Clothing,475.22,2,Delivered,Debit Card,Desktop,Social,VIP,12,5,14,4.0
Beauty,404.23,2,Delivered,PayPal,Tablet,Organic,VIP,12,5,14,2.0
Clothing,207.81,1,Delivered,Debit Card,Tablet,Organic,VIP,12,6,14,3.0
Books,57.13,3,Delivered,Credit Card,Tablet,Paid Search,New,12,6,14,5.0
Books,358.17,1,Shipped,PayPal,Tablet,Paid Search,Returning,12,6,14,7.0
Clothing,294.58,3,Shipped,PayPal,Desktop,Email,Returning,12,6,14,4.0
Clothing,331.14,4,Delivered,Google Pay,Tablet,Paid Search,VIP,12,6,14,7.0
Clothing,141.63,3,Shipped,PayPal,Tablet,Paid Search,VIP,12,6,14,4.0
Toys,466.3,3,Delivered,Debit Card,Desktop,Organic,VIP,12,6,14,5.0
Home,474.39,4,Delivered,Credit Card,Mobile,Organic,VIP,12,6,14,5.0
Clothing,405.5,1,Delivered,PayPal,Mobile,Organic,Returning,12,6,14,3.0
Beauty,457.51,3,Pending,Credit Card,Mobile,Social,VIP,12,6,14,1.0
Home,309.79,4,Delivered,PayPal,Mobile,Social,VIP,12,6,14,2.0
Beauty,440.1,3,Delivered,Credit Card,Desktop,Email,VIP,12,6,14,6.0
Beauty,89.06,1,Delivered,Debit Card,Tablet,Organic,VIP,12,6,14,2.0
Clothing,386.05,4,Delivered,Google Pay,Mobile,Paid Search,Returning,12,6,14,2.0
Beauty,198.17,3,Shipped,Debit Card,Tablet,Paid Search,Returning,12,6,14,5.0
Beauty,324.07,1,Delivered,Google Pay,Desktop,Organic,VIP,12,6,14,5.0
Beauty,216.32,1,Delivered,PayPal,Tablet,Social,VIP,12,6,14,5.0
Books,53.42,1,Shipped,PayPal,Tablet,Paid Search,Returning,12,6,14,3.0
Books,384.02,1,Delivered,Debit Card,Tablet,Paid Search,VIP,12,6,14,4.0
Home,217.0,1,Delivered,Google Pay,Desktop,Paid Search,VIP,12,6,14,3.0
Home,242.17,2,Delivered,PayPal,Mobile,Social,VIP,12,6,14,7.0
Toys,201.91,3,Shipped,Apple Pay,Tablet,Email,Returning,12,6,14,3.0
Electronics,236.43,3,Delivered,Apple Pay,Mobile,Paid Search,VIP,12,0,14,2.0
Books,474.54,2,Delivered,Apple Pay,Mobile,Social,VIP,12,0,14,5.0
Electronics,394.88,4,Delivered,Debit Card,Tablet,Paid Search,Returning,12,0,14,3.0
Clothing,346.19,1,Delivered,Google Pay,Desktop,Email,VIP,12,0,14,2.0
Home,396.7,1,Returned,PayPal,Mobile,Email,Returning,12,0,14,2.0
Books,318.0,6,Delivered,Credit Card,Tablet,Social,Returning,12,0,14,4.0
Toys,286.07,1,Shipped,Credit Card,Mobile,Email,Returning,12,0,14,2.0
Electronics,354.61,2,Delivered,Apple Pay,Desktop,Social,Returning,12,0,14,3.0
Home,440.02,1,Delivered,Credit Card,Tablet,Paid Search,VIP,12,0,14,2.0
Clothing,294.28,3,Delivered,Debit Card,Tablet,Social,Returning,12,0,14,2.0
Books,341.09,1,Pending,Google Pay,Tablet,Email,Returning,12,0,14,6.0
Books,165.23,1,Delivered,Debit Card,Desktop,Paid Search,VIP,12,0,14,6.0
Electronics,169.54,1,Delivered,Credit Card,Tablet,Email,VIP,12,0,14,6.0
Home,458.35,2,Delivered,Apple Pay,Desktop,Paid Search,Returning,12,0,14,5.0
Electronics,284.05,3,Shipped,Apple Pay,Tablet,Paid Search,VIP,12,0,14,5.0
Beauty,415.88,2,Delivered,Apple Pay,Mobile,Paid Search,Returning,12,0,14,1.0
Toys,306.89,5,Delivered,PayPal,Mobile,Organic,VIP,12,0,14,1.0
Toys,226.45,1,Delivered,Credit Card,Mobile,Paid Search,VIP,12,0,14,1.0
Electronics,357.1,1,Delivered,Debit Card,Desktop,Social,VIP,12,0,14,5.0
Books,334.01,1,Delivered,Debit Card,Mobile,Email,Returning,12,0,14,7.0
Toys,307.76,2,Shipped,Credit Card,Desktop,Organic,VIP,12,0,14,5.0
Clothing,361.69,4,Delivered,PayPal,Desktop,Paid Search,Returning,12,0,14,2.0
Clothing,425.04,2,Delivered,Apple Pay,Tablet,Social,VIP,12,0,14,3.0
Toys,92.45,2,Delivered,Google Pay,Mobile,Organic,VIP,12,0,14,7.0
Beauty,348.03,1,Pending,Apple Pay,Desktop,Social,VIP,12,0,14,2.0
Electronics,226.72,2,Shipped,Google Pay,Mobile,Email,VIP,12,0,14,5.0
Beauty,448.24,3,Shipped,Google Pay,Desktop,Email,Returning,12,0,14,4.0
Clothing,375.02,1,Returned,Apple Pay,Tablet,Organic,Returning,12,0,14,1.0
Clothing,126.13,1,Delivered,Debit Card,Tablet,Social,Returning,12,0,14,4.0
Clothing,365.73,1,Delivered,Credit Card,Tablet,Organic,VIP,12,0,14,1.0
Beauty,105.02,3,Delivered,Debit Card,Mobile,Paid Search,VIP,12,0,14,6.0
Toys,251.55,1,Delivered,Credit Card,Desktop,Social,Returning,12,0,14,3.0
Clothing,300.62,2,Delivered,Debit Card,Mobile,Paid Search,VIP,12,0,14,4.0
Home,360.5,1,Delivered,Apple Pay,Mobile,Paid Search,VIP,12,1,14,6.0
Electronics,241.27,3,Delivered,Debit Card,Desktop,Social,New,12,1,14,2.0
Home,215.49,4,Delivered,PayPal,Mobile,Email,VIP,12,1,14,7.0
Books,470.75,2,Delivered,Credit Card,Tablet,Email,Returning,12,1,14,4.0
Beauty,207.74,3,Shipped,Credit Card,Tablet,Social,VIP,12,1,14,5.0
Toys,404.45,3,Pending,Google Pay,Tablet,Email,Returning,12,1,14,2.0
Clothing,327.66,1,Delivered,Google Pay,Desktop,Social,Returning,12,1,14,4.0
Books,5.34,2,Delivered,Apple Pay,Desktop,Social,VIP,12,1,14,1.0
Clothing,150.51,1,Delivered,Google Pay,Tablet,Organic,Returning,12,1,14,4.0
Home,480.11,1,Pending,Credit Card,Mobile,Paid Search,VIP,12,1,14,6.0
Toys,266.74,4,Delivered,PayPal,Tablet,Paid Search,VIP,12,1,14,4.0
Electronics,191.07,3,Shipped,Apple Pay,Mobile,Organic,VIP,12,1,14,7.0
Books,326.49,1,Delivered,PayPal,Desktop,Email,VIP,12,1,14,3.0
Books,177.93,1,Pending,Apple Pay,Tablet,Organic,Returning,12,1,14,3.0
Electronics,60.12,2,Delivered,Debit Card,Mobile,Paid Search,Returning,12,1,14,7.0
Beauty,46.41,2,Delivered,Apple Pay,Mobile,Social,Returning,12,1,14,7.0
Home,343.65,3,Shipped,Apple Pay,Desktop,Social,Returning,12,1,14,2.0
Beauty,461.68,4,Delivered,Debit Card,Tablet,Paid Search,VIP,12,1,14,5.0
Books,380.37,2,Delivered,Apple Pay,Desktop,Email,VIP,12,1,14,7.0
Beauty,265.7,2,Delivered,Credit Card,Tablet,Paid Search,VIP,12,1,14,2.0
Clothing,471.35,1,Delivered,Apple Pay,Desktop,Email,VIP,12,1,14,6.0
Beauty,223.06,4,Delivered,Google Pay,Mobile,Social,Returning,12,1,14,5.0
Toys,225.85,1,Delivered,PayPal,Mobile,Social,Returning,12,2,14,6.0
Books,459.05,4,Delivered,Debit Card,Mobile,Social,Returning,12,2,14,2.0
Beauty,213.92,1,Delivered,Google Pay,Tablet,Paid Search,VIP,12,2,14,3.0
Beauty,100.88,3,Delivered,Apple Pay,Desktop,Paid Search,New,12,2,14,6.0
Clothing,175.77,5,Shipped,Debit Card,Tablet,Organic,Returning,12,2,14,2.0
Clothing,376.73,2,Shipped,PayPal,Mobile,Social,VIP,12,2,14,7.0
Beauty,168.47,3,Delivered,Google Pay,Mobile,Email,Returning,12,2,14,7.0
Books,267.27,1,Shipped,Credit Card,Desktop,Paid Search,VIP,12,2,14,7.0
Beauty,400.26,3,Delivered,Apple Pay,Mobile,Organic,New,12,2,14,6.0
Beauty,378.82,4,Delivered,PayPal,Mobile,Paid Search,Returning,12,2,14,6.0
Books,138.38,3,Delivered,Google Pay,Mobile,Paid Search,VIP,12,2,14,4.0
Toys,12.27,4,Delivered,Apple Pay,Mobile,Social,VIP,12,2,14,6.0
Home,128.84,3,Delivered,Credit Card,Mobile,Organic,VIP,12,2,14,2.0
Books,147.22,1,Delivered,Apple Pay,Desktop,Social,Returning,12,2,14,2.0
Books,352.15,2,Delivered,Debit Card,Desktop,Email,VIP,12,2,14,2.0
Books,373.05,2,Delivered,Credit Card,Desktop,Paid Search,Returning,12,2,14,2.0
Electronics,77.83,3,Delivered,PayPal,Tablet,Paid Search,VIP,12,2,14,4.0
Home,105.91,1,Returned,Debit Card,Desktop,Email,VIP,12,2,14,4.0
Home,361.56,1,Delivered,Google Pay,Mobile,Organic,VIP,12,2,14,7.0
Toys,73.85,1,Delivered,Debit Card,Tablet,Organic,VIP,12,2,14,5.0
Clothing,232.26,1,Shipped,Credit Card,Tablet,Email,New,12,2,14,7.0
Books,474.0,2,Returned,Debit Card,Tablet,Organic,VIP,12,2,14,5.0
Books,288.18,2,Pending,PayPal,Tablet,Paid Search,VIP,12,3,14,3.0
Home,292.08,1,Delivered,Apple Pay,Tablet,Social,Returning,12,3,14,3.0
Books,163.62,4,Shipped,PayPal,Desktop,Social,Returning,12,3,14,7.0
Home,251.12,1,Delivered,Google Pay,Tablet,Paid Search,Returning,12,3,14,5.0
Beauty,496.34,1,Pending,Apple Pay,Tablet,Email,Returning,12,3,14,3.0
Books,424.3,1,Delivered,Debit Card,Tablet,Organic,VIP,12,3,14,6.0
Toys,145.49,1,Delivered,Apple Pay,Tablet,Social,Returning,12,3,14,7.0
Toys,424.43,2,Delivered,Debit Card,Tablet,Email,VIP,12,3,14,7.0
Beauty,471.24,1,Delivered,PayPal,Desktop,Organic,Returning,12,3,14,2.0
Clothing,11.21,4,Delivered,PayPal,Mobile,Social,VIP,12,3,14,6.0
Clothing,444.94,2,Shipped,Credit Card,Tablet,Email,VIP,12,3,14,2.0
Home,211.42,5,Shipped,Google Pay,Desktop,Email,VIP,12,3,14,2.0
Books,138.51,2,Delivered,Credit Card,Mobile,Paid Search,VIP,12,3,14,2.0
Books,484.5,1,Delivered,Apple Pay,Desktop,Email,Returning,12,3,14,2.0
Books,316.75,4,Delivered,Debit Card,Mobile,Social,Returning,12,3,14,4.0
Electronics,177.43,1,Delivered,Debit Card,Mobile,Organic,VIP,12,3,14,6.0
Beauty,199.73,2,Delivered,Credit Card,Mobile,Email,Returning,12,3,14,5.0
Toys,403.03,1,Delivered,Google Pay,Desktop,Paid Search,Returning,12,3,14,6.0
Clothing,180.31,1,Shipped,Google Pay,Mobile,Organic,New,12,3,14,1.0
Clothing,155.36,2,Shipped,Credit Card,Mobile,Organic,VIP,12,3,14,5.0
Toys,330.1,3,Delivered,Apple Pay,Mobile,Social,VIP,12,3,14,1.0
Clothing,489.1,2,Delivered,Apple Pay,Desktop,Social,Returning,12,3,14,5.0
Books,225.58,2,Delivered,PayPal,Mobile,Email,VIP,12,3,14,3.0
Toys,402.56,3,Shipped,Apple Pay,Tablet,Email,Returning,12,4,14,1.0
Beauty,58.69,2,Delivered,Credit Card,Desktop,Email,VIP,12,4,14,5.0
Beauty,42.8,1,Delivered,PayPal,Tablet,Social,New,12,4,14,4.0
Electronics,340.37,1,Delivered,Google Pay,Tablet,Paid Search,VIP,12,4,14,4.0
Toys,206.03,1,Shipped,Google Pay,Tablet,Social,Returning,12,4,14,7.0
Electronics,407.87,1,Delivered,PayPal,Desktop,Email,VIP,12,4,14,1.0
Clothing,395.53,2,Shipped,Credit Card,Tablet,Email,Returning,12,4,14,4.0
Toys,153.01,3,Delivered,Credit Card,Tablet,Email,Returning,12,4,14,2.0
Toys,14.4,2,Delivered,Credit Card,Desktop,Paid Search,New,12,4,14,7.0
Home,462.68,4,Returned,Debit Card,Mobile,Organic,VIP,12,4,14,4.0
Toys,68.9,3,Delivered,Credit Card,Mobile,Email,VIP,12,4,14,6.0
Clothing,33.96,1,Delivered,Debit Card,Tablet,Social,VIP,12,4,14,7.0
Clothing,214.51,2,Delivered,Google Pay,Desktop,Paid Search,New,12,4,14,6.0
Home,113.78,4,Shipped,Google Pay,Tablet,Social,Returning,12,4,14,1.0
Home,248.74,2,Delivered,Credit Card,Tablet,Organic,VIP,12,4,14,7.0
Beauty,210.97,4,Delivered,Credit Card,Mobile,Email,VIP,12,4,14,6.0
Beauty,395.63,1,Delivered,Apple Pay,Desktop,Email,VIP,12,4,14,7.0
Electronics,254.3,2,Delivered,Credit Card,Tablet,Social,VIP,12,4,14,2.0
Beauty,152.63,2,Shipped,Debit Card,Desktop,Social,VIP,12,4,14,4.0
Electronics,440.65,1,Delivered,Apple Pay,Tablet,Social,Returning,12,4,14,6.0
Toys,245.49,3,Pending,Apple Pay,Mobile,Social,VIP,12,4,14,6.0
Toys,152.82,1,Shipped,Debit Card,Tablet,Social,Returning,12,4,14,1.0
Home,427.68,1,Delivered,Debit Card,Tablet,Paid Search,Returning,12,4,14,4.0
Toys,270.81,2,Delivered,Credit Card,Mobile,Social,Returning,12,4,14,5.0
Books,346.65,2,Delivered,Google Pay,Mobile,Email,Returning,12,4,14,2.0
Toys,34.08,3,Delivered,Apple Pay,Desktop,Email,VIP,12,4,14,4.0
Books,478.31,4,Delivered,Apple Pay,Desktop,Organic,Returning,12,4,14,4.0
Clothing,112.16,2,Delivered,Google Pay,Mobile,Paid Search,VIP,12,4,14,7.0
Electronics,195.44,3,Delivered,PayPal,Mobile,Email,VIP,12,4,14,4.0
Clothing,393.29,3,Delivered,Apple Pay,Mobile,Paid Search,Returning,12,5,14,6.0
Books,192.82,2,Delivered,Google Pay,Tablet,Email,Returning,12,5,14,5.0
Beauty,292.38,2,Delivered,Apple Pay,Mobile,Social,New,12,5,14,5.0
Toys,220.55,1,Shipped,PayPal,Tablet,Email,VIP,12,5,14,3.0
Clothing,369.45,2,Shipped,Credit Card,Tablet,Paid Search,Returning,12,5,14,6.0
Beauty,119.47,2,Delivered,Google Pay,Desktop,Organic,Returning,12,5,14,2.0
Books,480.65,2,Delivered,Apple Pay,Desktop,Paid Search,VIP,12,5,14,1.0
Beauty,453.5,2,Pending,Credit Card,Mobile,Paid Search,VIP,12,5,14,6.0
Toys,179.63,1,Delivered,Apple Pay,Desktop,Organic,VIP,12,5,14,7.0
Electronics,106.88,4,Delivered,PayPal,Mobile,Email,VIP,12,5,14,4.0
Books,121.56,2,Delivered,Credit Card,Desktop,Social,Returning,12,5,14,2.0
Electronics,175.19,2,Delivered,Apple Pay,Desktop,Organic,VIP,12,5,14,5.0
Home,400.1,6,Delivered,PayPal,Mobile,Paid Search,Returning,12,5,14,4.0
Toys,55.57,4,Shipped,PayPal,Tablet,Paid Search,Returning,12,5,14,7.0
Books,419.98,2,Pending,Credit Card,Tablet,Email,Returning,12,5,14,3.0
Electronics,414.69,3,Shipped,Debit Card,Mobile,Email,VIP,12,5,14,6.0
Beauty,166.1,2,Delivered,PayPal,Desktop,Social,Returning,12,5,14,1.0
Home,420.0,1,Delivered,Apple Pay,Mobile,Social,Returning,12,5,14,7.0
Toys,391.42,1,Delivered,Apple Pay,Tablet,Social,Returning,12,5,14,7.0
Toys,102.76,2,Shipped,Debit Card,Desktop,Social,VIP,12,5,14,3.0
Electronics,6.21,3,Delivered,Google Pay,Mobile,Paid Search,New,12,5,14,3.0
Electronics,493.77,1,Delivered,Credit Card,Desktop,Email,VIP,12,5,14,3.0
Electronics,50.17,2,Delivered,Debit Card,Desktop,Organic,VIP,12,5,14,4.0
Clothing,326.33,1,Pending,Apple Pay,Desktop,Organic,VIP,12,5,14,2.0
Home,477.32,3,Delivered,Credit Card,Mobile,Social,VIP,12,5,14,7.0
Beauty,26.82,1,Returned,Google Pay,Mobile,Email,Returning,12,5,14,5.0
Books,355.63,1,Delivered,Credit Card,Mobile,Paid Search,VIP,12,6,14,6.0
Clothing,60.8,1,Pending,Debit Card,Tablet,Organic,VIP,12,6,14,2.0
Electronics,320.0,1,Delivered,Credit Card,Tablet,Organic,Returning,12,6,14,7.0
Electronics,441.25,1,Delivered,Apple Pay,Tablet,Social,Returning,12,6,14,1.0
Electronics,369.41,1,Delivered,PayPal,Desktop,Paid Search,Returning,12,6,14,4.0
Books,265.4,3,Delivered,Apple Pay,Desktop,Paid Search,Returning,12,6,14,7.0
Toys,71.53,1,Delivered,Credit Card,Mobile,Email,VIP,12,6,14,4.0
Toys,196.36,2,Delivered,Apple Pay,Mobile,Paid Search,Returning,12,6,14,5.0
Beauty,283.43,5,Delivered,PayPal,Desktop,Paid Search,VIP,12,6,14,1.0
Clothing,125.11,1,Shipped,Google Pay,Tablet,Social,VIP,12,6,14,3.0
Clothing,103.08,1,Delivered,Google Pay,Mobile,Email,VIP,12,6,14,3.0
Toys,304.24,3,Delivered,Debit Card,Desktop,Organic,Returning,12,6,14,2.0
Home,296.24,3,Delivered,Apple Pay,Tablet,Organic,VIP,12,6,14,4.0
Home,338.13,1,Delivered,PayPal,Desktop,Organic,VIP,12,6,14,4.0
Toys,434.15,3,Delivered,PayPal,Desktop,Organic,VIP,12,6,14,7.0
Electronics,460.39,4,Pending,PayPal,Tablet,Social,VIP,12,6,14,7.0
Toys,335.16,2,Delivered,Google Pay,Mobile,Paid Search,VIP,12,6,14,3.0
Clothing,86.89,1,Delivered,Google Pay,Mobile,Organic,VIP,12,6,14,6.0
Home,418.59,2,Shipped,Credit Card,Desktop,Paid Search,Returning,12,6,14,3.0
Toys,24.33,2,Delivered,Apple Pay,Mobile,Email,VIP,12,6,14,7.0
Clothing,410.22,2,Delivered,Credit Card,Mobile,Organic,VIP,12,6,14,3.0
Toys,83.87,3,Delivered,Debit Card,Desktop,Paid Search,Returning,12,0,14,3.0
Electronics,242.42,1,Shipped,Credit Card,Mobile,Organic,Returning,12,0,14,7.0
Electronics,66.46,1,Shipped,Apple Pay,Mobile,Social,Returning,12,0,14,2.0
Home,169.77,3,Shipped,PayPal,Tablet,Paid Search,VIP,12,0,14,3.0
Clothing,392.07,1,Delivered,PayPal,Mobile,Email,Returning,12,0,14,3.0
Beauty,469.02,1,Shipped,Credit Card,Tablet,Email,VIP,12,0,14,1.0
Toys,44.89,1,Delivered,Google Pay,Desktop,Organic,VIP,12,0,14,4.0
Clothing,147.38,1,Delivered,Apple Pay,Mobile,Email,VIP,12,0,14,4.0
Clothing,484.3,1,Delivered,Apple Pay,Tablet,Organic,Returning,12,0,14,5.0
Books,260.24,1,Delivered,Debit Card,Desktop,Social,Returning,12,0,14,6.0
Electronics,286.36,1,Pending,Credit Card,Mobile,Social,VIP,12,0,14,2.0
Toys,360.62,1,Delivered,Debit Card,Mobile,Social,VIP,12,0,14,1.0
Toys,304.73,1,Shipped,Google Pay,Tablet,Paid Search,VIP,12,0,14,3.0
Beauty,295.33,2,Shipped,Debit Card,Desktop,Email,Returning,12,0,14,3.0
Electronics,473.97,2,Delivered,Apple Pay,Desktop,Email,New,12,0,14,7.0
Electronics,102.29,2,Delivered,PayPal,Desktop,Email,Returning,12,0,14,3.0
Books,82.26,2,Delivered,Credit Card,Desktop,Paid Search,Returning,12,0,14,6.0
Home,409.41,1,Shipped,Google Pay,Desktop,Social,VIP,12,0,14,4.0
Books,74.99,1,Delivered,Apple Pay,Tablet,Paid Search,Returning,12,0,14,6.0
Beauty,398.42,1,Delivered,Apple Pay,Mobile,Paid Search,Returning,12,0,14,4.0
Beauty,126.32,3,Shipped,PayPal,Tablet,Paid Search,VIP,12,0,14,7.0
Beauty,324.66,2,Delivered,PayPal,Tablet,Email,New,12,0,14,4.0
Home,394.06,3,Shipped,Credit Card,Desktop,Email,VIP,12,0,14,5.0
Books,239.96,2,Delivered,Debit Card,Desktop,Social,VIP,12,0,14,1.0
Books,163.99,1,Shipped,Apple Pay,Mobile,Organic,Returning,12,0,14,4.0
Beauty,315.21,1,Delivered,Apple Pay,Tablet,Social,VIP,12,0,14,7.0
Beauty,55.73,2,Delivered,Credit Card,Tablet,Email,VIP,12,0,14,6.0
Books,390.17,1,Shipped,Google Pay,Desktop,Organic,VIP,12,0,14,7.0
Clothing,170.92,1,Shipped,Google Pay,Tablet,Social,VIP,12,0,14,4.0
Beauty,311.62,1,Delivered,Credit Card,Mobile,Organic,Returning,12,0,14,4.0
Home,48.85,2,Shipped,Apple Pay,Desktop,Social,Returning,12,1,14,7.0
Electronics,369.84,1,Delivered,Google Pay,Tablet,Organic,Returning,12,1,14,3.0
Home,285.23,3,Delivered,Apple Pay,Mobile,Email,VIP,12,1,14,1.0
Electronics,364.11,2,Delivered,Credit Card,Mobile,Organic,VIP,12,1,14,5.0
Clothing,238.72,3,Shipped,Debit Card,Desktop,Paid Search,Returning,12,1,14,2.0
Books,452.59,4,Delivered,Apple Pay,Desktop,Email,VIP,12,1,14,1.0
Home,375.81,2,Delivered,Credit Card,Mobile,Email,New,12,1,14,5.0
Books,162.03,3,Pending,Credit Card,Tablet,Paid Search,VIP,12,1,14,7.0
Clothing,311.29,2,Delivered,PayPal,Mobile,Paid Search,Returning,12,1,14,7.0
Beauty,32.37,2,Delivered,Apple Pay,Desktop,Organic,VIP,12,1,14,6.0
Books,378.27,2,Delivered,Debit Card,Tablet,Social,VIP,12,1,14,1.0
Home,357.59,4,Delivered,Debit Card,Desktop,Email,VIP,12,1,14,2.0
Home,228.36,2,Delivered,Debit Card,Tablet,Email,VIP,12,1,14,1.0
Beauty,266.09,1,Delivered,Apple Pay,Desktop,Social,VIP,12,1,14,5.0
Clothing,394.79,1,Delivered,Debit Card,Mobile,Social,Returning,12,1,14,5.0
Toys,64.44,1,Shipped,Debit Card,Tablet,Social,Returning,12,1,14,6.0
Clothing,412.16,3,Delivered,Google Pay,Desktop,Paid Search,New,12,1,14,6.0
Books,445.37,4,Delivered,Credit Card,Mobile,Organic,VIP,12,1,14,1.0
Toys,199.4,4,Delivered,Debit Card,Desktop,Paid Search,VIP,12,1,14,3.0
Books,156.54,4,Delivered,PayPal,Desktop,Paid Search,Returning,12,2,14,6.0
Home,442.8,1,Delivered,Google Pay,Desktop,Paid Search,VIP,12,2,14,2.0
Clothing,273.79,4,Shipped,PayPal,Mobile,Organic,VIP,12,2,14,6.0
Beauty,465.86,1,Delivered,Credit Card,Desktop,Social,VIP,12,2,14,7.0
Clothing,372.94,1,Delivered,Google Pay,Desktop,Paid Search,Returning,12,2,14,6.0
Toys,189.38,1,Returned,PayPal,Desktop,Social,Returning,12,2,14,3.0
Toys,20.97,1,Delivered,Debit Card,Mobile,Organic,VIP,12,2,14,7.0
Home,331.65,3,Delivered,Credit Card,Tablet,Social,VIP,12,2,14,6.0
Books,472.1,1,Returned,Google Pay,Tablet,Paid Search,New,12,2,14,3.0
Books,224.06,3,Pending,Apple Pay,Desktop,Organic,VIP,12,2,14,5.0
Electronics,267.03,2,Returned,Apple Pay,Tablet,Paid Search,Returning,12,2,14,7.0
Clothing,227.79,2,Returned,Debit Card,Tablet,Paid Search,VIP,12,2,14,1.0
Clothing,460.45,1,Shipped,Debit Card,Tablet,Email,VIP,12,2,14,1.0
Beauty,224.95,1,Delivered,Debit Card,Desktop,Paid Search,Returning,12,2,14,2.0
Clothing,100.03,1,Delivered,Debit Card,Tablet,Organic,VIP,12,2,14,2.0
Books,199.76,2,Delivered,Google Pay,Tablet,Email,VIP,12,2,14,4.0
Beauty,195.5,2,Delivered,PayPal,Mobile,Paid Search,VIP,12,2,14,6.0
Clothing,110.63,4,Delivered,Google Pay,Mobile,Email,VIP,12,2,14,5.0
Toys,475.37,1,Delivered,Apple Pay,Tablet,Paid Search,VIP,12,2,14,6.0
Beauty,475.38,2,Delivered,Debit Card,Tablet,Organic,Returning,12,2,14,4.0
Books,242.99,1,Delivered,Credit Card,Mobile,Organic,VIP,12,2,14,4.0
Home,47.21,2,Delivered,PayPal,Mobile,Paid Search,Returning,12,3,14,2.0
Beauty,317.82,1,Delivered,Google Pay,Tablet,Social,Returning,12,3,14,3.0
Clothing,445.18,3,Delivered,Google Pay,Tablet,Paid Search,Returning,12,3,14,6.0
Books,385.23,3,Delivered,Credit Card,Mobile,Social,VIP,12,3,14,2.0
Books,11.9,3,Delivered,Credit Card,Tablet,Social,VIP,12,3,14,5.0
Electronics,251.79,1,Shipped,Debit Card,Tablet,Email,VIP,12,3,14,6.0
Electronics,455.7,4,Delivered,PayPal,Desktop,Organic,Returning,12,3,14,5.0
Toys,454.83,1,Delivered,PayPal,Mobile,Email,Returning,12,3,14,7.0
Beauty,406.77,4,Delivered,Debit Card,Mobile,Paid Search,Returning,12,3,14,3.0
Home,297.47,1,Returned,Google Pay,Tablet,Social,VIP,12,3,14,2.0
Clothing,63.41,4,Delivered,Apple Pay,Mobile,Paid Search,Returning,12,3,14,3.0
Home,428.68,5,Shipped,Google Pay,Desktop,Organic,Returning,12,3,14,7.0
Toys,277.42,1,Shipped,PayPal,Tablet,Organic,Returning,12,3,14,2.0
Home,478.74,2,Shipped,PayPal,Desktop,Email,Returning,12,3,14,2.0
Home,193.67,4,Delivered,Debit Card,Desktop,Email,VIP,12,3,14,7.0
Home,442.66,1,Delivered,Google Pay,Tablet,Organic,VIP,12,3,14,2.0
Electronics,381.48,1,Delivered,Google Pay,Mobile,Paid Search,VIP,12,3,14,2.0
Home,71.82,2,Delivered,Apple Pay,Tablet,Organic,Returning,12,3,14,4.0
Books,106.31,1,Pending,Apple Pay,Tablet,Organic,Returning,12,3,14,2.0
Beauty,165.45,1,Delivered,Credit Card,Mobile,Email,VIP,12,3,14,3.0
Toys,445.31,3,Delivered,Apple Pay,Mobile,Email,VIP,12,3,14,2.0
Electronics,463.49,2,Delivered,Credit Card,Desktop,Paid Search,VIP,12,3,14,3.0
Home,205.4,1,Returned,Apple Pay,Desktop,Email,Returning,12,3,14,2.0
Clothing,467.45,2,Shipped,Google Pay,Tablet,Email,VIP,12,3,14,7.0
Home,151.11,3,Delivered,Apple Pay,Mobile,Email,Returning,12,3,14,7.0
Books,424.22,1,Delivered,Apple Pay,Desktop,Organic,VIP,12,3,14,5.0
Electronics,379.69,1,Delivered,Debit Card,Mobile,Email,VIP,12,3,14,7.0
Books,144.5,2,Delivered,Credit Card,Desktop,Paid Search,VIP,12,3,14,7.0
Electronics,184.3,3,Delivered,Credit Card,Mobile,Email,Returning,12,4,14,7.0
Beauty,111.68,1,Delivered,Apple Pay,Mobile,Social,VIP,12,4,14,7.0
Beauty,211.82,2,Delivered,Apple Pay,Desktop,Paid Search,Returning,12,4,14,7.0
Home,43.35,1,Shipped,Google Pay,Mobile,Social,Returning,12,4,14,3.0
Books,173.16,1,Delivered,Credit Card,Tablet,Organic,VIP,12,4,14,1.0
Books,365.75,3,Pending,Debit Card,Mobile,Social,VIP,12,4,14,2.0
Toys,20.68,1,Delivered,Apple Pay,Desktop,Social,Returning,12,4,14,3.0
Beauty,23.16,1,Returned,Apple Pay,Desktop,Paid Search,Returning,12,4,14,3.0
Electronics,287.96,1,Shipped,PayPal,Desktop,Organic,Returning,12,4,14,7.0
Home,187.73,2,Delivered,PayPal,Tablet,Paid Search,VIP,12,4,14,6.0
Beauty,31.41,1,Delivered,Credit Card,Mobile,Paid Search,Returning,12,4,14,1.0
Books,480.69,1,Delivered,Debit Card,Desktop,Email,Returning,12,4,14,2.0
Home,170.07,3,Delivered,Google Pay,Desktop,Paid Search,VIP,12,4,14,5.0
Electronics,144.54,1,Pending,Google Pay,Mobile,Social,VIP,12,4,14,6.0
Home,220.62,3,Delivered,Apple Pay,Mobile,Paid Search,Returning,12,4,14,2.0
Beauty,159.78,3,Delivered,Apple Pay,Mobile,Email,VIP,12,4,14,3.0
Home,361.85,4,Delivered,Debit Card,Tablet,Social,VIP,12,4,14,2.0
Toys,197.81,2,Delivered,Google Pay,Tablet,Paid Search,VIP,12,4,14,3.0
Clothing,200.51,3,Shipped,Credit Card,Tablet,Email,VIP,12,4,14,4.0
Electronics,97.05,2,Returned,Apple Pay,Tablet,Social,New,12,4,14,5.0
Beauty,214.63,1,Delivered,Debit Card,Tablet,Email,VIP,12,4,14,4.0
Electronics,111.34,2,Shipped,Credit Card,Mobile,Paid Search,Returning,12,4,14,5.0
Clothing,108.89,2,Shipped,Debit Card,Desktop,Social,New,12,4,14,6.0
Electronics,268.39,3,Delivered,Debit Card,Tablet,Email,VIP,12,4,14,4.0
Beauty,291.24,3,Delivered,PayPal,Desktop,Paid Search,Returning,12,4,14,5.0
Electronics,470.24,5,Delivered,PayPal,Mobile,Email,VIP,12,4,14,2.0
Toys,393.93,1,Returned,Credit Card,Tablet,Social,Returning,12,4,14,4.0
Home,74.0,2,Delivered,Credit Card,Mobile,Organic,Returning,12,4,14,2.0
Electronics,248.35,5,Delivered,PayPal,Mobile,Paid Search,VIP,12,4,14,7.0
Clothing,321.38,3,Shipped,Credit Card,Tablet,Email,VIP,12,4,14,6.0
Books,255.47,2,Delivered,Debit Card,Mobile,Email,Returning,12,4,14,6.0
Toys,33.32,3,Delivered,PayPal,Mobile,Paid Search,Returning,12,4,14,2.0
Books,336.57,2,Returned,Debit Card,Mobile,Paid Search,Returning,12,4,14,5.0
Books,398.76,2,Shipped,Credit Card,Tablet,Organic,VIP,12,4,14,1.0
Beauty,365.87,1,Delivered,Apple Pay,Mobile,Email,VIP,12,4,14,3.0
Books,248.59,2,Shipped,Google Pay,Mobile,Paid Search,Returning,12,4,14,2.0
Electronics,294.24,2,Shipped,Apple Pay,Desktop,Email,VIP,12,4,14,5.0
Beauty,223.92,1,Pending,Google Pay,Desktop,Email,Returning,12,4,14,1.0
Electronics,335.91,1,Shipped,Credit Card,Desktop,Organic,Returning,12,4,14,6.0
Clothing,95.49,3,Returned,Apple Pay,Mobile,Organic,VIP,12,5,14,5.0
Toys,472.59,3,Delivered,Apple Pay,Desktop,Organic,Returning,12,5,14,7.0
Toys,233.13,2,Delivered,PayPal,Tablet,Organic,Returning,12,5,14,6.0
Clothing,380.27,1,Delivered,Credit Card,Mobile,Organic,VIP,12,5,14,6.0
Electronics,25.81,1,Returned,PayPal,Tablet,Social,Returning,12,5,14,5.0
Beauty,242.12,6,Delivered,Debit Card,Tablet,Social,VIP,12,5,14,2.0
Home,126.09,3,Pending,Debit Card,Mobile,Paid Search,VIP,12,5,14,2.0
Toys,194.34,2,Delivered,PayPal,Mobile,Social,Returning,12,5,14,6.0
Beauty,38.54,5,Delivered,Apple Pay,Mobile,Email,Returning,12,5,14,6.0
Beauty,261.14,2,Shipped,PayPal,Mobile,Email,VIP,12,5,14,2.0
Home,215.81,3,Delivered,Debit Card,Tablet,Social,Returning,12,5,14,1.0
Books,214.03,1,Pending,Google Pay,Desktop,Email,Returning,12,5,14,4.0
Home,322.3,1,Delivered,Google Pay,Mobile,Social,Returning,12,5,14,5.0
Electronics,203.25,3,Shipped,PayPal,Mobile,Social,VIP,12,5,14,7.0
Home,459.47,4,Shipped,Google Pay,Desktop,Email,Returning,12,5,14,7.0
Books,245.44,4,Delivered,Debit Card,Desktop,Paid Search,Returning,12,5,14,3.0
Clothing,140.86,4,Pending,PayPal,Desktop,Paid Search,Returning,12,5,14,2.0
Beauty,484.42,4,Shipped,Debit Card,Desktop,Email,VIP,12,5,14,2.0
Clothing,45.24,2,Delivered,Debit Card,Mobile,Email,Returning,12,5,14,2.0
Home,211.75,1,Delivered,Apple Pay,Mobile,Social,Returning,12,5,14,1.0
Beauty,306.19,5,Delivered,Google Pay,Desktop,Email,Returning,12,5,14,5.0
Toys,94.96,3,Shipped,Apple Pay,Mobile,Organic,VIP,12,5,14,4.0
Home,285.67,3,Shipped,Debit Card,Tablet,Paid Search,Returning,12,5,14,7.0
Toys,68.07,1,Delivered,Apple Pay,Tablet,Email,VIP,12,5,14,4.0
Home,372.7,3,Shipped,Debit Card,Desktop,Social,VIP,12,5,14,1.0
Books,137.8,1,Delivered,Credit Card,Tablet,Social,VIP,12,5,14,4.0
Electronics,449.89,1,Delivered,Google Pay,Mobile,Social,VIP,12,5,14,2.0
Clothing,196.97,1,Shipped,Debit Card,Tablet,Paid Search,VIP,12,5,14,7.0
Beauty,128.11,4,Shipped,Apple Pay,Desktop,Social,New,12,6,14,1.0
Beauty,217.19,1,Delivered,Apple Pay,Desktop,Email,Returning,12,6,14,5.0
Electronics,214.31,1,Delivered,Debit Card,Mobile,Social,VIP,12,6,14,2.0
Electronics,145.72,1,Delivered,Apple Pay,Mobile,Email,Returning,12,6,14,3.0
Home,358.02,1,Shipped,Google Pay,Mobile,Organic,Returning,12,6,14,4.0
Home,238.75,2,Delivered,Apple Pay,Desktop,Organic,VIP,12,6,14,1.0
Electronics,286.31,1,Shipped,Apple Pay,Mobile,Organic,VIP,12,6,14,2.0
Clothing,172.04,3,Shipped,Debit Card,Mobile,Social,VIP,12,6,14,1.0
Clothing,70.17,1,Returned,Credit Card,Desktop,Social,Returning,12,6,14,1.0
Home,323.28,1,Delivered,PayPal,Tablet,Organic,VIP,12,6,14,6.0
Beauty,297.87,1,Delivered,Apple Pay,Tablet,Paid Search,VIP,12,6,14,7.0
Beauty,270.5,1,Pending,Google Pay,Mobile,Social,VIP,12,6,14,1.0
Home,405.93,2,Delivered,Credit Card,Desktop,Organic,VIP,12,6,14,5.0
Books,308.78,1,Delivered,Credit Card,Desktop,Paid Search,Returning,12,6,14,6.0
Books,207.57,1,Delivered,Apple Pay,Tablet,Email,Returning,12,6,14,5.0
Books,492.15,2,Delivered,Apple Pay,Tablet,Social,Returning,12,6,14,3.0
Home,153.6,1,Returned,Google Pay,Mobile,Paid Search,VIP,12,6,14,2.0
Electronics,128.13,1,Shipped,Google Pay,Tablet,Paid Search,VIP,12,6,14,4.0
Electronics,31.32,4,Delivered,Credit Card,Tablet,Social,VIP,12,6,14,6.0
Home,24.62,1,Delivered,PayPal,Tablet,Paid Search,VIP,12,6,14,5.0
Home,230.24,3,Shipped,Google Pay,Tablet,Paid Search,VIP,12,6,14,3.0
Clothing,160.6,2,Delivered,Credit Card,Tablet,Email,VIP,12,0,14,2.0
Electronics,167.16,3,Delivered,Debit Card,Mobile,Paid Search,Returning,12,0,14,3.0
Books,193.97,1,Delivered,Google Pay,Mobile,Paid Search,VIP,12,0,14,2.0
Electronics,48.12,5,Delivered,Google Pay,Desktop,Organic,Returning,12,0,14,1.0
Books,201.22,2,Shipped,Google Pay,Desktop,Social,Returning,12,0,14,1.0
Clothing,310.67,2,Shipped,Debit Card,Tablet,Social,VIP,12,0,14,2.0
Beauty,214.26,1,Delivered,Credit Card,Desktop,Social,VIP,12,0,14,2.0
Electronics,231.35,3,Shipped,Google Pay,Mobile,Social,VIP,12,0,14,1.0
Electronics,357.11,2,Delivered,Debit Card,Mobile,Organic,Returning,12,0,14,5.0
Books,217.44,2,Shipped,Apple Pay,Desktop,Paid Search,VIP,12,0,14,1.0
Clothing,94.56,2,Delivered,PayPal,Tablet,Organic,VIP,12,0,14,4.0
Beauty,24.33,3,Delivered,PayPal,Mobile,Email,Returning,12,0,14,6.0
Electronics,444.84,6,Delivered,Google Pay,Desktop,Social,Returning,12,0,14,5.0
Electronics,109.69,3,Delivered,Apple Pay,Desktop,Email,VIP,12,0,14,2.0
Books,44.1,1,Returned,Google Pay,Mobile,Organic,VIP,12,0,14,7.0
Toys,408.22,1,Delivered,Debit Card,Tablet,Social,Returning,12,0,14,5.0
Home,455.31,1,Delivered,Google Pay,Tablet,Email,Returning,12,0,14,5.0
Electronics,122.34,2,Delivered,Google Pay,Tablet,Organic,VIP,12,0,14,7.0
Clothing,497.07,1,Delivered,Google Pay,Mobile,Organic,VIP,12,0,14,4.0
Electronics,245.96,2,Shipped,Google Pay,Mobile,Social,Returning,12,0,14,1.0
Electronics,164.61,3,Delivered,Google Pay,Desktop,Organic,Returning,12,1,14,1.0
Beauty,345.19,1,Shipped,PayPal,Mobile,Organic,Returning,12,1,14,1.0
Home,251.99,1,Delivered,Debit Card,Tablet,Paid Search,Returning,12,1,14,2.0
Toys,451.63,1,Returned,Apple Pay,Desktop,Paid Search,New,12,1,14,3.0
Books,399.68,1,Delivered,Apple Pay,Mobile,Social,VIP,12,1,14,2.0
Toys,406.56,2,Delivered,Apple Pay,Tablet,Email,Returning,12,1,14,7.0
Toys,267.68,2,Delivered,PayPal,Mobile,Paid Search,VIP,12,1,14,2.0
Toys,163.5,2,Delivered,Credit Card,Mobile,Email,Returning,12,1,14,5.0
Beauty,184.59,2,Delivered,Apple Pay,Mobile,Organic,VIP,12,1,14,1.0
Clothing,97.75,2,Delivered,Google Pay,Desktop,Email,VIP,12,1,14,1.0
Beauty,335.59,2,Delivered,Credit Card,Mobile,Email,Returning,12,1,14,6.0
Books,456.2,1,Delivered,Apple Pay,Desktop,Organic,Returning,12,1,14,3.0
Home,85.78,2,Delivered,Apple Pay,Desktop,Organic,VIP,12,1,14,1.0
Books,484.8,2,Delivered,Credit Card,Tablet,Social,VIP,12,1,14,2.0
Home,458.97,1,Shipped,Debit Card,Desktop,Organic,VIP,12,1,14,3.0
Beauty,389.48,1,Returned,PayPal,Desktop,Social,VIP,12,1,14,2.0
Clothing,455.8,1,Delivered,Credit Card,Desktop,Paid Search,VIP,12,1,14,2.0
Books,127.32,1,Delivered,Debit Card,Mobile,Paid Search,VIP,12,1,14,2.0
Beauty,76.36,3,Pending,Debit Card,Desktop,Paid Search,Returning,12,1,14,7.0
Home,298.9,2,Delivered,PayPal,Desktop,Email,VIP,12,1,14,4.0
Toys,380.28,1,Delivered,PayPal,Tablet,Paid Search,VIP,12,1,14,7.0
Clothing,48.53,4,Shipped,Apple Pay,Tablet,Organic,Returning,12,1,14,3.0
Electronics,485.07,2,Delivered,Google Pay,Tablet,Organic,VIP,12,1,14,5.0
Clothing,94.69,1,Delivered,Apple Pay,Tablet,Paid Search,VIP,12,1,14,7.0
Clothing,372.48,1,Delivered,Debit Card,Desktop,Paid Search,Returning,12,1,14,1.0
Toys,243.57,1,Delivered,Apple Pay,Tablet,Email,VIP,12,1,14,3.0
Toys,348.72,2,Delivered,PayPal,Tablet,Organic,Returning,12,1,14,3.0
Home,62.07,2,Delivered,PayPal,Desktop,Email,VIP,12,1,14,1.0
Clothing,293.74,1,Delivered,Debit Card,Tablet,Paid Search,VIP,12,1,14,6.0
Books,124.6,3,Delivered,Credit Card,Tablet,Social,Returning,12,1,14,5.0
Toys,104.19,3,Pending,Apple Pay,Mobile,Social,VIP,12,1,14,3.0
Home,89.01,1,Delivered,PayPal,Desktop,Social,Returning,12,1,14,5.0
Home,407.32,1,Delivered,Credit Card,Desktop,Organic,Returning,12,1,14,2.0
Beauty,239.35,2,Delivered,Debit Card,Mobile,Organic,Returning,12,2,14,3.0
Books,446.79,1,Shipped,PayPal,Mobile,Organic,Returning,12,2,14,7.0
Home,174.31,2,Shipped,PayPal,Desktop,Paid Search,Returning,12,2,14,1.0
Beauty,440.27,2,Delivered,Credit Card,Mobile,Organic,Returning,12,2,14,7.0
Clothing,493.83,4,Delivered,Google Pay,Desktop,Email,Returning,12,2,14,6.0
Electronics,347.56,5,Shipped,Google Pay,Mobile,Paid Search,Returning,12,2,14,3.0
Electronics,343.96,5,Shipped,Google Pay,Tablet,Social,VIP,12,2,14,6.0
Home,421.71,3,Delivered,Debit Card,Tablet,Social,Returning,12,2,14,7.0
Electronics,269.8,4,Delivered,Apple Pay,Tablet,Organic,VIP,12,2,14,2.0
Books,10.75,1,Delivered,Apple Pay,Tablet,Organic,VIP,12,2,14,5.0
Toys,31.17,2,Pending,Google Pay,Desktop,Social,VIP,12,2,14,4.0
Electronics,341.54,1,Delivered,Debit Card,Tablet,Email,Returning,12,2,14,3.0
Electronics,38.31,1,Shipped,Credit Card,Desktop,Organic,VIP,12,2,14,7.0
Beauty,150.01,1,Pending,Credit Card,Desktop,Paid Search,Returning,12,2,14,3.0
Clothing,452.9,3,Delivered,Apple Pay,Mobile,Email,VIP,12,2,14,3.0
Toys,91.74,1,Delivered,Google Pay,Mobile,Email,Returning,12,2,14,4.0
Clothing,354.61,1,Delivered,Apple Pay,Desktop,Organic,VIP,12,2,14,3.0
Books,132.68,1,Delivered,Apple Pay,Mobile,Email,VIP,12,2,14,2.0
Toys,329.13,1,Pending,Credit Card,Tablet,Paid Search,Returning,12,2,14,2.0
Home,221.41,1,Shipped,Debit Card,Tablet,Social,VIP,12,2,14,6.0
Clothing,398.13,2,Delivered,Google Pay,Tablet,Organic,VIP,12,2,14,4.0
Books,429.56,1,Delivered,Google Pay,Desktop,Paid Search,VIP,12,2,14,4.0
Home,404.78,1,Delivered,Debit Card,Mobile,Email,Returning,12,2,14,6.0
Clothing,147.24,1,Delivered,Debit Card,Tablet,Paid Search,Returning,12,2,14,3.0
Toys,389.16,1,Delivered,Debit Card,Desktop,Organic,Returning,12,2,14,4.0
Beauty,44.68,2,Shipped,Apple Pay,Desktop,Social,VIP,12,2,14,1.0
Home,399.06,2,Delivered,PayPal,Tablet,Organic,VIP,12,2,14,7.0
Beauty,274.7,3,Delivered,Debit Card,Mobile,Paid Search,VIP,12,2,14,5.0
Electronics,404.87,1,Delivered,Debit Card,Tablet,Email,New,12,2,14,5.0
Home,460.2,1,Delivered,Credit Card,Tablet,Email,Returning,12,2,14,6.0
Home,205.99,1,Shipped,PayPal,Mobile,Email,Returning,12,2,14,5.0
Clothing,12.35,1,Delivered,Apple Pay,Mobile,Organic,Returning,12,3,14,6.0
Books,313.97,2,Delivered,Apple Pay,Mobile,Paid Search,VIP,12,3,14,4.0
Home,495.08,3,Delivered,PayPal,Desktop,Paid Search,Returning,12,3,14,3.0
Toys,206.74,1,Delivered,Apple Pay,Desktop,Organic,Returning,12,3,14,4.0
Books,271.07,3,Shipped,Debit Card,Desktop,Organic,Returning,12,3,14,6.0
Beauty,197.35,1,Delivered,PayPal,Desktop,Paid Search,Returning,12,3,14,2.0
Home,437.29,1,Delivered,Credit Card,Mobile,Paid Search,Returning,12,3,14,4.0
Beauty,38.03,2,Delivered,Credit Card,Tablet,Email,VIP,12,3,14,4.0
Clothing,455.28,2,Delivered,Debit Card,Desktop,Social,Returning,12,3,14,5.0
Home,448.46,5,Delivered,Apple Pay,Mobile,Organic,New,12,3,14,6.0
Clothing,447.97,2,Delivered,Debit Card,Mobile,Organic,VIP,12,3,14,3.0
Electronics,39.45,1,Shipped,PayPal,Desktop,Social,VIP,12,3,14,7.0
Books,377.66,2,Delivered,Apple Pay,Tablet,Organic,New,12,3,14,2.0
Toys,243.99,1,Shipped,Credit Card,Mobile,Organic,VIP,12,3,14,6.0
Books,480.94,2,Returned,PayPal,Tablet,Email,VIP,12,3,14,1.0
Beauty,108.13,4,Shipped,Debit Card,Mobile,Organic,Returning,12,3,14,4.0
Home,230.22,3,Delivered,Debit Card,Desktop,Social,Returning,12,3,14,1.0
Books,188.0,1,Shipped,Google Pay,Desktop,Organic,Returning,12,3,14,4.0
Home,33.54,4,Delivered,Google Pay,Mobile,Paid Search,VIP,12,3,14,5.0
Beauty,308.45,1,Delivered,Google Pay,Desktop,Paid Search,VIP,12,3,14,1.0
Books,64.69,1,Delivered,Google Pay,Mobile,Paid Search,VIP,12,3,14,6.0
Clothing,237.36,3,Delivered,PayPal,Desktop,Organic,Returning,12,3,14,1.0
Clothing,458.75,1,Delivered,Apple Pay,Mobile,Email,Returning,12,3,14,1.0
Toys,229.47,2,Delivered,PayPal,Desktop,Organic,Returning,12,3,14,2.0
Beauty,181.91,1,Returned,Google Pay,Mobile,Organic,Returning,12,3,14,4.0
Home,116.99,1,Shipped,Google Pay,Desktop,Paid Search,Returning,12,3,14,4.0
Electronics,172.58,1,Shipped,Debit Card,Tablet,Social,Returning,12,3,14,1.0
Electronics,276.52,2,Delivered,Google Pay,Desktop,Paid Search,VIP,12,3,14,3.0
Clothing,136.48,4,Delivered,Apple Pay,Mobile,Email,Returning,12,3,14,5.0
Toys,434.02,1,Shipped,Debit Card,Tablet,Social,VIP,12,4,14,7.0
Beauty,51.28,1,Delivered,Apple Pay,Tablet,Organic,VIP,12,4,14,1.0
Books,378.08,1,Returned,PayPal,Tablet,Organic,Returning,12,4,14,6.0
Toys,217.47,2,Delivered,PayPal,Tablet,Email,Returning,12,4,14,2.0
Clothing,308.63,1,Delivered,Google Pay,Desktop,Organic,VIP,12,4,14,6.0
Toys,112.0,1,Delivered,Apple Pay,Desktop,Social,VIP,12,4,14,7.0
Home,472.08,3,Shipped,Apple Pay,Tablet,Paid Search,VIP,12,4,14,4.0
Clothing,85.0,2,Delivered,Credit Card,Mobile,Paid Search,VIP,12,4,14,3.0
Books,20.06,1,Delivered,PayPal,Mobile,Email,Returning,12,4,14,3.0
Beauty,219.35,2,Delivered,PayPal,Desktop,Paid Search,Returning,12,4,14,2.0
Books,220.76,1,Returned,PayPal,Desktop,Organic,VIP,12,4,14,6.0
Electronics,446.58,2,Delivered,Debit Card,Tablet,Social,VIP,12,4,14,2.0
Toys,312.13,3,Pending,PayPal,Desktop,Email,VIP,12,4,14,7.0
Books,465.92,4,Returned,Google Pay,Mobile,Organic,Returning,12,4,14,7.0
Books,150.4,1,Delivered,PayPal,Desktop,Social,New,12,4,14,7.0
Toys,195.95,1,Delivered,Debit Card,Mobile,Email,Returning,12,4,14,4.0
Books,71.84,5,Delivered,Credit Card,Tablet,Paid Search,Returning,12,4,14,2.0
Home,93.5,1,Delivered,Debit Card,Desktop,Email,VIP,12,4,14,2.0
Beauty,9.39,1,Delivered,Debit Card,Mobile,Email,VIP,12,4,14,4.0
Toys,451.45,3,Delivered,Credit Card,Desktop,Organic,Returning,12,4,14,5.0
Toys,308.5,5,Delivered,Debit Card,Desktop,Organic,VIP,12,4,14,6.0
Clothing,434.12,3,Delivered,Google Pay,Mobile,Organic,Returning,12,4,14,5.0
Books,9.0,3,Delivered,Apple Pay,Tablet,Organic,VIP,12,4,14,6.0
Home,415.22,1,Shipped,Credit Card,Tablet,Paid Search,Returning,12,4,14,2.0
Beauty,72.94,1,Delivered,Credit Card,Tablet,Paid Search,Returning,12,4,14,7.0
Books,187.34,1,Delivered,Credit Card,Desktop,Email,VIP,12,4,14,6.0
Clothing,442.28,3,Delivered,PayPal,Desktop,Organic,VIP,12,4,14,4.0
Home,346.75,1,Pending,Google Pay,Mobile,Email,Returning,12,5,14,3.0
Clothing,85.59,2,Delivered,Credit Card,Tablet,Organic,VIP,12,5,14,3.0
Clothing,332.01,2,Delivered,PayPal,Tablet,Social,VIP,12,5,14,4.0
Electronics,287.22,2,Delivered,Credit Card,Desktop,Email,VIP,12,5,14,3.0
Clothing,273.0,2,Delivered,Google Pay,Tablet,Social,VIP,12,5,14,3.0
Books,295.46,3,Delivered,PayPal,Desktop,Social,VIP,12,5,14,3.0
Clothing,228.98,1,Shipped,Credit Card,Tablet,Social,VIP,12,5,14,3.0
Toys,456.72,1,Shipped,Apple Pay,Tablet,Email,Returning,12,5,14,1.0
Beauty,399.07,3,Delivered,Apple Pay,Mobile,Paid Search,Returning,12,5,14,7.0
Books,365.17,1,Delivered,Credit Card,Tablet,Organic,Returning,12,5,14,6.0
Electronics,129.21,1,Delivered,PayPal,Tablet,Paid Search,Returning,12,5,14,2.0
Books,123.77,3,Delivered,Credit Card,Desktop,Organic,VIP,12,5,14,2.0
Toys,404.95,2,Delivered,Credit Card,Desktop,Email,Returning,12,5,14,7.0
Toys,337.42,1,Delivered,PayPal,Tablet,Paid Search,VIP,12,5,14,6.0
Toys,362.51,2,Delivered,Apple Pay,Desktop,Social,New,12,5,14,1.0
Toys,280.64,1,Delivered,PayPal,Desktop,Paid Search,VIP,12,5,14,2.0
Toys,341.42,3,Pending,Credit Card,Tablet,Paid Search,Returning,12,5,14,5.0
Books,330.67,5,Delivered,PayPal,Tablet,Email,VIP,12,5,14,1.0
Clothing,57.9,2,Delivered,Credit Card,Tablet,Paid Search,VIP,12,5,14,2.0
Books,60.87,1,Shipped,Debit Card,Tablet,Social,VIP,12,5,14,4.0
Toys,339.64,3,Delivered,Google Pay,Mobile,Social,VIP,12,5,14,5.0
Clothing,429.74,3,Delivered,Debit Card,Tablet,Paid Search,VIP,12,5,14,5.0
Home,343.31,1,Delivered,Apple Pay,Mobile,Social,Returning,12,5,14,1.0
Books,94.81,1,Shipped,Apple Pay,Tablet,Organic,VIP,12,5,14,3.0
Home,204.16,3,Delivered,Credit Card,Tablet,Organic,Returning,12,6,14,1.0
Clothing,476.96,3,Delivered,PayPal,Tablet,Social,Returning,12,6,14,4.0
Toys,200.15,1,Delivered,PayPal,Mobile,Paid Search,Returning,12,6,14,2.0
Clothing,490.91,3,Shipped,PayPal,Tablet,Social,VIP,12,6,14,5.0
Books,477.76,4,Pending,Apple Pay,Tablet,Paid Search,VIP,12,6,14,4.0
Home,191.86,2,Delivered,PayPal,Mobile,Email,Returning,12,6,14,1.0
Toys,335.42,1,Delivered,Credit Card,Tablet,Email,Returning,12,6,14,2.0
Clothing,187.1,1,Delivered,Debit Card,Mobile,Organic,VIP,12,6,14,1.0
Beauty,103.23,4,Delivered,Credit Card,Mobile,Email,VIP,12,6,14,7.0
Beauty,369.88,1,Delivered,Google Pay,Mobile,Email,VIP,12,6,14,6.0
Electronics,371.39,2,Delivered,Apple Pay,Tablet,Social,VIP,12,6,14,6.0
Electronics,14.52,2,Delivered,Credit Card,Desktop,Social,VIP,12,6,14,2.0
Toys,243.08,1,Shipped,PayPal,Desktop,Paid Search,VIP,12,6,14,3.0
Electronics,135.48,1,Delivered,Credit Card,Desktop,Paid Search,Returning,12,6,14,1.0
Electronics,279.47,1,Shipped,Credit Card,Mobile,Email,VIP,12,6,14,2.0
Electronics,466.42,1,Delivered,Apple Pay,Desktop,Paid Search,VIP,12,6,14,3.0
Beauty,88.69,1,Delivered,Debit Card,Tablet,Email,Returning,12,6,14,4.0
Books,283.96,2,Delivered,Debit Card,Mobile,Paid Search,New,12,6,14,3.0
Beauty,272.03,1,Delivered,Google Pay,Desktop,Paid Search,Returning,12,6,14,7.0
Home,203.7,1,Shipped,Google Pay,Mobile,Social,VIP,12,6,14,3.0
Toys,97.23,3,Shipped,Credit Card,Desktop,Organic,VIP,12,6,14,4.0
Books,283.23,4,Delivered,Debit Card,Desktop,Organic,Returning,12,6,14,1.0
Clothing,84.95,1,Shipped,Credit Card,Desktop,Social,Returning,12,6,14,2.0
Clothing,476.92,2,Delivered,Debit Card,Mobile,Email,Returning,12,6,14,6.0
Home,339.81,1,Delivered,Apple Pay,Desktop,Social,Returning,12,6,14,5.0
Home,10.3,1,Delivered,Apple Pay,Mobile,Social,VIP,12,6,14,1.0
Clothing,449.19,2,Delivered,Google Pay,Desktop,Organic,Returning,12,6,14,1.0
Beauty,230.58,1,Delivered,Debit Card,Desktop,Organic,Returning,12,6,14,6.0
Electronics,451.11,4,Shipped,Debit Card,Tablet,Email,VIP,12,6,14,1.0
Books,158.0,5,Delivered,Debit Card,Desktop,Email,VIP,12,6,14,6.0
Books,51.51,4,Delivered,PayPal,Tablet,Organic,VIP,12,6,14,6.0
Clothing,487.04,2,Delivered,Credit Card,Tablet,Email,VIP,12,6,14,7.0
Books,106.52,4,Delivered,Debit Card,Mobile,Social,VIP,12,0,14,3.0
Electronics,379.7,3,Returned,Google Pay,Mobile,Paid Search,VIP,12,0,14,3.0
Home,458.77,4,Delivered,PayPal,Mobile,Email,VIP,12,0,14,3.0
Home,257.83,1,Shipped,PayPal,Desktop,Organic,VIP,12,0,14,3.0
Beauty,489.63,1,Shipped,Credit Card,Mobile,Social,Returning,12,0,14,5.0
Toys,494.17,1,Delivered,Google Pay,Desktop,Paid Search,VIP,12,0,14,7.0
Home,430.49,2,Delivered,Credit Card,Tablet,Social,VIP,12,0,14,7.0
Toys,100.57,4,Delivered,Google Pay,Mobile,Paid Search,VIP,12,0,14,2.0
Books,394.7,1,Delivered,Google Pay,Mobile,Paid Search,VIP,12,0,14,6.0
Electronics,334.91,3,Delivered,PayPal,Desktop,Paid Search,VIP,12,0,14,2.0
Toys,347.97,2,Delivered,Apple Pay,Mobile,Email,VIP,12,0,14,1.0
Clothing,299.47,1,Delivered,Debit Card,Desktop,Paid Search,Returning,12,0,14,1.0
Home,46.8,2,Delivered,Google Pay,Desktop,Social,Returning,12,0,14,6.0
Books,275.32,1,Delivered,Apple Pay,Mobile,Social,Returning,12,0,14,7.0
Books,120.93,3,Delivered,Apple Pay,Tablet,Email,Returning,12,0,14,6.0
Beauty,28.44,2,Delivered,Apple Pay,Desktop,Social,VIP,12,0,14,5.0
Toys,237.7,3,Delivered,Debit Card,Mobile,Paid Search,Returning,12,0,14,2.0
Electronics,492.19,1,Delivered,Apple Pay,Desktop,Social,Returning,12,0,14,4.0
Clothing,190.4,1,Shipped,Google Pay,Desktop,Email,VIP,12,0,14,3.0
Beauty,145.77,2,Delivered,Apple Pay,Tablet,Email,VIP,12,0,14,4.0
Clothing,461.01,1,Delivered,Apple Pay,Tablet,Email,VIP,12,0,14,2.0
Home,216.04,2,Delivered,Credit Card,Mobile,Email,VIP,12,0,14,1.0
Beauty,135.95,1,Delivered,Debit Card,Mobile,Organic,VIP,12,0,14,1.0
Clothing,341.6,1,Delivered,Google Pay,Desktop,Paid Search,VIP,12,0,14,3.0
Home,28.4,3,Pending,Google Pay,Mobile,Email,Returning,12,0,14,4.0
Books,194.95,3,Delivered,Debit Card,Tablet,Organic,VIP,12,0,14,1.0
Beauty,71.99,1,Shipped,Google Pay,Mobile,Social,VIP,12,1,14,4.0
Books,272.06,3,Delivered,Debit Card,Mobile,Paid Search,VIP,12,1,14,1.0
Home,472.94,1,Delivered,Google Pay,Tablet,Social,VIP,12,1,14,3.0
Clothing,379.52,3,Delivered,Debit Card,Desktop,Email,Returning,12,1,14,3.0
Clothing,184.01,3,Delivered,Apple Pay,Mobile,Email,VIP,12,1,14,6.0
Toys,6.19,1,Delivered,Apple Pay,Tablet,Paid Search,VIP,12,1,14,4.0
Electronics,458.69,6,Shipped,Debit Card,Tablet,Email,Returning,12,1,14,6.0
Beauty,269.19,1,Delivered,Credit Card,Tablet,Organic,Returning,12,1,14,6.0
Clothing,454.79,1,Delivered,Debit Card,Mobile,Social,VIP,12,1,14,2.0
Clothing,380.87,1,Delivered,Debit Card,Desktop,Social,VIP,12,1,14,3.0
Books,334.01,1,Delivered,Apple Pay,Tablet,Organic,VIP,12,1,14,2.0
Clothing,254.57,2,Returned,Debit Card,Tablet,Paid Search,Returning,12,1,14,6.0
Home,307.15,2,Delivered,Debit Card,Mobile,Email,Returning,12,1,14,2.0
Home,275.12,2,Delivered,Apple Pay,Tablet,Email,Returning,12,1,14,6.0
Toys,262.7,4,Pending,Credit Card,Desktop,Social,Returning,12,1,14,7.0
Toys,268.26,1,Delivered,Credit Card,Tablet,Email,VIP,12,1,14,5.0
Beauty,145.59,1,Returned,Credit Card,Mobile,Paid Search,VIP,12,1,14,5.0
Electronics,399.59,1,Delivered,Apple Pay,Mobile,Email,VIP,12,1,14,1.0
Home,112.15,2,Delivered,Apple Pay,Desktop,Organic,VIP,12,1,14,2.0
Electronics,494.29,1,Delivered,Apple Pay,Mobile,Email,Returning,12,1,14,1.0
Beauty,457.32,2,Delivered,Credit Card,Mobile,Organic,Returning,12,1,14,7.0
Electronics,433.85,4,Delivered,Apple Pay,Tablet,Email,Returning,12,1,14,6.0
Clothing,75.14,1,Delivered,Apple Pay,Tablet,Social,VIP,12,1,14,4.0
Beauty,120.82,1,Shipped,PayPal,Tablet,Paid Search,Returning,12,1,14,5.0
Home,338.0,1,Delivered,Debit Card,Tablet,Paid Search,Returning,12,1,14,5.0
Beauty,248.77,2,Returned,Credit Card,Mobile,Organic,VIP,12,1,14,6.0
Electronics,392.96,2,Delivered,Google Pay,Mobile,Organic,Returning,12,1,14,5.0
Electronics,252.09,3,Shipped,Debit Card,Mobile,Email,Returning,12,1,14,4.0
Toys,155.99,1,Delivered,Google Pay,Mobile,Paid Search,VIP,12,1,14,3.0
Electronics,10.57,2,Shipped,Apple Pay,Mobile,Social,Returning,12,1,14,3.0
Clothing,292.6,2,Delivered,PayPal,Mobile,Email,VIP,1,2,14,3.0
Clothing,152.15,2,Delivered,Apple Pay,Mobile,Social,Returning,1,2,14,7.0
Toys,288.25,1,Delivered,Debit Card,Mobile,Paid Search,VIP,1,2,14,7.0
Electronics,50.17,2,Delivered,Debit Card,Tablet,Social,VIP,1,2,14,6.0
Toys,203.95,1,Delivered,Google Pay,Desktop,Social,Returning,1,2,14,7.0
Clothing,376.42,1,Delivered,Google Pay,Desktop,Email,VIP,1,2,14,3.0
Electronics,120.99,3,Pending,Debit Card,Tablet,Social,VIP,1,2,14,2.0
Books,344.71,2,Delivered,Credit Card,Desktop,Organic,Returning,1,2,14,7.0
Home,55.5,1,Pending,Google Pay,Tablet,Email,VIP,1,2,14,3.0
Books,239.72,2,Delivered,Credit Card,Tablet,Social,VIP,1,2,14,2.0
Toys,247.73,1,Delivered,Google Pay,Desktop,Social,VIP,1,2,14,4.0
Home,195.71,1,Shipped,Google Pay,Desktop,Social,VIP,1,2,14,5.0
Home,91.62,1,Shipped,Google Pay,Desktop,Social,Returning,1,2,14,5.0
Beauty,340.39,4,Delivered,Apple Pay,Desktop,Organic,Returning,1,2,14,4.0
Toys,185.15,1,Delivered,PayPal,Tablet,Email,Returning,1,2,14,3.0
Clothing,412.09,1,Shipped,Google Pay,Tablet,Paid Search,Returning,1,2,14,7.0
Home,300.17,1,Shipped,Credit Card,Mobile,Paid Search,VIP,1,2,14,3.0
Clothing,470.65,2,Delivered,Credit Card,Desktop,Organic,Returning,1,2,14,2.0
Toys,370.66,2,Delivered,Apple Pay,Tablet,Paid Search,VIP,1,2,14,5.0
Books,356.09,1,Delivered,Credit Card,Mobile,Social,Returning,1,2,14,2.0
Clothing,431.47,2,Shipped,Credit Card,Desktop,Email,New,1,2,14,7.0
Toys,496.75,1,Delivered,Apple Pay,Desktop,Social,VIP,1,2,14,4.0
Beauty,34.54,1,Returned,PayPal,Tablet,Paid Search,Returning,1,2,14,2.0
Beauty,237.84,3,Delivered,Debit Card,Mobile,Organic,Returning,1,2,14,5.0
Clothing,285.68,1,Shipped,Credit Card,Tablet,Social,Returning,1,2,14,5.0
Books,58.64,2,Delivered,Debit Card,Desktop,Social,VIP,1,2,14,6.0
Toys,72.25,4,Delivered,Credit Card,Desktop,Social,VIP,1,2,14,4.0
Home,78.26,4,Delivered,Debit Card,Tablet,Organic,VIP,1,2,14,4.0
Clothing,71.15,1,Delivered,Debit Card,Desktop,Email,VIP,1,3,14,5.0
Clothing,148.33,2,Delivered,PayPal,Desktop,Organic,Returning,1,3,14,2.0
Toys,92.83,2,Delivered,Credit Card,Mobile,Social,VIP,1,3,14,2.0
Toys,194.98,1,Delivered,Google Pay,Tablet,Social,VIP,1,3,14,6.0
Home,477.6,1,Delivered,Google Pay,Desktop,Paid Search,VIP,1,3,14,1.0
Toys,223.43,1,Shipped,Apple Pay,Mobile,Email,Returning,1,3,14,3.0
Toys,449.39,1,Delivered,PayPal,Tablet,Organic,VIP,1,3,14,4.0
Books,26.46,1,Delivered,Apple Pay,Desktop,Paid Search,Returning,1,3,14,7.0
Clothing,403.66,2,Delivered,PayPal,Tablet,Organic,Returning,1,3,14,1.0
Books,499.54,4,Delivered,PayPal,Desktop,Organic,Returning,1,3,14,2.0
Electronics,415.76,1,Delivered,Apple Pay,Tablet,Email,Returning,1,3,14,3.0
Clothing,24.19,1,Delivered,Debit Card,Tablet,Email,Returning,1,3,14,3.0
Electronics,115.47,1,Returned,PayPal,Mobile,Paid Search,VIP,1,3,14,5.0
Toys,291.04,3,Delivered,Debit Card,Mobile,Social,VIP,1,3,14,5.0
Toys,246.86,2,Delivered,PayPal,Mobile,Organic,VIP,1,3,14,6.0
Clothing,473.5,1,Shipped,PayPal,Desktop,Email,VIP,1,3,14,1.0
Toys,421.36,1,Delivered,PayPal,Tablet,Social,New,1,3,14,7.0
Books,321.05,1,Delivered,Apple Pay,Tablet,Paid Search,Returning,1,3,14,6.0
Books,110.02,1,Shipped,Credit Card,Mobile,Organic,Returning,1,3,14,3.0
Home,74.4,4,Shipped,Credit Card,Mobile,Social,Returning,1,3,14,6.0
Books,266.33,1,Delivered,Debit Card,Tablet,Paid Search,VIP,1,3,14,7.0
Toys,77.87,6,Delivered,Google Pay,Desktop,Organic,Returning,1,3,14,4.0
Clothing,233.18,2,Delivered,Google Pay,Desktop,Organic,Returning,1,3,14,2.0
Beauty,303.15,2,Shipped,Apple Pay,Mobile,Email,VIP,1,3,14,5.0
Home,421.86,3,Delivered,Google Pay,Desktop,Paid Search,VIP,1,3,14,7.0
Toys,174.92,1,Shipped,Credit Card,Tablet,Email,VIP,1,3,14,3.0
Toys,402.15,1,Shipped,Apple Pay,Desktop,Email,Returning,1,3,14,6.0
Toys,9.27,2,Delivered,Debit Card,Mobile,Email,Returning,1,3,14,2.0
Books,125.88,3,Delivered,Credit Card,Mobile,Organic,VIP,1,3,14,6.0
Beauty,311.85,1,Pending,Debit Card,Desktop,Social,VIP,1,3,14,1.0
Clothing,322.59,6,Delivered,Google Pay,Mobile,Paid Search,Returning,1,3,14,5.0
Electronics,119.09,2,Delivered,PayPal,Desktop,Email,VIP,1,3,14,6.0
Home,480.89,3,Delivered,PayPal,Desktop,Email,VIP,1,3,14,5.0
Books,102.95,1,Delivered,PayPal,Mobile,Social,VIP,1,3,14,7.0
Beauty,379.96,2,Shipped,Credit Card,Mobile,Email,Returning,1,3,14,5.0
Home,268.15,3,Delivered,PayPal,Tablet,Organic,VIP,1,3,14,7.0
Books,498.69,3,Delivered,PayPal,Mobile,Social,VIP,1,4,14,4.0
Books,254.86,1,Shipped,Apple Pay,Desktop,Email,New,1,4,14,2.0
Home,124.33,2,Delivered,Apple Pay,Tablet,Organic,VIP,1,4,14,6.0
Clothing,490.46,3,Delivered,Debit Card,Desktop,Paid Search,VIP,1,4,14,7.0
Books,241.99,1,Delivered,Debit Card,Mobile,Paid Search,VIP,1,4,14,7.0
Books,389.85,1,Delivered,Debit Card,Tablet,Paid Search,Returning,1,4,14,3.0
Beauty,460.44,1,Delivered,Credit Card,Tablet,Paid Search,Returning,1,4,14,4.0
Books,106.94,1,Delivered,Debit Card,Mobile,Paid Search,VIP,1,4,14,6.0
Electronics,299.44,1,Delivered,Credit Card,Desktop,Paid Search,VIP,1,4,14,3.0
Toys,284.18,2,Delivered,Credit Card,Desktop,Email,VIP,1,4,14,5.0
Beauty,321.43,4,Shipped,Apple Pay,Tablet,Social,VIP,1,4,14,7.0
Toys,325.04,1,Delivered,PayPal,Mobile,Paid Search,VIP,1,4,14,3.0
Electronics,402.91,1,Delivered,Google Pay,Desktop,Paid Search,Returning,1,4,14,3.0
Toys,143.2,4,Delivered,Google Pay,Mobile,Email,VIP,1,4,14,4.0
Electronics,366.72,2,Delivered,Debit Card,Tablet,Email,VIP,1,4,14,4.0
Beauty,258.8,2,Delivered,PayPal,Tablet,Email,Returning,1,4,14,1.0
Home,198.16,3,Delivered,Credit Card,Desktop,Social,Returning,1,4,14,4.0
Toys,471.75,1,Shipped,Apple Pay,Desktop,Social,Returning,1,4,14,3.0
Toys,320.4,2,Shipped,PayPal,Mobile,Social,Returning,1,4,14,7.0
Home,16.79,3,Delivered,Apple Pay,Mobile,Organic,VIP,1,4,14,7.0
Home,77.48,2,Shipped,Debit Card,Tablet,Email,VIP,1,4,14,4.0
Toys,176.01,5,Delivered,Google Pay,Desktop,Paid Search,VIP,1,4,14,6.0
Home,247.69,1,Shipped,Apple Pay,Mobile,Paid Search,VIP,1,4,14,3.0
Clothing,146.39,2,Delivered,Debit Card,Desktop,Organic,VIP,1,4,14,1.0
Toys,271.84,2,Shipped,Google Pay,Desktop,Social,VIP,1,4,14,4.0
Beauty,393.82,4,Shipped,Debit Card,Mobile,Social,Returning,1,4,14,7.0
Clothing,490.87,2,Delivered,Apple Pay,Desktop,Organic,Returning,1,4,14,4.0
Books,379.95,1,Returned,PayPal,Tablet,Email,VIP,1,4,14,5.0
Beauty,399.39,3,Delivered,PayPal,Desktop,Email,Returning,1,4,14,1.0
Toys,192.86,2,Delivered,Debit Card,Desktop,Social,VIP,1,4,14,2.0
Clothing,238.93,1,Delivered,Debit Card,Desktop,Social,VIP,1,4,14,4.0
Home,227.2,6,Delivered,Google Pay,Tablet,Email,Returning,1,5,14,5.0
Electronics,462.95,1,Delivered,Apple Pay,Mobile,Social,VIP,1,5,14,5.0
Home,333.79,2,Delivered,Credit Card,Tablet,Paid Search,Returning,1,5,14,5.0
Home,387.99,4,Delivered,Google Pay,Desktop,Email,VIP,1,5,14,5.0
Beauty,332.14,6,Delivered,Credit Card,Tablet,Email,VIP,1,5,14,6.0
Books,15.12,1,Shipped,Debit Card,Tablet,Paid Search,VIP,1,5,14,6.0
Electronics,91.03,4,Delivered,Apple Pay,Desktop,Email,VIP,1,5,14,2.0
Home,123.18,1,Shipped,Credit Card,Mobile,Social,Returning,1,5,14,3.0
Clothing,150.45,2,Delivered,PayPal,Tablet,Paid Search,VIP,1,5,14,7.0
Electronics,321.83,4,Delivered,PayPal,Tablet,Paid Search,VIP,1,5,14,6.0
Beauty,193.98,3,Delivered,Apple Pay,Desktop,Email,New,1,5,14,6.0
Books,59.13,1,Delivered,Debit Card,Mobile,Paid Search,VIP,1,5,14,7.0
Beauty,127.43,1,Delivered,Google Pay,Tablet,Social,Returning,1,5,14,4.0
Electronics,203.25,1,Shipped,Debit Card,Mobile,Organic,Returning,1,5,14,5.0
Clothing,167.97,1,Delivered,PayPal,Mobile,Email,VIP,1,5,14,6.0
Beauty,222.63,1,Delivered,Debit Card,Desktop,Social,VIP,1,5,14,5.0
Beauty,125.96,2,Shipped,PayPal,Tablet,Paid Search,New,1,5,14,7.0
Electronics,490.43,2,Shipped,Credit Card,Desktop,Email,Returning,1,5,14,7.0
Beauty,116.72,1,Delivered,Credit Card,Mobile,Organic,VIP,1,5,14,6.0
Books,312.71,1,Delivered,Credit Card,Tablet,Organic,VIP,1,5,14,4.0
Home,435.53,3,Delivered,PayPal,Tablet,Email,VIP,1,5,14,4.0
Books,119.46,1,Delivered,Credit Card,Desktop,Social,VIP,1,5,14,3.0
Home,457.59,2,Delivered,Debit Card,Mobile,Organic,VIP,1,5,14,2.0
Clothing,50.48,1,Shipped,Apple Pay,Mobile,Paid Search,Returning,1,5,14,1.0
Beauty,274.69,3,Pending,PayPal,Tablet,Email,VIP,1,5,14,5.0
Toys,147.07,1,Delivered,Apple Pay,Desktop,Email,VIP,1,5,14,7.0
Clothing,225.84,3,Delivered,Apple Pay,Mobile,Paid Search,VIP,1,5,14,6.0
Beauty,448.41,2,Delivered,Credit Card,Mobile,Paid Search,VIP,1,5,14,7.0
Electronics,376.47,5,Delivered,Debit Card,Mobile,Social,VIP,1,6,14,7.0
Electronics,36.27,2,Delivered,Credit Card,Desktop,Organic,Returning,1,6,14,3.0
Home,20.76,3,Delivered,Credit Card,Tablet,Social,Returning,1,6,14,5.0
Books,246.77,1,Delivered,Debit Card,Desktop,Social,VIP,1,6,14,3.0
Books,175.34,4,Delivered,PayPal,Tablet,Organic,VIP,1,6,14,3.0
Books,110.68,3,Shipped,Debit Card,Tablet,Paid Search,VIP,1,6,14,2.0
Books,118.1,2,Delivered,Google Pay,Desktop,Paid Search,Returning,1,6,14,6.0
Clothing,125.91,1,Delivered,PayPal,Tablet,Paid Search,New,1,6,14,7.0
Clothing,254.49,1,Delivered,Apple Pay,Desktop,Paid Search,New,1,6,14,3.0
Beauty,421.97,2,Delivered,PayPal,Mobile,Paid Search,VIP,1,6,14,6.0
Toys,122.13,1,Shipped,Google Pay,Desktop,Paid Search,New,1,6,14,7.0
Beauty,321.71,2,Delivered,Google Pay,Mobile,Paid Search,VIP,1,6,14,6.0
Clothing,131.65,2,Delivered,Debit Card,Desktop,Organic,VIP,1,6,14,2.0
Books,399.83,1,Delivered,Apple Pay,Tablet,Social,VIP,1,6,14,7.0
Clothing,96.15,2,Delivered,Credit Card,Mobile,Organic,Returning,1,6,14,5.0
Beauty,108.88,1,Delivered,Google Pay,Desktop,Paid Search,Returning,1,6,14,3.0
Toys,146.8,2,Shipped,Apple Pay,Tablet,Email,Returning,1,6,14,3.0
Clothing,254.78,4,Delivered,PayPal,Desktop,Organic,VIP,1,6,14,5.0
Clothing,195.78,1,Delivered,PayPal,Mobile,Email,VIP,1,6,14,5.0
Clothing,38.96,2,Shipped,Credit Card,Tablet,Organic,Returning,1,6,14,5.0
Books,470.69,4,Delivered,Credit Card,Desktop,Email,Returning,1,6,14,2.0
Books,239.83,1,Shipped,Google Pay,Tablet,Organic,VIP,1,6,14,1.0
Home,217.94,3,Shipped,Google Pay,Desktop,Social,VIP,1,6,14,4.0
Toys,446.97,4,Delivered,Debit Card,Tablet,Social,VIP,1,6,14,6.0
Home,225.5,6,Delivered,Debit Card,Tablet,Paid Search,Returning,1,6,14,1.0
Books,468.84,2,Delivered,Google Pay,Tablet,Organic,VIP,1,6,14,1.0
Beauty,295.19,6,Delivered,PayPal,Desktop,Email,Returning,1,6,14,2.0
Books,261.11,3,Delivered,Debit Card,Mobile,Organic,VIP,1,6,14,5.0
Toys,63.64,1,Shipped,Debit Card,Mobile,Email,New,1,6,14,4.0
Toys,389.6,2,Delivered,PayPal,Mobile,Social,VIP,1,6,14,7.0
Toys,492.54,1,Delivered,Google Pay,Tablet,Paid Search,Returning,1,6,14,2.0
Electronics,116.41,2,Delivered,Apple Pay,Desktop,Paid Search,VIP,1,6,14,7.0
Clothing,469.05,2,Delivered,Google Pay,Tablet,Paid Search,VIP,1,6,14,1.0
Electronics,469.67,2,Delivered,Apple Pay,Tablet,Paid Search,VIP,1,0,14,2.0
Electronics,52.71,5,Delivered,Debit Card,Desktop,Email,Returning,1,0,14,5.0
Toys,282.98,1,Delivered,PayPal,Tablet,Paid Search,VIP,1,0,14,7.0
Books,257.71,3,Delivered,Credit Card,Tablet,Organic,VIP,1,0,14,4.0
Toys,359.88,1,Shipped,PayPal,Desktop,Paid Search,VIP,1,0,14,3.0
Books,298.63,7,Delivered,PayPal,Mobile,Organic,Returning,1,0,14,4.0
Electronics,50.17,2,Pending,PayPal,Desktop,Social,VIP,1,0,14,7.0
Books,174.99,2,Delivered,Google Pay,Tablet,Social,Returning,1,0,14,5.0
Clothing,403.34,1,Shipped,Google Pay,Desktop,Email,Returning,1,0,14,5.0
Clothing,184.49,2,Returned,Credit Card,Mobile,Social,Returning,1,0,14,2.0
Toys,221.46,1,Delivered,PayPal,Tablet,Email,Returning,1,0,14,4.0
Beauty,204.1,2,Delivered,PayPal,Desktop,Organic,Returning,1,0,14,6.0
Clothing,378.01,4,Returned,Google Pay,Desktop,Paid Search,Returning,1,0,14,7.0
Toys,178.99,1,Returned,Apple Pay,Desktop,Paid Search,Returning,1,0,14,2.0
Home,251.8,1,Delivered,PayPal,Mobile,Social,VIP,1,0,14,6.0
Books,329.93,1,Pending,Apple Pay,Mobile,Social,VIP,1,0,14,5.0
Toys,194.37,4,Delivered,Debit Card,Mobile,Email,VIP,1,0,14,3.0
Electronics,336.1,3,Delivered,Credit Card,Desktop,Email,VIP,1,0,14,3.0
Books,462.73,1,Delivered,Debit Card,Desktop,Organic,Returning,1,0,14,5.0
Clothing,333.92,1,Delivered,Debit Card,Desktop,Organic,VIP,1,0,14,4.0
Toys,142.03,3,Shipped,Apple Pay,Mobile,Organic,VIP,1,0,14,5.0
Electronics,206.64,3,Pending,Debit Card,Tablet,Social,Returning,1,0,14,3.0
Beauty,358.65,1,Delivered,Google Pay,Tablet,Social,Returning,1,0,14,1.0
Electronics,295.4,1,Delivered,Debit Card,Desktop,Organic,Returning,1,0,14,2.0
Toys,180.25,1,Shipped,Apple Pay,Mobile,Paid Search,Returning,1,0,14,4.0
Beauty,200.7,2,Delivered,Debit Card,Tablet,Email,New,1,0,14,2.0
Electronics,93.41,1,Delivered,PayPal,Desktop,Email,VIP,1,0,14,6.0
Beauty,432.9,1,Delivered,Credit Card,Desktop,Social,VIP,1,0,14,2.0
Home,437.51,1,Delivered,Debit Card,Desktop,Paid Search,VIP,1,0,14,5.0
Home,5.24,1,Delivered,PayPal,Desktop,Social,Returning,1,0,14,1.0
Clothing,368.93,1,Shipped,Apple Pay,Tablet,Organic,VIP,1,1,14,2.0
Electronics,400.44,1,Delivered,Google Pay,Tablet,Email,New,1,1,14,6.0
Clothing,223.89,5,Shipped,Credit Card,Tablet,Organic,Returning,1,1,14,5.0
Toys,389.86,1,Delivered,Debit Card,Tablet,Paid Search,VIP,1,1,14,5.0
Clothing,405.39,3,Delivered,Google Pay,Desktop,Paid Search,Returning,1,1,14,6.0
Books,143.43,3,Delivered,PayPal,Tablet,Paid Search,VIP,1,1,14,2.0
Clothing,306.64,2,Delivered,Apple Pay,Desktop,Organic,VIP,1,1,14,3.0
Electronics,482.69,1,Delivered,Google Pay,Desktop,Organic,Returning,1,1,14,3.0
Books,385.12,6,Delivered,Google Pay,Tablet,Email,Returning,1,1,14,2.0
Toys,102.73,3,Delivered,Google Pay,Desktop,Email,Returning,1,1,14,2.0
Clothing,419.13,3,Delivered,Google Pay,Tablet,Social,VIP,1,1,14,7.0
Home,310.77,2,Delivered,Credit Card,Mobile,Organic,VIP,1,1,14,6.0
Home,256.14,1,Delivered,Debit Card,Desktop,Social,Returning,1,1,14,7.0
Toys,110.29,3,Delivered,Google Pay,Desktop,Organic,VIP,1,1,14,2.0
Clothing,189.28,2,Delivered,Google Pay,Desktop,Organic,Returning,1,1,14,4.0
Home,104.62,2,Shipped,Debit Card,Desktop,Paid Search,VIP,1,1,14,2.0
Beauty,452.81,4,Returned,Debit Card,Desktop,Paid Search,VIP,1,1,14,4.0
Clothing,15.61,2,Delivered,Apple Pay,Mobile,Email,VIP,1,1,14,5.0
Clothing,443.95,3,Delivered,Google Pay,Mobile,Organic,Returning,1,1,14,1.0
Electronics,141.67,1,Delivered,Debit Card,Mobile,Social,VIP,1,1,14,4.0
Beauty,142.38,2,Shipped,Google Pay,Tablet,Social,VIP,1,1,14,2.0
Toys,247.14,3,Delivered,Debit Card,Desktop,Paid Search,Returning,1,1,14,2.0
Beauty,214.99,1,Delivered,Apple Pay,Mobile,Organic,Returning,1,1,14,7.0
Books,149.93,1,Pending,Apple Pay,Desktop,Social,New,1,1,14,1.0
Clothing,29.17,1,Returned,PayPal,Tablet,Social,VIP,1,1,14,7.0
Home,10.85,5,Delivered,Credit Card,Tablet,Email,Returning,1,1,14,5.0
Home,270.52,4,Delivered,Debit Card,Desktop,Paid Search,New,1,1,14,2.0
Books,139.33,2,Delivered,Apple Pay,Desktop,Email,New,1,1,14,2.0
Clothing,64.83,1,Delivered,Apple Pay,Mobile,Paid Search,Returning,1,1,14,6.0
Electronics,23.74,2,Delivered,Apple Pay,Tablet,Social,VIP,1,1,14,5.0
Clothing,209.6,6,Delivered,Debit Card,Mobile,Email,Returning,1,1,14,4.0
Beauty,26.79,1,Delivered,Debit Card,Mobile,Email,VIP,1,1,14,3.0
Home,415.37,1,Delivered,PayPal,Tablet,Paid Search,VIP,1,1,14,7.0
Home,162.52,2,Delivered,Credit Card,Desktop,Paid Search,Returning,1,1,14,4.0
Toys,13.6,2,Shipped,Credit Card,Mobile,Paid Search,Returning,1,1,14,5.0
Home,126.58,3,Delivered,PayPal,Desktop,Paid Search,VIP,1,1,14,4.0
Electronics,146.74,2,Delivered,Apple Pay,Tablet,Social,VIP,1,1,14,3.0
Books,155.4,1,Delivered,Apple Pay,Tablet,Organic,Returning,1,1,14,7.0
Toys,183.2,2,Delivered,Apple Pay,Mobile,Organic,New,1,1,14,7.0
Beauty,65.51,1,Shipped,Credit Card,Tablet,Email,VIP,1,1,14,4.0
Toys,226.23,3,Delivered,PayPal,Tablet,Social,Returning,1,1,14,4.0
Home,198.52,4,Pending,PayPal,Mobile,Organic,VIP,1,2,14,6.0
Home,95.65,3,Delivered,Credit Card,Mobile,Paid Search,Returning,1,2,14,4.0
Books,240.21,2,Shipped,Credit Card,Mobile,Social,Returning,1,2,14,4.0
Toys,393.16,1,Pending,Debit Card,Mobile,Paid Search,Returning,1,2,14,1.0
Electronics,166.75,1,Delivered,Google Pay,Tablet,Social,New,1,2,14,3.0
Toys,199.6,3,Shipped,PayPal,Tablet,Organic,VIP,1,2,14,6.0
Electronics,353.33,2,Delivered,PayPal,Desktop,Paid Search,VIP,1,2,14,4.0
Beauty,169.49,1,Delivered,Debit Card,Tablet,Social,VIP,1,2,14,5.0
Clothing,14.64,3,Returned,Debit Card,Desktop,Email,VIP,1,2,14,6.0
Clothing,380.26,3,Delivered,Google Pay,Mobile,Organic,VIP,1,2,14,7.0
Beauty,489.29,4,Delivered,Debit Card,Tablet,Organic,Returning,1,2,14,5.0
Beauty,126.26,2,Delivered,PayPal,Tablet,Social,VIP,1,2,14,1.0
Books,25.13,4,Shipped,Apple Pay,Mobile,Paid Search,VIP,1,2,14,4.0
Books,461.92,1,Delivered,Credit Card,Tablet,Email,VIP,1,2,14,1.0
Toys,110.16,3,Delivered,Credit Card,Desktop,Social,New,1,2,14,5.0
Toys,9.03,1,Delivered,PayPal,Mobile,Social,VIP,1,2,14,6.0
Home,175.65,4,Shipped,PayPal,Desktop,Social,Returning,1,2,14,3.0
Toys,390.66,1,Delivered,Credit Card,Tablet,Paid Search,Returning,1,2,14,4.0
Clothing,133.55,3,Delivered,PayPal,Tablet,Organic,VIP,1,2,14,2.0
Toys,367.04,1,Delivered,PayPal,Desktop,Organic,Returning,1,2,14,7.0
Books,159.98,3,Shipped,Apple Pay,Tablet,Organic,Returning,1,2,14,4.0
Electronics,270.15,3,Shipped,PayPal,Desktop,Email,VIP,1,3,14,1.0
Home,475.57,3,Delivered,Debit Card,Tablet,Social,Returning,1,3,14,6.0
Toys,437.89,1,Delivered,Apple Pay,Tablet,Email,Returning,1,3,14,4.0
Books,326.73,4,Shipped,PayPal,Desktop,Social,VIP,1,3,14,5.0
Beauty,396.68,1,Delivered,Apple Pay,Mobile,Paid Search,New,1,3,14,2.0
Books,218.29,2,Delivered,PayPal,Desktop,Social,Returning,1,3,14,5.0
Clothing,22.12,1,Shipped,Apple Pay,Desktop,Social,New,1,3,14,4.0
Beauty,238.85,1,Delivered,Apple Pay,Tablet,Email,VIP,1,3,14,6.0
Books,370.66,1,Delivered,Credit Card,Mobile,Social,VIP,1,3,14,1.0
Clothing,389.63,1,Delivered,Google Pay,Tablet,Paid Search,VIP,1,3,14,1.0
Beauty,454.41,2,Delivered,Debit Card,Desktop,Organic,VIP,1,3,14,5.0
Beauty,337.4,4,Delivered,Apple Pay,Mobile,Social,New,1,3,14,1.0
Clothing,300.41,2,Delivered,Google Pay,Mobile,Paid Search,VIP,1,3,14,7.0
Home,170.75,2,Delivered,Debit Card,Tablet,Email,Returning,1,3,14,1.0
Toys,222.92,3,Shipped,Debit Card,Tablet,Email,Returning,1,3,14,7.0
Toys,140.35,1,Delivered,Apple Pay,Tablet,Paid Search,VIP,1,3,14,2.0
Electronics,274.35,3,Delivered,Google Pay,Desktop,Paid Search,VIP,1,3,14,4.0
Beauty,441.19,1,Delivered,Debit Card,Tablet,Organic,VIP,1,3,14,3.0
Beauty,480.68,5,Delivered,PayPal,Desktop,Organic,VIP,1,3,14,5.0
Beauty,181.34,2,Delivered,Google Pay,Mobile,Organic,Returning,1,3,14,4.0
Toys,271.63,2,Delivered,Debit Card,Mobile,Paid Search,Returning,1,3,14,5.0
Beauty,426.4,3,Delivered,PayPal,Tablet,Email,VIP,1,3,14,1.0
Beauty,280.34,2,Delivered,PayPal,Desktop,Paid Search,Returning,1,3,14,5.0
Beauty,140.4,1,Shipped,Debit Card,Mobile,Email,Returning,1,3,14,3.0
Electronics,481.79,2,Shipped,Apple Pay,Mobile,Email,Returning,1,3,14,1.0
Clothing,252.68,5,Delivered,Debit Card,Tablet,Email,Returning,1,3,14,5.0
Beauty,397.06,1,Shipped,Credit Card,Desktop,Social,Returning,1,3,14,4.0
Electronics,352.67,1,Delivered,PayPal,Mobile,Email,Returning,1,3,14,6.0
Clothing,462.74,2,Delivered,Credit Card,Tablet,Organic,VIP,1,4,14,6.0
Books,103.89,1,Shipped,PayPal,Desktop,Social,Returning,1,4,14,5.0
Electronics,264.4,1,Delivered,PayPal,Tablet,Paid Search,Returning,1,4,14,5.0
Books,406.65,3,Delivered,PayPal,Mobile,Email,VIP,1,4,14,6.0
Electronics,142.8,1,Delivered,Debit Card,Tablet,Social,Returning,1,4,14,3.0
Toys,290.81,2,Delivered,Google Pay,Tablet,Email,VIP,1,4,14,2.0
Electronics,24.5,1,Delivered,PayPal,Tablet,Paid Search,New,1,4,14,6.0
Books,354.57,3,Delivered,Google Pay,Desktop,Paid Search,Returning,1,4,14,1.0
Electronics,100.78,3,Delivered,Apple Pay,Tablet,Paid Search,Returning,1,4,14,7.0
Beauty,353.76,2,Shipped,Google Pay,Tablet,Organic,VIP,1,4,14,6.0
Books,333.06,1,Shipped,Credit Card,Tablet,Social,VIP,1,4,14,6.0
Clothing,425.77,2,Delivered,Google Pay,Tablet,Organic,VIP,1,4,14,4.0
Clothing,174.31,2,Delivered,PayPal,Tablet,Paid Search,VIP,1,4,14,1.0
Clothing,184.39,1,Delivered,Google Pay,Desktop,Organic,Returning,1,4,14,5.0
Electronics,318.02,3,Delivered,Credit Card,Tablet,Organic,Returning,1,4,14,6.0
Clothing,188.74,1,Returned,Credit Card,Desktop,Email,VIP,1,4,14,3.0
Books,395.1,1,Delivered,Debit Card,Mobile,Email,VIP,1,4,14,4.0
Home,195.68,2,Delivered,Debit Card,Mobile,Social,New,1,4,14,5.0
Beauty,483.26,2,Delivered,Google Pay,Mobile,Organic,VIP,1,4,14,3.0
Books,416.2,1,Shipped,Credit Card,Mobile,Email,VIP,1,4,14,3.0
Toys,130.07,4,Delivered,Credit Card,Desktop,Organic,VIP,1,4,14,3.0
Books,271.77,5,Delivered,Debit Card,Desktop,Organic,VIP,1,4,14,1.0
Toys,40.73,1,Delivered,Debit Card,Mobile,Social,Returning,1,4,14,4.0
Toys,51.15,1,Shipped,Credit Card,Mobile,Social,VIP,1,4,14,3.0
Toys,210.0,1,Returned,Apple Pay,Desktop,Email,VIP,1,4,14,5.0
Toys,455.92,2,Pending,Credit Card,Desktop,Social,VIP,1,4,14,7.0
Home,287.48,3,Delivered,PayPal,Mobile,Paid Search,Returning,1,4,14,4.0
Electronics,451.59,3,Delivered,Credit Card,Tablet,Social,New,1,4,14,6.0
Electronics,345.47,3,Delivered,Google Pay,Tablet,Email,Returning,1,5,14,1.0
Clothing,214.45,1,Delivered,Debit Card,Desktop,Organic,VIP,1,5,14,7.0
Electronics,476.02,5,Delivered,Google Pay,Mobile,Email,Returning,1,5,14,7.0
Electronics,212.05,2,Delivered,Apple Pay,Tablet,Social,New,1,5,14,4.0
Toys,345.34,4,Shipped,Google Pay,Mobile,Paid Search,Returning,1,5,14,3.0
Toys,5.66,1,Shipped,Apple Pay,Tablet,Email,VIP,1,5,14,6.0
Toys,339.82,2,Shipped,Apple Pay,Desktop,Paid Search,Returning,1,5,14,6.0
Electronics,168.35,1,Delivered,Google Pay,Desktop,Social,Returning,1,5,14,2.0
Toys,161.39,3,Delivered,Google Pay,Mobile,Organic,Returning,1,5,14,2.0
Home,497.14,1,Delivered,Credit Card,Desktop,Email,VIP,1,5,14,7.0
Books,315.5,1,Delivered,Debit Card,Tablet,Organic,Returning,1,5,14,3.0
Electronics,337.35,1,Shipped,Debit Card,Tablet,Organic,Returning,1,5,14,4.0
Books,76.97,1,Delivered,Google Pay,Mobile,Social,VIP,1,5,14,2.0
Home,349.78,1,Delivered,PayPal,Mobile,Paid Search,Returning,1,5,14,6.0
Toys,294.63,1,Delivered,Credit Card,Desktop,Paid Search,VIP,1,5,14,5.0
Beauty,187.41,3,Delivered,Apple Pay,Desktop,Email,New,1,5,14,1.0
Clothing,275.04,1,Delivered,Debit Card,Tablet,Social,Returning,1,5,14,5.0
Toys,288.81,6,Delivered,PayPal,Mobile,Paid Search,New,1,5,14,6.0
Clothing,429.04,1,Delivered,Credit Card,Mobile,Paid Search,New,1,5,14,5.0
Electronics,221.8,1,Delivered,PayPal,Desktop,Social,VIP,1,5,14,4.0
Clothing,287.08,1,Delivered,Apple Pay,Tablet,Organic,VIP,1,5,14,3.0
Electronics,154.49,4,Delivered,Debit Card,Desktop,Email,Returning,1,5,14,6.0
Electronics,310.79,1,Delivered,PayPal,Desktop,Paid Search,VIP,1,6,14,4.0
Toys,137.73,4,Delivered,Google Pay,Desktop,Social,VIP,1,6,14,2.0
Home,448.85,4,Shipped,Apple Pay,Desktop,Email,Returning,1,6,14,4.0
Beauty,383.62,1,Pending,Credit Card,Tablet,Organic,Returning,1,6,14,3.0
Electronics,353.13,1,Delivered,Apple Pay,Desktop,Organic,Returning,1,6,14,1.0
Toys,341.11,1,Delivered,Credit Card,Tablet,Social,VIP,1,6,14,4.0
Clothing,225.19,2,Shipped,Credit Card,Desktop,Organic,VIP,1,6,14,7.0
Electronics,148.57,1,Delivered,Apple Pay,Tablet,Organic,Returning,1,6,14,5.0
Home,205.05,3,Shipped,Apple Pay,Mobile,Social,Returning,1,6,14,1.0
Home,126.99,4,Pending,Debit Card,Desktop,Email,VIP,1,6,14,4.0
Clothing,488.31,1,Delivered,Debit Card,Desktop,Social,Returning,1,6,14,3.0
Electronics,349.21,3,Shipped,PayPal,Mobile,Paid Search,VIP,1,6,14,5.0
Books,224.31,3,Delivered,Apple Pay,Mobile,Organic,Returning,1,6,14,3.0
Electronics,254.13,1,Shipped,Apple Pay,Tablet,Organic,VIP,1,6,14,7.0
Clothing,490.44,2,Delivered,Google Pay,Mobile,Organic,Returning,1,6,14,7.0
Electronics,408.12,3,Delivered,Debit Card,Tablet,Social,VIP,1,6,14,3.0
Books,368.6,1,Shipped,Apple Pay,Desktop,Social,Returning,1,6,14,3.0
Books,156.96,1,Returned,PayPal,Desktop,Email,VIP,1,6,14,3.0
Home,190.95,3,Shipped,Google Pay,Tablet,Social,VIP,1,6,14,6.0
Home,370.99,1,Delivered,PayPal,Mobile,Organic,VIP,1,6,14,3.0
Toys,102.09,2,Delivered,Debit Card,Tablet,Organic,VIP,1,6,14,3.0
Electronics,484.56,1,Shipped,Google Pay,Tablet,Social,Returning,1,6,14,1.0
Home,293.06,2,Delivered,Apple Pay,Desktop,Email,VIP,1,6,14,7.0
Home,404.6,1,Returned,Debit Card,Mobile,Email,Returning,1,6,14,5.0
Books,261.3,4,Pending,Credit Card,Tablet,Email,VIP,1,6,14,7.0
Clothing,14.59,2,Shipped,Credit Card,Tablet,Email,VIP,1,6,14,1.0
Toys,56.81,2,Delivered,Credit Card,Desktop,Paid Search,Returning,1,6,14,6.0
Home,179.23,1,Delivered,Debit Card,Mobile,Social,VIP,1,6,14,5.0
Electronics,143.33,4,Delivered,Apple Pay,Mobile,Social,Returning,1,6,14,3.0
Electronics,152.59,1,Shipped,Credit Card,Desktop,Email,VIP,1,6,14,7.0
Electronics,151.78,4,Shipped,PayPal,Mobile,Paid Search,VIP,1,6,14,5.0
Books,444.3,1,Pending,PayPal,Tablet,Paid Search,VIP,1,0,14,4.0
Beauty,215.15,5,Shipped,Debit Card,Desktop,Email,Returning,1,0,14,7.0
Toys,450.0,1,Shipped,Debit Card,Tablet,Social,VIP,1,0,14,7.0
Beauty,299.31,3,Delivered,Credit Card,Desktop,Email,VIP,1,0,14,4.0
Clothing,347.81,1,Delivered,PayPal,Desktop,Organic,VIP,1,0,14,6.0
Beauty,214.42,3,Delivered,Apple Pay,Desktop,Email,Returning,1,0,14,1.0
Clothing,446.44,1,Returned,Apple Pay,Mobile,Email,VIP,1,0,14,6.0
Books,365.68,3,Shipped,Apple Pay,Desktop,Email,Returning,1,0,14,4.0
Clothing,377.63,1,Shipped,Apple Pay,Tablet,Social,Returning,1,0,14,3.0
Books,139.48,1,Delivered,PayPal,Desktop,Organic,VIP,1,0,14,7.0
Books,224.37,1,Delivered,Credit Card,Tablet,Email,VIP,1,0,14,6.0
Toys,334.51,3,Delivered,Apple Pay,Tablet,Paid Search,VIP,1,0,14,2.0
Electronics,495.41,1,Delivered,Google Pay,Mobile,Email,VIP,1,0,14,4.0
Home,335.32,1,Delivered,PayPal,Mobile,Paid Search,Returning,1,0,14,3.0
Beauty,65.77,2,Delivered,Debit Card,Mobile,Email,Returning,1,0,14,1.0
Books,240.29,2,Delivered,Debit Card,Tablet,Paid Search,Returning,1,0,14,1.0
Electronics,84.25,1,Returned,PayPal,Mobile,Email,VIP,1,0,14,3.0
Books,246.66,2,Delivered,Debit Card,Tablet,Paid Search,New,1,0,14,1.0
Electronics,163.79,1,Delivered,Apple Pay,Mobile,Social,Returning,1,0,14,1.0
Clothing,283.85,2,Shipped,Apple Pay,Desktop,Organic,VIP,1,0,14,3.0
Toys,392.46,3,Returned,Apple Pay,Desktop,Paid Search,VIP,1,0,14,5.0
Beauty,253.06,3,Delivered,Credit Card,Tablet,Organic,VIP,1,0,14,2.0
Electronics,429.24,3,Delivered,Google Pay,Tablet,Paid Search,VIP,1,0,14,4.0
Electronics,417.57,3,Delivered,Apple Pay,Tablet,Social,VIP,1,0,14,6.0
Toys,217.78,3,Delivered,Google Pay,Tablet,Social,Returning,1,0,14,3.0
Electronics,85.28,6,Shipped,Apple Pay,Tablet,Social,Returning,1,0,14,7.0
Books,428.96,1,Delivered,Debit Card,Mobile,Organic,New,1,0,14,6.0
Toys,345.36,2,Delivered,Credit Card,Desktop,Social,Returning,1,0,14,4.0
Books,330.5,1,Delivered,PayPal,Tablet,Social,Returning,1,1,14,2.0
Electronics,374.66,1,Shipped,Debit Card,Tablet,Paid Search,Returning,1,1,14,1.0
Clothing,406.19,1,Shipped,Google Pay,Tablet,Social,Returning,1,1,14,5.0
Electronics,129.79,1,Pending,PayPal,Desktop,Paid Search,VIP,1,1,14,5.0
Home,423.76,2,Delivered,Credit Card,Tablet,Email,VIP,1,1,14,1.0
Toys,424.47,1,Returned,Apple Pay,Desktop,Social,VIP,1,1,14,5.0
Clothing,201.62,3,Delivered,Credit Card,Mobile,Paid Search,Returning,1,1,14,6.0
Books,363.05,4,Pending,Google Pay,Tablet,Paid Search,Returning,1,1,14,1.0
Clothing,435.92,1,Delivered,PayPal,Mobile,Organic,Returning,1,1,14,1.0
Home,452.91,1,Delivered,Debit Card,Tablet,Paid Search,VIP,1,1,14,5.0
Clothing,56.37,2,Delivered,Apple Pay,Mobile,Organic,Returning,1,1,14,1.0
Books,391.96,1,Delivered,Apple Pay,Mobile,Organic,VIP,1,1,14,7.0
Beauty,218.84,4,Delivered,Credit Card,Mobile,Social,VIP,1,1,14,1.0
Clothing,142.11,4,Pending,PayPal,Mobile,Email,Returning,1,1,14,1.0
Beauty,66.72,1,Delivered,Debit Card,Tablet,Social,VIP,1,1,14,5.0
Toys,140.9,1,Pending,Debit Card,Desktop,Paid Search,Returning,1,1,14,2.0
Beauty,252.79,4,Pending,PayPal,Tablet,Email,VIP,1,1,14,3.0
Books,349.04,3,Delivered,Google Pay,Mobile,Paid Search,VIP,1,1,14,3.0
Home,245.9,3,Shipped,Apple Pay,Mobile,Email,Returning,1,1,14,3.0
Toys,320.57,1,Delivered,Google Pay,Desktop,Paid Search,Returning,1,1,14,7.0
Books,154.63,2,Delivered,PayPal,Desktop,Paid Search,VIP,1,1,14,5.0
Home,208.42,2,Delivered,PayPal,Tablet,Email,VIP,1,1,14,3.0
Home,414.13,1,Shipped,Apple Pay,Mobile,Social,VIP,1,1,14,3.0
Clothing,362.7,2,Delivered,PayPal,Desktop,Social,Returning,1,1,14,7.0
Books,108.61,1,Delivered,Apple Pay,Tablet,Social,VIP,1,1,14,3.0
Home,338.13,6,Delivered,Credit Card,Tablet,Organic,VIP,1,1,14,7.0
Beauty,22.57,1,Delivered,Credit Card,Desktop,Paid Search,VIP,1,1,14,1.0
Electronics,27.21,3,Delivered,Debit Card,Tablet,Paid Search,VIP,1,1,14,3.0
Beauty,123.37,1,Shipped,Google Pay,Mobile,Social,VIP,1,1,14,5.0
Electronics,450.05,1,Delivered,Credit Card,Mobile,Organic,Returning,1,1,14,6.0
Beauty,330.7,1,Delivered,Apple Pay,Mobile,Paid Search,Returning,1,1,14,7.0
Books,178.36,2,Shipped,Apple Pay,Desktop,Email,Returning,1,2,14,3.0
Electronics,220.69,2,Shipped,Credit Card,Mobile,Paid Search,VIP,1,2,14,2.0
Toys,110.62,1,Delivered,Apple Pay,Mobile,Organic,VIP,1,2,14,3.0
Electronics,128.69,2,Shipped,PayPal,Desktop,Email,Returning,1,2,14,2.0
Home,161.51,3,Delivered,PayPal,Mobile,Organic,VIP,1,2,14,4.0
Toys,493.75,2,Delivered,Apple Pay,Mobile,Social,VIP,1,2,14,3.0
Toys,74.05,3,Delivered,Credit Card,Mobile,Organic,Returning,1,2,14,6.0
Clothing,137.23,3,Delivered,Apple Pay,Desktop,Paid Search,VIP,1,2,14,2.0
Home,55.76,4,Delivered,Credit Card,Tablet,Social,Returning,1,2,14,7.0
Home,498.82,3,Returned,PayPal,Mobile,Social,VIP,1,2,14,7.0
Toys,193.69,1,Shipped,Debit Card,Mobile,Organic,VIP,1,2,14,2.0
Toys,143.98,3,Delivered,Credit Card,Desktop,Email,Returning,1,2,14,5.0
Beauty,240.12,2,Delivered,Google Pay,Mobile,Social,VIP,1,2,14,5.0
Home,61.98,2,Shipped,Credit Card,Mobile,Paid Search,VIP,1,2,14,4.0
Books,488.43,2,Pending,Apple Pay,Desktop,Social,VIP,1,2,14,6.0
Toys,102.27,1,Delivered,Credit Card,Mobile,Paid Search,VIP,1,2,14,7.0
Toys,27.8,3,Delivered,Debit Card,Mobile,Paid Search,VIP,1,2,14,1.0
Home,153.36,2,Shipped,Debit Card,Tablet,Paid Search,Returning,1,2,14,1.0
Clothing,275.39,2,Shipped,PayPal,Tablet,Social,VIP,1,2,14,6.0
Clothing,265.93,2,Delivered,Credit Card,Mobile,Email,Returning,1,2,14,3.0
Home,311.55,4,Pending,Debit Card,Tablet,Organic,VIP,1,2,14,7.0
Beauty,96.77,3,Delivered,Apple Pay,Tablet,Paid Search,Returning,1,2,14,1.0
Beauty,372.73,3,Delivered,PayPal,Mobile,Email,VIP,1,2,14,1.0
Books,373.1,2,Delivered,PayPal,Tablet,Paid Search,VIP,1,2,14,3.0
Clothing,82.54,1,Shipped,Credit Card,Mobile,Organic,VIP,1,2,14,6.0
Clothing,18.43,1,Shipped,Debit Card,Desktop,Email,VIP,1,2,14,3.0
Beauty,444.53,3,Shipped,Google Pay,Tablet,Email,Returning,1,2,14,2.0
Home,224.96,1,Delivered,Credit Card,Tablet,Email,Returning,1,2,14,3.0
Home,409.43,3,Delivered,Google Pay,Tablet,Organic,Returning,1,2,14,7.0
Books,70.11,3,Delivered,Google Pay,Desktop,Social,Returning,1,2,14,5.0
Home,282.33,1,Delivered,Google Pay,Tablet,Email,VIP,1,2,14,4.0
Beauty,410.2,1,Delivered,Debit Card,Mobile,Paid Search,Returning,1,2,14,1.0
Toys,488.11,1,Delivered,Apple Pay,Mobile,Organic,VIP,1,3,14,1.0
Beauty,384.84,3,Delivered,Apple Pay,Mobile,Organic,Returning,1,3,14,4.0
Clothing,346.14,1,Delivered,PayPal,Mobile,Organic,Returning,1,3,14,4.0
Toys,13.02,4,Delivered,Debit Card,Tablet,Organic,Returning,1,3,14,6.0
Home,443.33,4,Delivered,Google Pay,Tablet,Social,VIP,1,3,14,2.0
Home,497.34,1,Delivered,Credit Card,Desktop,Organic,Returning,1,3,14,2.0
Clothing,473.49,1,Delivered,Apple Pay,Tablet,Social,VIP,1,3,14,3.0
Clothing,268.69,2,Delivered,Credit Card,Mobile,Organic,New,1,3,14,7.0
Clothing,358.23,3,Shipped,Credit Card,Tablet,Social,VIP,1,3,14,2.0
Toys,197.86,1,Shipped,Credit Card,Tablet,Paid Search,Returning,1,3,14,2.0
Toys,15.53,1,Shipped,Apple Pay,Tablet,Email,VIP,1,3,14,1.0
Books,199.19,1,Delivered,Google Pay,Mobile,Organic,VIP,1,3,14,1.0
Electronics,5.89,4,Delivered,Credit Card,Desktop,Paid Search,VIP,1,3,14,4.0
Books,376.09,1,Delivered,Credit Card,Desktop,Organic,VIP,1,3,14,6.0
Books,249.49,1,Shipped,Debit Card,Desktop,Organic,VIP,1,3,14,7.0
Electronics,18.18,4,Pending,Google Pay,Tablet,Social,Returning,1,3,14,5.0
Clothing,74.99,1,Shipped,Credit Card,Tablet,Email,VIP,1,3,14,5.0
Clothing,430.79,1,Delivered,Debit Card,Tablet,Email,Returning,1,3,14,6.0
Books,350.41,1,Delivered,Apple Pay,Desktop,Organic,Returning,1,3,14,4.0
Electronics,37.87,3,Shipped,Apple Pay,Tablet,Email,VIP,1,3,14,2.0
Beauty,353.97,1,Delivered,Apple Pay,Tablet,Social,New,1,3,14,1.0
Beauty,18.71,1,Shipped,PayPal,Tablet,Organic,Returning,1,3,14,4.0
Home,410.18,3,Delivered,Google Pay,Mobile,Email,VIP,1,3,14,2.0
Toys,25.39,2,Delivered,PayPal,Desktop,Paid Search,VIP,1,3,14,4.0
Books,17.84,1,Delivered,Credit Card,Tablet,Social,VIP,1,3,14,5.0
Toys,191.78,2,Delivered,Apple Pay,Tablet,Paid Search,VIP,1,3,14,2.0
Electronics,234.71,2,Shipped,Debit Card,Tablet,Organic,VIP,1,3,14,3.0
Beauty,202.07,2,Delivered,Credit Card,Desktop,Organic,Returning,1,3,14,7.0
Books,298.09,2,Delivered,Credit Card,Tablet,Organic,VIP,1,3,14,5.0
Home,272.81,3,Delivered,PayPal,Mobile,Paid Search,VIP,1,3,14,2.0
Beauty,274.13,4,Delivered,Apple Pay,Desktop,Paid Search,Returning,1,3,14,6.0
Home,257.8,4,Delivered,Google Pay,Mobile,Organic,VIP,1,3,14,7.0
Home,12.83,1,Delivered,Credit Card,Mobile,Organic,Returning,1,4,14,4.0
Home,420.67,2,Delivered,Google Pay,Desktop,Paid Search,VIP,1,4,14,4.0
Electronics,210.7,2,Delivered,Apple Pay,Mobile,Paid Search,Returning,1,4,14,4.0
Home,19.99,3,Shipped,PayPal,Tablet,Paid Search,Returning,1,4,14,7.0
Clothing,85.44,3,Shipped,Apple Pay,Mobile,Organic,VIP,1,4,14,4.0
Books,147.66,1,Delivered,Credit Card,Mobile,Email,VIP,1,4,14,3.0
Books,422.05,1,Delivered,Apple Pay,Tablet,Organic,VIP,1,4,14,4.0
Clothing,96.58,2,Delivered,Apple Pay,Desktop,Organic,VIP,1,4,14,7.0
Books,396.23,1,Returned,Credit Card,Desktop,Organic,VIP,1,4,14,7.0
Clothing,338.33,1,Delivered,Debit Card,Mobile,Email,Returning,1,4,14,6.0
Clothing,61.52,1,Delivered,Debit Card,Desktop,Organic,VIP,1,4,14,4.0
Beauty,46.97,1,Pending,Google Pay,Desktop,Email,Returning,1,4,14,7.0
Beauty,459.15,1,Delivered,Credit Card,Tablet,Social,VIP,1,4,14,5.0
Clothing,8.34,2,Delivered,Credit Card,Mobile,Email,VIP,1,4,14,2.0
Beauty,372.28,2,Delivered,Credit Card,Desktop,Paid Search,VIP,1,4,14,3.0
Toys,338.95,1,Delivered,PayPal,Mobile,Paid Search,Returning,1,4,14,3.0
Home,344.92,3,Shipped,Google Pay,Mobile,Social,VIP,1,4,14,5.0
Electronics,499.02,2,Shipped,PayPal,Desktop,Email,VIP,1,4,14,3.0
Clothing,61.02,4,Delivered,Credit Card,Mobile,Organic,VIP,1,4,14,7.0
Electronics,261.91,1,Shipped,Apple Pay,Desktop,Paid Search,VIP,1,4,14,3.0
Home,450.72,2,Shipped,Apple Pay,Desktop,Email,New,1,4,14,6.0
Toys,229.28,1,Delivered,Apple Pay,Desktop,Social,Returning,1,4,14,5.0
Electronics,359.68,1,Delivered,Debit Card,Desktop,Email,VIP,1,4,14,2.0
Toys,140.85,3,Pending,PayPal,Tablet,Email,VIP,1,4,14,7.0
Clothing,444.73,1,Shipped,Credit Card,Desktop,Social,VIP,1,4,14,7.0
Toys,384.47,1,Delivered,PayPal,Desktop,Paid Search,New,1,5,14,7.0
Books,22.21,4,Delivered,PayPal,Mobile,Social,Returning,1,5,14,2.0
Books,400.54,1,Delivered,Debit Card,Tablet,Organic,VIP,1,5,14,7.0
Toys,384.49,3,Pending,Apple Pay,Desktop,Social,Returning,1,5,14,7.0
Toys,460.81,1,Shipped,PayPal,Desktop,Email,VIP,1,5,14,3.0
Home,24.37,2,Shipped,PayPal,Mobile,Email,VIP,1,5,14,6.0
Clothing,72.6,1,Returned,Apple Pay,Mobile,Social,VIP,1,5,14,1.0
Beauty,68.0,2,Shipped,PayPal,Tablet,Social,Returning,1,5,14,6.0
Beauty,176.44,1,Delivered,Credit Card,Tablet,Email,Returning,1,5,14,5.0
Electronics,192.68,1,Shipped,Debit Card,Mobile,Email,VIP,1,5,14,1.0
Books,293.91,2,Delivered,Debit Card,Mobile,Organic,VIP,1,5,14,6.0
Books,216.77,2,Pending,Credit Card,Tablet,Email,Returning,1,5,14,6.0
Clothing,325.38,2,Delivered,Debit Card,Mobile,Email,Returning,1,5,14,7.0
Beauty,258.11,1,Shipped,Debit Card,Desktop,Organic,Returning,1,5,14,7.0
Clothing,122.83,2,Delivered,Credit Card,Desktop,Paid Search,VIP,1,5,14,6.0
Clothing,472.63,2,Delivered,PayPal,Tablet,Social,VIP,1,5,14,1.0
Beauty,484.65,4,Pending,Google Pay,Desktop,Email,VIP,1,5,14,5.0
Home,372.87,1,Delivered,Apple Pay,Mobile,Organic,VIP,1,5,14,3.0
Toys,32.1,1,Delivered,Google Pay,Tablet,Social,VIP,1,5,14,2.0
Home,321.45,4,Shipped,Google Pay,Tablet,Paid Search,VIP,1,5,14,6.0
Clothing,371.66,1,Delivered,Apple Pay,Tablet,Email,VIP,1,6,14,3.0
Home,35.39,1,Delivered,Apple Pay,Mobile,Paid Search,VIP,1,6,14,6.0
Beauty,354.6,2,Delivered,PayPal,Tablet,Social,Returning,1,6,14,5.0
Clothing,179.84,1,Delivered,Credit Card,Tablet,Email,New,1,6,14,5.0
Clothing,306.24,1,Shipped,Apple Pay,Mobile,Social,Returning,1,6,14,7.0
Clothing,212.54,1,Shipped,Credit Card,Tablet,Email,Returning,1,6,14,5.0
Electronics,84.82,2,Shipped,Google Pay,Desktop,Paid Search,VIP,1,6,14,2.0
Home,265.38,2,Shipped,Apple Pay,Tablet,Social,VIP,1,6,14,1.0
Toys,38.97,1,Delivered,Debit Card,Desktop,Organic,New,1,6,14,2.0
Home,261.72,1,Delivered,PayPal,Desktop,Email,VIP,1,6,14,3.0
Clothing,233.91,1,Shipped,PayPal,Tablet,Social,Returning,1,6,14,2.0
Beauty,99.69,2,Delivered,Apple Pay,Mobile,Email,Returning,1,6,14,1.0
Electronics,399.81,3,Delivered,Google Pay,Desktop,Organic,Returning,1,6,14,6.0
Beauty,83.12,1,Shipped,Apple Pay,Desktop,Organic,Returning,1,6,14,7.0
Toys,289.56,1,Pending,Google Pay,Tablet,Organic,Returning,1,6,14,3.0
Beauty,276.61,1,Delivered,PayPal,Mobile,Organic,Returning,1,6,14,5.0
Books,232.23,2,Delivered,Google Pay,Desktop,Email,Returning,1,6,14,2.0
Home,279.36,1,Delivered,Apple Pay,Tablet,Paid Search,Returning,1,6,14,5.0
Books,386.44,1,Delivered,Google Pay,Mobile,Organic,VIP,1,6,14,5.0
Beauty,311.69,2,Returned,Credit Card,Mobile,Social,Returning,1,6,14,6.0
Toys,297.01,2,Delivered,Apple Pay,Tablet,Organic,Returning,1,6,14,3.0
Beauty,123.59,1,Delivered,Google Pay,Tablet,Paid Search,Returning,1,6,14,2.0
Electronics,334.52,2,Delivered,Google Pay,Mobile,Social,New,1,6,14,7.0
Beauty,280.88,1,Delivered,Apple Pay,Tablet,Social,VIP,1,6,14,6.0
Electronics,324.57,2,Shipped,Google Pay,Mobile,Organic,Returning,1,6,14,2.0
Books,284.26,3,Returned,Google Pay,Mobile,Organic,New,1,6,14,1.0
Home,414.47,2,Delivered,PayPal,Desktop,Social,VIP,1,6,14,7.0
Home,59.9,3,Delivered,Apple Pay,Desktop,Paid Search,Returning,1,6,14,2.0
Electronics,470.09,2,Delivered,Credit Card,Desktop,Organic,VIP,1,6,14,1.0
Home,188.42,1,Delivered,PayPal,Mobile,Paid Search,Returning,1,6,14,6.0
Home,87.67,2,Delivered,PayPal,Desktop,Organic,VIP,1,6,14,4.0
Home,108.35,6,Delivered,Apple Pay,Desktop,Email,New,1,6,14,4.0
Home,370.6,2,Delivered,PayPal,Mobile,Organic,VIP,1,0,14,6.0
Electronics,390.27,4,Delivered,PayPal,Desktop,Email,VIP,1,0,14,4.0
Home,314.93,3,Delivered,Debit Card,Mobile,Paid Search,VIP,1,0,14,6.0
Beauty,48.72,2,Delivered,Google Pay,Tablet,Paid Search,Returning,1,0,14,6.0
Beauty,266.24,1,Shipped,Apple Pay,Tablet,Social,VIP,1,0,14,3.0
Beauty,91.04,2,Delivered,Credit Card,Tablet,Email,Returning,1,0,14,1.0
Books,409.48,1,Delivered,Google Pay,Tablet,Paid Search,Returning,1,0,14,5.0
Clothing,73.69,2,Shipped,Apple Pay,Desktop,Paid Search,VIP,1,0,14,3.0
Electronics,448.88,1,Delivered,Google Pay,Desktop,Paid Search,VIP,1,0,14,2.0
Clothing,382.2,1,Delivered,Apple Pay,Desktop,Social,VIP,1,0,14,1.0
Home,187.51,1,Delivered,Credit Card,Tablet,Organic,VIP,1,0,14,2.0
Beauty,478.71,3,Delivered,PayPal,Desktop,Social,VIP,1,0,14,3.0
Books,393.29,3,Shipped,Debit Card,Tablet,Organic,New,1,0,14,3.0
Electronics,232.1,1,Shipped,Credit Card,Desktop,Social,VIP,1,0,14,6.0
Beauty,421.49,1,Delivered,PayPal,Mobile,Email,Returning,1,0,14,4.0
Toys,413.15,3,Shipped,Apple Pay,Mobile,Organic,VIP,1,0,14,6.0
Toys,402.6,1,Delivered,Credit Card,Desktop,Social,VIP,1,0,14,1.0
Beauty,183.2,1,Shipped,Google Pay,Desktop,Email,Returning,1,0,14,5.0
Books,405.29,3,Delivered,Google Pay,Desktop,Paid Search,Returning,1,0,14,5.0
Electronics,21.01,2,Pending,Google Pay,Mobile,Paid Search,Returning,1,0,14,5.0
Books,204.69,1,Delivered,Apple Pay,Desktop,Organic,Returning,1,0,14,6.0
Beauty,122.87,2,Delivered,PayPal,Mobile,Email,Returning,1,0,14,7.0
Beauty,302.35,5,Delivered,PayPal,Mobile,Social,Returning,1,0,14,7.0
Clothing,418.85,1,Delivered,Apple Pay,Tablet,Email,VIP,1,0,14,6.0
Clothing,146.07,1,Delivered,Credit Card,Desktop,Email,Returning,1,0,14,2.0
Clothing,140.88,1,Shipped,Google Pay,Desktop,Email,New,1,0,14,7.0
Beauty,233.32,2,Pending,Debit Card,Tablet,Organic,Returning,1,0,14,5.0
Books,198.39,1,Delivered,Apple Pay,Tablet,Email,Returning,1,0,14,4.0
Electronics,365.37,4,Shipped,Google Pay,Mobile,Organic,VIP,1,0,14,7.0
Clothing,262.98,2,Delivered,Apple Pay,Mobile,Social,VIP,1,0,14,3.0
Beauty,445.04,3,Shipped,Debit Card,Mobile,Paid Search,Returning,1,0,14,4.0
Clothing,478.83,3,Pending,Debit Card,Desktop,Organic,Returning,1,0,14,7.0
Home,471.55,2,Shipped,Debit Card,Desktop,Paid Search,Returning,1,1,14,4.0
Clothing,205.15,2,Pending,Credit Card,Tablet,Organic,VIP,1,1,14,6.0
Toys,144.68,4,Delivered,Debit Card,Mobile,Social,VIP,1,1,14,4.0
Home,146.34,1,Shipped,Apple Pay,Mobile,Paid Search,VIP,1,1,14,3.0
Beauty,497.26,1,Delivered,PayPal,Tablet,Email,VIP,1,1,14,2.0
Electronics,213.02,1,Shipped,Apple Pay,Tablet,Paid Search,New,1,1,14,4.0
Books,359.93,2,Delivered,Credit Card,Mobile,Paid Search,Returning,1,1,14,3.0
Electronics,296.07,1,Delivered,Apple Pay,Desktop,Organic,Returning,1,1,14,5.0
Books,120.11,2,Delivered,PayPal,Tablet,Organic,VIP,1,1,14,1.0
Beauty,434.67,1,Shipped,Google Pay,Tablet,Paid Search,VIP,1,1,14,7.0
Electronics,183.1,3,Shipped,PayPal,Desktop,Paid Search,VIP,1,1,14,7.0
Clothing,229.94,3,Shipped,Apple Pay,Mobile,Paid Search,VIP,1,1,14,5.0
Toys,319.98,1,Delivered,Credit Card,Desktop,Email,Returning,1,1,14,5.0
Clothing,8.73,1,Delivered,Google Pay,Tablet,Social,VIP,1,1,14,6.0
Electronics,240.54,1,Delivered,Credit Card,Mobile,Paid Search,Returning,1,1,14,7.0
Clothing,105.36,2,Delivered,Debit Card,Tablet,Email,VIP,1,1,14,5.0
Toys,185.39,1,Delivered,PayPal,Desktop,Organic,Returning,1,1,14,2.0
Home,126.69,1,Delivered,Credit Card,Desktop,Organic,Returning,1,1,14,7.0
Toys,305.67,2,Delivered,Debit Card,Mobile,Paid Search,VIP,1,1,14,6.0
Toys,217.09,1,Delivered,PayPal,Mobile,Organic,Returning,1,1,14,3.0
Home,100.78,2,Delivered,Google Pay,Tablet,Paid Search,Returning,1,1,14,4.0
Home,87.21,1,Delivered,Debit Card,Desktop,Email,VIP,1,1,14,5.0
Books,308.16,2,Delivered,Google Pay,Desktop,Email,Returning,1,1,14,3.0
Electronics,261.41,1,Delivered,Apple Pay,Tablet,Paid Search,VIP,1,1,14,2.0
Books,131.96,3,Shipped,Apple Pay,Desktop,Paid Search,Returning,1,1,14,4.0
Beauty,225.99,3,Delivered,Apple Pay,Tablet,Social,Returning,1,1,14,4.0
Clothing,490.7,2,Delivered,Debit Card,Tablet,Email,Returning,1,1,14,7.0
Clothing,429.68,3,Returned,Google Pay,Mobile,Organic,Returning,1,1,14,4.0
Beauty,364.82,1,Delivered,Debit Card,Mobile,Paid Search,Returning,1,2,14,4.0
Home,399.45,1,Delivered,Debit Card,Mobile,Paid Search,Returning,1,2,14,4.0
Beauty,295.48,1,Delivered,Debit Card,Desktop,Paid Search,Returning,1,2,14,1.0
Books,312.08,1,Shipped,Credit Card,Mobile,Organic,VIP,1,2,14,5.0
Toys,258.8,1,Shipped,Debit Card,Desktop,Email,Returning,1,2,14,1.0
Toys,173.1,1,Pending,Apple Pay,Desktop,Paid Search,Returning,1,2,14,5.0
Clothing,269.44,1,Shipped,PayPal,Tablet,Email,Returning,1,2,14,2.0
Electronics,139.27,2,Shipped,Credit Card,Tablet,Organic,VIP,1,2,14,1.0
Toys,398.14,4,Delivered,Credit Card,Tablet,Email,Returning,1,2,14,7.0
Beauty,271.94,1,Pending,Apple Pay,Tablet,Organic,VIP,1,2,14,7.0
Home,383.0,3,Delivered,Google Pay,Mobile,Social,Returning,1,2,14,4.0
Toys,126.03,1,Delivered,Credit Card,Tablet,Paid Search,VIP,1,2,14,3.0
Clothing,381.57,3,Delivered,Google Pay,Desktop,Social,VIP,1,2,14,1.0
Electronics,219.99,1,Delivered,Google Pay,Mobile,Email,VIP,1,2,14,1.0
Toys,79.3,1,Delivered,PayPal,Tablet,Social,VIP,1,2,14,7.0
Toys,371.57,1,Shipped,PayPal,Tablet,Organic,VIP,1,2,14,3.0
Toys,51.11,1,Shipped,Google Pay,Mobile,Email,Returning,1,2,14,3.0
Electronics,229.38,2,Delivered,Debit Card,Mobile,Social,Returning,1,2,14,6.0
Books,151.37,1,Delivered,Debit Card,Desktop,Organic,Returning,1,2,14,6.0
Books,26.67,3,Delivered,PayPal,Mobile,Email,Returning,1,2,14,6.0
Home,89.78,1,Delivered,Credit Card,Mobile,Email,Returning,1,2,14,4.0
Home,43.74,1,Delivered,PayPal,Mobile,Email,VIP,1,2,14,3.0
Home,302.49,4,Delivered,Credit Card,Desktop,Social,VIP,1,2,14,1.0
Clothing,12.54,2,Delivered,Apple Pay,Desktop,Social,VIP,1,2,14,1.0
Books,137.54,3,Shipped,PayPal,Mobile,Organic,VIP,1,3,14,1.0
Home,317.1,1,Delivered,Google Pay,Mobile,Organic,Returning,1,3,14,5.0
Toys,250.15,3,Delivered,Google Pay,Desktop,Paid Search,Returning,1,3,14,6.0
Toys,37.18,2,Shipped,Credit Card,Tablet,Paid Search,Returning,1,3,14,1.0
Clothing,171.11,4,Delivered,PayPal,Desktop,Paid Search,VIP,1,3,14,6.0
Beauty,447.96,1,Shipped,PayPal,Tablet,Organic,New,1,3,14,6.0
Electronics,274.68,3,Delivered,Google Pay,Tablet,Social,VIP,1,3,14,7.0
Electronics,9.96,4,Delivered,PayPal,Desktop,Email,VIP,1,3,14,3.0
Electronics,384.88,3,Delivered,Apple Pay,Tablet,Social,Returning,1,3,14,6.0
Beauty,119.22,1,Delivered,Google Pay,Mobile,Email,Returning,1,3,14,3.0
Beauty,336.31,4,Delivered,Google Pay,Desktop,Email,Returning,1,3,14,6.0
Home,249.82,3,Delivered,PayPal,Desktop,Social,VIP,1,3,14,4.0
Books,270.84,1,Shipped,Apple Pay,Tablet,Social,VIP,1,3,14,1.0
Home,8.91,5,Delivered,Debit Card,Mobile,Paid Search,New,1,3,14,4.0
Clothing,385.77,1,Delivered,Apple Pay,Mobile,Email,New,1,3,14,5.0
Electronics,490.63,4,Shipped,Credit Card,Desktop,Paid Search,VIP,1,3,14,1.0
Clothing,138.87,4,Delivered,Google Pay,Mobile,Organic,VIP,1,3,14,2.0
Toys,409.15,3,Returned,Apple Pay,Desktop,Paid Search,VIP,1,3,14,3.0
Clothing,320.29,2,Delivered,PayPal,Mobile,Organic,VIP,1,3,14,3.0
Electronics,159.01,1,Delivered,Google Pay,Desktop,Social,VIP,1,3,14,4.0
Books,222.99,1,Delivered,PayPal,Tablet,Email,VIP,1,3,14,2.0
Toys,483.06,3,Delivered,Google Pay,Desktop,Social,Returning,1,3,14,7.0
Books,115.62,1,Shipped,Apple Pay,Mobile,Social,Returning,1,3,14,2.0
Books,243.39,3,Shipped,Google Pay,Mobile,Paid Search,VIP,1,3,14,3.0
Books,271.66,1,Delivered,Credit Card,Desktop,Social,Returning,1,3,14,3.0
Clothing,50.59,3,Delivered,Apple Pay,Desktop,Paid Search,VIP,1,3,14,7.0
Home,284.96,4,Returned,Apple Pay,Tablet,Email,VIP,1,3,14,5.0
Toys,162.48,2,Returned,Google Pay,Desktop,Social,Returning,1,3,14,4.0
Beauty,219.61,1,Returned,Google Pay,Desktop,Paid Search,VIP,1,3,14,4.0
Electronics,449.91,2,Delivered,Debit Card,Mobile,Email,Returning,1,3,14,3.0
Clothing,10.94,7,Delivered,Google Pay,Desktop,Paid Search,Returning,1,3,14,3.0
Clothing,404.23,1,Delivered,Google Pay,Tablet,Organic,VIP,1,3,14,7.0
Home,398.05,2,Delivered,Google Pay,Mobile,Social,VIP,1,3,14,7.0
Home,7.0,1,Delivered,Google Pay,Mobile,Email,Returning,1,4,14,6.0
Toys,121.63,2,Shipped,Credit Card,Mobile,Paid Search,New,1,4,14,1.0
Toys,383.92,5,Returned,PayPal,Tablet,Social,VIP,1,4,14,2.0
Beauty,393.04,3,Delivered,Google Pay,Tablet,Paid Search,Returning,1,4,14,1.0
Books,467.5,2,Delivered,Google Pay,Desktop,Organic,VIP,1,4,14,6.0
Home,393.87,2,Delivered,Credit Card,Mobile,Organic,Returning,1,4,14,7.0
Toys,137.19,1,Delivered,Credit Card,Mobile,Email,VIP,1,4,14,2.0
Clothing,97.26,1,Delivered,Google Pay,Tablet,Email,New,1,4,14,2.0
Clothing,325.57,3,Shipped,PayPal,Tablet,Organic,VIP,1,4,14,5.0
Books,264.41,3,Delivered,Debit Card,Mobile,Organic,Returning,1,4,14,5.0
Books,89.27,1,Delivered,Apple Pay,Desktop,Paid Search,VIP,1,4,14,2.0
Books,387.24,3,Delivered,Credit Card,Tablet,Paid Search,VIP,1,4,14,6.0
Electronics,16.8,1,Delivered,Debit Card,Tablet,Social,Returning,1,4,14,4.0
Books,356.66,1,Delivered,Debit Card,Mobile,Email,VIP,1,4,14,2.0
Toys,491.0,1,Delivered,Apple Pay,Tablet,Paid Search,VIP,1,4,14,3.0
Books,75.89,2,Shipped,Debit Card,Tablet,Paid Search,VIP,1,4,14,1.0
Toys,131.95,1,Delivered,PayPal,Desktop,Paid Search,Returning,1,4,14,4.0
Home,284.63,1,Delivered,Credit Card,Tablet,Organic,VIP,1,4,14,1.0
Home,232.26,2,Shipped,Debit Card,Mobile,Organic,Returning,1,4,14,6.0
Home,324.84,3,Shipped,Debit Card,Mobile,Paid Search,VIP,1,4,14,1.0
Toys,473.31,6,Shipped,PayPal,Tablet,Email,Returning,1,4,14,6.0
Home,283.42,1,Shipped,Credit Card,Tablet,Social,VIP,1,4,14,7.0
Electronics,9.98,4,Shipped,Credit Card,Desktop,Social,VIP,1,4,14,4.0
Home,478.51,4,Delivered,Google Pay,Mobile,Email,Returning,1,4,14,3.0
Beauty,432.69,4,Delivered,PayPal,Tablet,Organic,Returning,1,4,14,4.0
Beauty,338.48,3,Delivered,Apple Pay,Desktop,Email,Returning,1,4,14,3.0
Toys,319.43,2,Pending,Credit Card,Mobile,Paid Search,VIP,1,4,14,5.0
Beauty,158.44,1,Delivered,Google Pay,Mobile,Organic,VIP,1,4,14,6.0
Electronics,92.75,3,Delivered,Credit Card,Tablet,Email,Returning,1,5,14,4.0
Beauty,179.4,1,Delivered,Google Pay,Desktop,Social,Returning,1,5,14,2.0
Electronics,17.62,1,Delivered,PayPal,Mobile,Email,Returning,1,5,14,1.0
Electronics,260.51,1,Shipped,Google Pay,Mobile,Social,Returning,1,5,14,1.0
Beauty,335.03,4,Delivered,Apple Pay,Desktop,Email,VIP,1,5,14,5.0
Books,329.12,4,Delivered,Credit Card,Desktop,Social,Returning,1,5,14,5.0
Books,463.68,1,Delivered,Debit Card,Mobile,Paid Search,Returning,1,5,14,5.0
Clothing,277.63,5,Delivered,Google Pay,Mobile,Organic,VIP,1,5,14,6.0
Books,48.23,4,Delivered,Debit Card,Tablet,Social,VIP,1,5,14,2.0
Toys,364.86,1,Delivered,PayPal,Tablet,Organic,VIP,1,5,14,1.0
Toys,402.94,1,Shipped,Apple Pay,Mobile,Email,VIP,1,5,14,1.0
Beauty,387.43,4,Delivered,Google Pay,Desktop,Email,Returning,1,5,14,4.0
Beauty,253.2,1,Pending,Google Pay,Desktop,Organic,VIP,1,5,14,6.0
Beauty,278.2,3,Delivered,Credit Card,Desktop,Email,Returning,1,5,14,7.0
Electronics,428.02,1,Delivered,Apple Pay,Tablet,Social,Returning,1,5,14,1.0
Electronics,131.41,3,Delivered,Google Pay,Mobile,Email,Returning,1,5,14,3.0
Books,423.08,2,Delivered,Apple Pay,Desktop,Organic,Returning,1,5,14,4.0
Beauty,373.5,2,Delivered,Credit Card,Mobile,Paid Search,Returning,1,5,14,7.0
Books,346.3,2,Shipped,Google Pay,Tablet,Paid Search,VIP,1,5,14,7.0
Electronics,294.88,1,Delivered,Credit Card,Desktop,Organic,VIP,1,5,14,2.0
Toys,334.53,1,Delivered,Credit Card,Mobile,Organic,VIP,1,5,14,1.0
Books,398.91,1,Shipped,Apple Pay,Desktop,Email,VIP,1,6,14,1.0
Clothing,433.37,1,Pending,Apple Pay,Mobile,Email,VIP,1,6,14,6.0
Electronics,470.69,3,Delivered,Apple Pay,Tablet,Email,Returning,1,6,14,1.0
Toys,147.72,2,Delivered,Debit Card,Desktop,Organic,VIP,1,6,14,2.0
Home,242.04,1,Shipped,PayPal,Tablet,Social,Returning,1,6,14,2.0
Toys,427.51,5,Delivered,Debit Card,Desktop,Organic,VIP,1,6,14,5.0
Home,305.75,2,Pending,Debit Card,Mobile,Social,Returning,1,6,14,1.0
Beauty,180.55,1,Delivered,PayPal,Tablet,Organic,VIP,1,6,14,6.0
Home,157.29,1,Shipped,Apple Pay,Mobile,Email,VIP,1,6,14,5.0
Clothing,479.97,2,Delivered,Debit Card,Mobile,Paid Search,Returning,1,6,14,7.0
Books,491.87,2,Delivered,Credit Card,Desktop,Email,VIP,1,6,14,3.0
Clothing,333.33,3,Delivered,Google Pay,Mobile,Social,VIP,1,6,14,2.0
Toys,490.46,1,Delivered,Apple Pay,Desktop,Organic,New,1,6,14,5.0
Clothing,271.45,1,Delivered,PayPal,Desktop,Paid Search,VIP,1,6,14,1.0
Books,197.19,1,Delivered,Credit Card,Tablet,Organic,VIP,1,6,14,3.0
Clothing,451.05,2,Delivered,Debit Card,Mobile,Organic,Returning,1,6,14,6.0
Beauty,396.16,1,Delivered,Google Pay,Tablet,Social,Returning,1,6,14,7.0
Beauty,487.15,1,Delivered,PayPal,Tablet,Paid Search,Returning,1,6,14,6.0
Books,244.85,2,Shipped,Debit Card,Desktop,Email,VIP,1,6,14,3.0
Books,346.37,3,Delivered,Google Pay,Mobile,Organic,Returning,1,6,14,1.0
Electronics,496.52,1,Delivered,Google Pay,Mobile,Social,VIP,1,6,14,5.0
Toys,311.03,2,Delivered,PayPal,Tablet,Organic,VIP,1,6,14,1.0
Home,466.4,2,Delivered,Debit Card,Mobile,Email,Returning,1,6,14,3.0
Electronics,239.03,6,Shipped,Apple Pay,Tablet,Organic,VIP,1,6,14,3.0
Home,94.25,1,Delivered,Credit Card,Desktop,Social,Returning,1,6,14,5.0
Toys,145.4,1,Delivered,Apple Pay,Desktop,Organic,Returning,1,6,14,5.0
Beauty,336.25,3,Returned,Credit Card,Tablet,Organic,Returning,1,6,14,3.0
Electronics,108.11,2,Delivered,Google Pay,Mobile,Organic,New,1,6,14,1.0
Electronics,67.45,4,Shipped,Credit Card,Desktop,Organic,VIP,1,6,14,6.0
Books,242.19,4,Delivered,PayPal,Tablet,Organic,Returning,1,6,14,1.0
Beauty,219.14,4,Delivered,Debit Card,Mobile,Paid Search,VIP,1,6,14,5.0
Home,32.4,1,Returned,Apple Pay,Desktop,Paid Search,Returning,1,0,14,3.0
Beauty,437.79,2,Delivered,PayPal,Mobile,Paid Search,VIP,1,0,14,7.0
Beauty,183.29,3,Delivered,Apple Pay,Desktop,Email,New,1,0,14,1.0
Clothing,221.24,3,Delivered,PayPal,Desktop,Paid Search,VIP,1,0,14,3.0
Clothing,413.63,1,Delivered,Apple Pay,Tablet,Social,Returning,1,0,14,3.0
Electronics,189.88,1,Pending,Credit Card,Tablet,Paid Search,VIP,1,0,14,6.0
Clothing,461.44,1,Delivered,Apple Pay,Tablet,Social,Returning,1,0,14,6.0
Home,496.1,1,Delivered,Debit Card,Desktop,Email,Returning,1,0,14,2.0
Toys,22.02,4,Delivered,Google Pay,Tablet,Email,VIP,1,0,14,5.0
Clothing,244.44,1,Delivered,PayPal,Desktop,Email,VIP,1,0,14,1.0
Beauty,257.87,2,Delivered,Google Pay,Desktop,Social,Returning,1,0,14,3.0
Toys,223.1,1,Delivered,Debit Card,Mobile,Organic,VIP,1,0,14,7.0
Electronics,140.92,1,Delivered,Apple Pay,Desktop,Email,New,1,0,14,2.0
Books,261.47,4,Delivered,Google Pay,Mobile,Email,Returning,1,0,14,1.0
Electronics,301.31,2,Delivered,Google Pay,Mobile,Social,New,1,0,14,3.0
Toys,246.3,3,Shipped,PayPal,Desktop,Social,Returning,1,0,14,4.0
Clothing,274.93,2,Delivered,Credit Card,Desktop,Paid Search,VIP,1,0,14,2.0
Books,118.75,3,Delivered,Credit Card,Desktop,Organic,Returning,1,0,14,5.0
Toys,151.76,2,Delivered,Google Pay,Tablet,Organic,VIP,1,0,14,7.0
Books,368.22,4,Delivered,Debit Card,Tablet,Email,VIP,1,0,14,4.0
Beauty,197.57,1,Delivered,Google Pay,Tablet,Email,VIP,1,0,14,7.0
Books,238.46,1,Delivered,Credit Card,Mobile,Email,VIP,1,0,14,2.0
Toys,493.67,1,Shipped,Apple Pay,Mobile,Social,VIP,1,0,14,7.0
Clothing,416.22,4,Shipped,Apple Pay,Desktop,Organic,VIP,1,0,14,2.0
Beauty,43.27,2,Delivered,Credit Card,Mobile,Email,VIP,1,0,14,6.0
Toys,307.82,3,Delivered,Credit Card,Desktop,Email,Returning,1,0,14,7.0
Books,307.27,1,Delivered,Apple Pay,Desktop,Paid Search,Returning,1,0,14,4.0
Electronics,288.25,1,Shipped,Debit Card,Tablet,Organic,VIP,1,0,14,7.0
Clothing,440.17,1,Shipped,PayPal,Mobile,Organic,VIP,1,0,14,7.0
Books,62.19,4,Delivered,Debit Card,Mobile,Social,VIP,1,0,14,3.0
Books,466.84,4,Delivered,Google Pay,Tablet,Organic,Returning,1,0,14,6.0
Books,183.25,1,Delivered,Credit Card,Desktop,Social,New,1,0,14,5.0
Beauty,27.87,3,Shipped,Apple Pay,Tablet,Paid Search,VIP,1,0,14,6.0
Toys,488.91,1,Delivered,Google Pay,Mobile,Email,VIP,1,0,14,1.0
Home,433.87,1,Delivered,Credit Card,Mobile,Paid Search,VIP,1,1,14,4.0
Home,93.51,2,Pending,Apple Pay,Desktop,Paid Search,VIP,1,1,14,5.0
Toys,176.97,1,Delivered,Debit Card,Mobile,Organic,VIP,1,1,14,3.0
Books,355.61,1,Delivered,Debit Card,Tablet,Paid Search,VIP,1,1,14,6.0
Beauty,161.53,1,Delivered,Credit Card,Mobile,Organic,VIP,1,1,14,3.0
Home,210.51,6,Pending,Credit Card,Mobile,Social,VIP,1,1,14,4.0
Books,467.51,1,Delivered,Apple Pay,Tablet,Social,VIP,1,1,14,6.0
Clothing,177.23,2,Delivered,Google Pay,Tablet,Email,VIP,1,1,14,6.0
Toys,315.33,2,Pending,PayPal,Tablet,Email,Returning,1,1,14,2.0
Beauty,94.45,4,Delivered,Google Pay,Desktop,Paid Search,Returning,1,1,14,4.0
Books,253.8,1,Shipped,Apple Pay,Desktop,Paid Search,Returning,1,1,14,5.0
Beauty,110.96,2,Delivered,Google Pay,Desktop,Email,VIP,1,1,14,3.0
Beauty,279.54,5,Delivered,Debit Card,Desktop,Email,Returning,1,1,14,1.0
Beauty,18.51,3,Delivered,Debit Card,Mobile,Email,Returning,1,1,14,3.0
Clothing,109.11,5,Delivered,PayPal,Desktop,Organic,Returning,1,1,14,5.0
Books,267.37,1,Delivered,Google Pay,Tablet,Social,Returning,1,1,14,2.0
Electronics,493.56,1,Delivered,Google Pay,Tablet,Email,VIP,1,1,14,6.0
Toys,56.58,1,Delivered,PayPal,Mobile,Paid Search,VIP,1,1,14,3.0
Electronics,492.98,3,Delivered,Google Pay,Tablet,Paid Search,Returning,1,1,14,2.0
Home,185.17,1,Delivered,Apple Pay,Mobile,Email,VIP,1,1,14,1.0
Clothing,118.45,1,Delivered,Debit Card,Desktop,Organic,VIP,1,1,14,4.0
Books,28.52,1,Shipped,Google Pay,Tablet,Email,VIP,1,1,14,1.0
Books,469.17,6,Delivered,Apple Pay,Tablet,Paid Search,Returning,1,1,14,5.0
Clothing,30.19,1,Delivered,Apple Pay,Mobile,Email,New,1,1,14,3.0
Clothing,312.01,1,Delivered,Google Pay,Tablet,Organic,New,1,1,14,4.0
Clothing,263.75,4,Delivered,Apple Pay,Mobile,Email,Returning,1,1,14,4.0
Clothing,304.47,2,Delivered,Google Pay,Tablet,Social,VIP,1,1,14,6.0
Toys,369.98,5,Delivered,Credit Card,Tablet,Email,Returning,1,2,14,6.0
Toys,330.66,4,Delivered,Credit Card,Mobile,Paid Search,VIP,1,2,14,4.0
Home,17.33,1,Delivered,Google Pay,Tablet,Social,VIP,1,2,14,6.0
Electronics,391.55,1,Shipped,Debit Card,Tablet,Organic,Returning,1,2,14,2.0
Books,241.65,1,Delivered,PayPal,Mobile,Email,VIP,1,2,14,6.0
Home,499.66,1,Delivered,Apple Pay,Mobile,Social,VIP,1,2,14,5.0
Clothing,50.4,1,Shipped,Debit Card,Desktop,Paid Search,VIP,1,2,14,1.0
Beauty,109.66,5,Delivered,Apple Pay,Tablet,Email,Returning,1,2,14,4.0
Home,425.98,1,Shipped,PayPal,Tablet,Social,Returning,1,2,14,6.0
Books,358.4,1,Delivered,PayPal,Mobile,Organic,Returning,1,2,14,6.0
Toys,307.39,2,Delivered,PayPal,Mobile,Social,VIP,1,2,14,6.0
Books,169.9,5,Delivered,Apple Pay,Tablet,Organic,VIP,1,2,14,2.0
Books,486.47,1,Shipped,PayPal,Desktop,Paid Search,Returning,1,2,14,1.0
Clothing,239.14,3,Delivered,Google Pay,Mobile,Paid Search,Returning,1,2,14,6.0
Electronics,144.75,3,Delivered,Google Pay,Tablet,Paid Search,VIP,1,2,14,2.0
Books,68.98,3,Delivered,Debit Card,Desktop,Social,Returning,1,2,14,5.0
Electronics,131.73,5,Shipped,Debit Card,Tablet,Social,VIP,1,2,14,6.0
Electronics,70.57,1,Delivered,Credit Card,Desktop,Paid Search,New,1,2,14,7.0
Clothing,214.32,1,Delivered,Credit Card,Desktop,Paid Search,Returning,1,2,14,5.0
Electronics,400.7,1,Delivered,Debit Card,Desktop,Social,Returning,1,2,14,4.0
Home,337.51,1,Delivered,Google Pay,Mobile,Paid Search,VIP,1,2,14,2.0
Electronics,228.55,3,Delivered,Google Pay,Desktop,Email,Returning,1,2,14,7.0
Toys,47.53,3,Delivered,Google Pay,Mobile,Organic,VIP,1,2,14,1.0
Books,345.97,2,Shipped,PayPal,Mobile,Social,Returning,1,2,14,4.0
Clothing,326.97,4,Delivered,Apple Pay,Desktop,Social,Returning,1,2,14,5.0
Electronics,282.64,1,Delivered,Apple Pay,Tablet,Email,VIP,1,2,14,7.0
Clothing,474.3,2,Delivered,Google Pay,Mobile,Social,VIP,1,3,14,4.0
Home,69.56,1,Delivered,PayPal,Desktop,Social,VIP,1,3,14,7.0
Home,223.19,1,Delivered,PayPal,Mobile,Organic,Returning,1,3,14,4.0
Electronics,459.09,2,Delivered,Google Pay,Desktop,Organic,VIP,1,3,14,6.0
Clothing,242.56,1,Delivered,PayPal,Tablet,Social,VIP,1,3,14,7.0
Home,186.4,1,Delivered,PayPal,Tablet,Email,Returning,1,3,14,6.0
Books,396.52,2,Shipped,Apple Pay,Mobile,Email,VIP,1,3,14,2.0
Clothing,398.22,1,Delivered,Debit Card,Desktop,Paid Search,VIP,1,3,14,4.0
Electronics,371.66,1,Shipped,Google Pay,Mobile,Email,VIP,1,3,14,5.0
Toys,178.36,2,Shipped,Credit Card,Desktop,Social,Returning,1,3,14,2.0
Home,390.18,3,Shipped,Google Pay,Mobile,Social,Returning,1,3,14,4.0
Beauty,206.44,3,Delivered,PayPal,Tablet,Organic,VIP,1,3,14,1.0
Clothing,486.89,5,Delivered,Apple Pay,Mobile,Social,New,1,3,14,6.0
Books,127.29,1,Delivered,Google Pay,Tablet,Email,VIP,1,3,14,2.0
Electronics,404.9,3,Delivered,Debit Card,Desktop,Paid Search,VIP,1,3,14,3.0
Electronics,376.59,3,Delivered,Google Pay,Desktop,Organic,Returning,1,3,14,7.0
Electronics,182.86,6,Delivered,Debit Card,Tablet,Social,VIP,1,3,14,3.0
Toys,194.87,3,Delivered,Credit Card,Mobile,Email,VIP,1,3,14,2.0
Electronics,136.65,3,Delivered,Google Pay,Desktop,Social,Returning,1,3,14,1.0
Books,75.51,3,Returned,PayPal,Mobile,Email,Returning,1,3,14,2.0
Beauty,262.58,1,Pending,Google Pay,Mobile,Paid Search,Returning,1,3,14,6.0
Electronics,226.47,1,Delivered,Apple Pay,Mobile,Email,VIP,1,3,14,4.0
Electronics,91.07,1,Delivered,PayPal,Mobile,Social,VIP,1,3,14,7.0
Home,13.89,1,Delivered,Debit Card,Desktop,Email,VIP,1,4,14,6.0
Books,225.36,1,Delivered,PayPal,Tablet,Email,New,1,4,14,4.0
Clothing,205.87,2,Shipped,Google Pay,Desktop,Paid Search,VIP,1,4,14,4.0
Home,109.75,1,Delivered,Debit Card,Mobile,Paid Search,VIP,1,4,14,6.0
Toys,285.92,1,Delivered,Google Pay,Tablet,Email,VIP,1,4,14,4.0
Home,61.8,1,Delivered,Debit Card,Desktop,Paid Search,Returning,1,4,14,2.0
Toys,258.4,5,Pending,Credit Card,Tablet,Paid Search,VIP,1,4,14,7.0
Home,488.3,1,Delivered,PayPal,Desktop,Organic,VIP,1,4,14,5.0
Home,369.98,1,Delivered,Apple Pay,Desktop,Organic,Returning,1,4,14,5.0
Toys,400.57,3,Delivered,Debit Card,Desktop,Organic,Returning,1,4,14,7.0
Home,154.4,1,Delivered,Google Pay,Mobile,Paid Search,Returning,1,4,14,7.0
Electronics,51.05,2,Delivered,Credit Card,Mobile,Organic,Returning,1,4,14,4.0
Electronics,165.93,1,Delivered,Apple Pay,Mobile,Email,Returning,1,4,14,5.0
Electronics,42.88,1,Delivered,PayPal,Tablet,Paid Search,VIP,1,4,14,1.0
Home,286.41,2,Delivered,PayPal,Desktop,Email,VIP,1,4,14,4.0
Books,391.03,1,Delivered,Credit Card,Mobile,Social,VIP,1,4,14,3.0
Beauty,286.14,2,Delivered,PayPal,Desktop,Social,VIP,1,4,14,7.0
Books,27.14,3,Delivered,PayPal,Desktop,Organic,Returning,1,4,14,6.0
Books,400.75,1,Shipped,Debit Card,Tablet,Email,Returning,1,4,14,2.0
Home,216.86,1,Delivered,Apple Pay,Tablet,Email,VIP,1,4,14,2.0
Clothing,336.57,2,Shipped,Google Pay,Mobile,Email,New,1,4,14,5.0
Books,178.61,1,Delivered,Apple Pay,Desktop,Paid Search,Returning,1,4,14,7.0
Electronics,249.52,2,Delivered,Apple Pay,Desktop,Paid Search,VIP,1,4,14,7.0
Electronics,223.87,1,Shipped,Google Pay,Mobile,Paid Search,VIP,2,5,14,7.0
Beauty,478.31,1,Shipped,Debit Card,Mobile,Email,VIP,2,5,14,3.0
Home,102.77,1,Delivered,Apple Pay,Tablet,Paid Search,Returning,2,5,14,7.0
Books,126.23,3,Delivered,Credit Card,Desktop,Social,Returning,2,5,14,5.0
Home,485.12,1,Pending,Google Pay,Tablet,Organic,VIP,2,5,14,2.0
Toys,455.3,2,Delivered,PayPal,Desktop,Social,VIP,2,5,14,3.0
Books,454.18,1,Delivered,Apple Pay,Tablet,Social,VIP,2,5,14,5.0
Clothing,58.78,2,Delivered,Google Pay,Desktop,Organic,New,2,5,14,2.0
Home,139.56,2,Delivered,Apple Pay,Mobile,Paid Search,New,2,5,14,7.0
Toys,26.56,1,Shipped,Debit Card,Desktop,Social,VIP,2,5,14,2.0
Clothing,106.74,2,Delivered,Debit Card,Tablet,Organic,Returning,2,5,14,3.0
Electronics,296.91,5,Delivered,Credit Card,Mobile,Email,VIP,2,5,14,7.0
Clothing,420.37,4,Delivered,Google Pay,Desktop,Email,VIP,2,5,14,4.0
Home,454.8,3,Delivered,PayPal,Mobile,Paid Search,Returning,2,5,14,7.0
Beauty,255.86,5,Delivered,Apple Pay,Mobile,Email,Returning,2,5,14,1.0
Toys,419.9,1,Delivered,Apple Pay,Tablet,Paid Search,Returning,2,5,14,6.0
Home,206.0,4,Delivered,PayPal,Mobile,Organic,VIP,2,5,14,3.0
Home,392.69,3,Delivered,Apple Pay,Tablet,Social,VIP,2,5,14,5.0
Home,308.78,2,Delivered,Google Pay,Desktop,Social,VIP,2,5,14,6.0
Toys,92.79,1,Delivered,Credit Card,Desktop,Paid Search,VIP,2,5,14,6.0
Toys,76.67,2,Delivered,Debit Card,Tablet,Email,VIP,2,5,14,1.0
Toys,483.63,3,Delivered,Apple Pay,Mobile,Organic,New,2,5,14,4.0
Books,152.77,2,Shipped,Apple Pay,Desktop,Paid Search,Returning,2,5,14,1.0
Clothing,147.74,2,Pending,Credit Card,Mobile,Social,VIP,2,5,14,1.0
Clothing,438.05,2,Delivered,Debit Card,Desktop,Paid Search,VIP,2,5,14,3.0
Electronics,43.59,3,Delivered,Apple Pay,Desktop,Email,Returning,2,5,14,5.0
Books,135.75,1,Delivered,Debit Card,Desktop,Organic,VIP,2,5,14,6.0
Home,209.02,4,Shipped,Credit Card,Tablet,Social,VIP,2,6,14,1.0
Home,139.27,4,Delivered,PayPal,Desktop,Social,Returning,2,6,14,4.0
Home,10.46,2,Shipped,Google Pay,Desktop,Organic,Returning,2,6,14,4.0
Electronics,135.75,1,Pending,Credit Card,Tablet,Email,VIP,2,6,14,3.0
Clothing,396.17,2,Delivered,Google Pay,Desktop,Email,New,2,6,14,7.0
Toys,416.96,1,Shipped,Debit Card,Tablet,Email,Returning,2,6,14,1.0
Beauty,127.42,2,Delivered,Debit Card,Mobile,Email,VIP,2,6,14,6.0
Beauty,169.03,1,Delivered,Credit Card,Mobile,Social,VIP,2,6,14,5.0
Beauty,220.75,1,Delivered,Apple Pay,Desktop,Social,Returning,2,6,14,4.0
Electronics,182.97,2,Shipped,Google Pay,Desktop,Paid Search,Returning,2,6,14,6.0
Toys,426.16,1,Shipped,Debit Card,Tablet,Paid Search,Returning,2,6,14,1.0
Toys,85.52,6,Delivered,Google Pay,Tablet,Paid Search,VIP,2,6,14,1.0
Books,175.33,1,Pending,PayPal,Mobile,Organic,VIP,2,6,14,1.0
Toys,215.37,1,Returned,Google Pay,Desktop,Organic,Returning,2,6,14,5.0
Toys,166.08,1,Delivered,Credit Card,Tablet,Social,Returning,2,6,14,1.0
Books,181.54,1,Delivered,Google Pay,Mobile,Email,VIP,2,6,14,7.0
Electronics,437.41,2,Delivered,Credit Card,Desktop,Social,Returning,2,6,14,4.0
Clothing,179.66,3,Delivered,Debit Card,Tablet,Email,VIP,2,6,14,3.0
Electronics,343.18,1,Delivered,Debit Card,Tablet,Paid Search,VIP,2,6,14,6.0
Clothing,130.8,2,Delivered,PayPal,Tablet,Paid Search,VIP,2,6,14,6.0
Electronics,473.89,1,Delivered,Google Pay,Tablet,Paid Search,Returning,2,6,14,2.0
Toys,304.18,6,Shipped,Apple Pay,Tablet,Email,VIP,2,0,14,5.0
Electronics,184.04,4,Delivered,PayPal,Desktop,Social,New,2,0,14,3.0
Toys,400.86,2,Shipped,PayPal,Mobile,Email,Returning,2,0,14,7.0
Beauty,456.23,1,Returned,Google Pay,Tablet,Social,VIP,2,0,14,6.0
Electronics,190.22,2,Shipped,Credit Card,Desktop,Paid Search,VIP,2,0,14,3.0
Beauty,391.78,1,Shipped,PayPal,Desktop,Social,VIP,2,0,14,1.0
Clothing,172.29,1,Pending,Apple Pay,Tablet,Organic,VIP,2,0,14,4.0
Home,474.91,2,Delivered,PayPal,Mobile,Paid Search,VIP,2,0,14,7.0
Electronics,55.24,1,Shipped,Apple Pay,Tablet,Social,Returning,2,0,14,2.0
Toys,462.46,3,Delivered,PayPal,Tablet,Email,VIP,2,0,14,4.0
Books,201.94,1,Delivered,Debit Card,Desktop,Organic,Returning,2,0,14,5.0
Beauty,25.52,2,Delivered,PayPal,Tablet,Email,Returning,2,0,14,3.0
Clothing,379.08,1,Shipped,Debit Card,Tablet,Paid Search,VIP,2,0,14,2.0
Home,428.72,3,Shipped,Apple Pay,Mobile,Paid Search,Returning,2,0,14,6.0
Clothing,388.17,1,Delivered,Google Pay,Mobile,Email,VIP,2,0,14,2.0
Books,57.24,1,Delivered,Credit Card,Desktop,Paid Search,VIP,2,0,14,5.0
Toys,174.49,1,Delivered,Google Pay,Desktop,Social,VIP,2,0,14,5.0
Beauty,462.95,2,Shipped,PayPal,Desktop,Paid Search,VIP,2,0,14,7.0
Home,23.91,3,Delivered,PayPal,Mobile,Organic,VIP,2,0,14,7.0
Books,59.96,1,Delivered,Apple Pay,Desktop,Social,VIP,2,0,14,6.0
Clothing,311.78,3,Delivered,Apple Pay,Tablet,Paid Search,VIP,2,0,14,3.0
Beauty,484.94,2,Delivered,Debit Card,Desktop,Social,VIP,2,0,14,1.0
Books,466.94,2,Delivered,Apple Pay,Mobile,Organic,Returning,2,0,14,2.0
Books,471.58,1,Delivered,PayPal,Desktop,Email,Returning,2,0,14,1.0
Books,258.13,4,Returned,Apple Pay,Mobile,Organic,Returning,2,0,14,2.0
Clothing,178.21,1,Delivered,Debit Card,Desktop,Email,VIP,2,0,14,5.0
Beauty,75.24,4,Delivered,Apple Pay,Tablet,Email,New,2,1,14,1.0
Books,364.35,3,Delivered,Apple Pay,Desktop,Email,VIP,2,1,14,4.0
Home,106.99,4,Shipped,Apple Pay,Tablet,Organic,VIP,2,1,14,2.0
Clothing,114.92,1,Delivered,Apple Pay,Mobile,Organic,VIP,2,1,14,4.0
Books,53.92,2,Shipped,Credit Card,Tablet,Social,VIP,2,1,14,7.0
Clothing,80.88,2,Shipped,PayPal,Tablet,Organic,VIP,2,1,14,6.0
Beauty,488.45,2,Delivered,PayPal,Mobile,Social,VIP,2,1,14,5.0
Clothing,498.39,4,Delivered,Google Pay,Tablet,Social,Returning,2,1,14,4.0
Clothing,299.34,2,Delivered,Google Pay,Tablet,Email,VIP,2,1,14,6.0
Electronics,155.02,1,Delivered,Apple Pay,Desktop,Social,VIP,2,1,14,4.0
Books,358.69,1,Delivered,Credit Card,Tablet,Organic,Returning,2,1,14,5.0
Electronics,365.86,2,Delivered,PayPal,Tablet,Organic,Returning,2,1,14,6.0
Beauty,199.38,4,Delivered,Google Pay,Tablet,Social,Returning,2,1,14,7.0
Clothing,276.66,2,Delivered,Debit Card,Desktop,Paid Search,VIP,2,1,14,5.0
Clothing,224.94,2,Shipped,Apple Pay,Mobile,Organic,VIP,2,1,14,1.0
Home,132.59,3,Delivered,PayPal,Desktop,Organic,Returning,2,1,14,4.0
Books,235.78,1,Returned,Apple Pay,Desktop,Paid Search,Returning,2,1,14,6.0
Toys,372.73,2,Delivered,Credit Card,Desktop,Social,Returning,2,1,14,2.0
Beauty,447.34,2,Shipped,Debit Card,Mobile,Organic,VIP,2,1,14,2.0
Toys,393.71,1,Shipped,Google Pay,Desktop,Paid Search,Returning,2,2,14,2.0
Books,247.91,1,Delivered,Google Pay,Mobile,Organic,Returning,2,2,14,5.0
Home,262.5,2,Delivered,Google Pay,Mobile,Email,VIP,2,2,14,7.0
Electronics,291.97,1,Delivered,Credit Card,Mobile,Social,VIP,2,2,14,5.0
Clothing,26.43,4,Delivered,Credit Card,Desktop,Paid Search,Returning,2,2,14,1.0
Books,491.22,2,Delivered,Credit Card,Mobile,Social,VIP,2,2,14,1.0
Electronics,50.69,2,Returned,Credit Card,Tablet,Social,Returning,2,2,14,3.0
Electronics,284.86,2,Delivered,Credit Card,Mobile,Paid Search,Returning,2,2,14,1.0
Toys,138.75,1,Delivered,Apple Pay,Tablet,Paid Search,VIP,2,2,14,4.0
Beauty,449.96,2,Delivered,Credit Card,Desktop,Paid Search,VIP,2,2,14,1.0
Books,102.79,4,Delivered,PayPal,Mobile,Organic,VIP,2,2,14,6.0
Books,239.94,1,Returned,Credit Card,Desktop,Organic,Returning,2,2,14,6.0
Home,199.56,2,Delivered,Google Pay,Tablet,Organic,VIP,2,2,14,3.0
Electronics,167.34,1,Delivered,Google Pay,Mobile,Organic,VIP,2,2,14,5.0
Toys,316.6,1,Delivered,Debit Card,Desktop,Social,New,2,2,14,3.0
Toys,396.44,1,Delivered,Google Pay,Desktop,Paid Search,VIP,2,2,14,1.0
Electronics,412.89,1,Delivered,PayPal,Tablet,Email,VIP,2,2,14,6.0
Home,327.52,2,Delivered,PayPal,Mobile,Email,Returning,2,3,14,6.0
Electronics,432.58,3,Delivered,PayPal,Mobile,Social,VIP,2,3,14,5.0
Home,74.97,6,Delivered,Credit Card,Tablet,Paid Search,Returning,2,3,14,1.0
Electronics,46.51,2,Delivered,Debit Card,Tablet,Paid Search,Returning,2,3,14,2.0
Electronics,303.34,5,Delivered,Google Pay,Tablet,Email,Returning,2,3,14,2.0
Electronics,475.94,1,Shipped,Apple Pay,Desktop,Social,VIP,2,3,14,7.0
Toys,276.28,3,Delivered,Credit Card,Mobile,Social,VIP,2,3,14,7.0
Home,293.63,3,Delivered,Debit Card,Desktop,Email,Returning,2,3,14,2.0
Electronics,369.31,2,Delivered,Apple Pay,Mobile,Paid Search,VIP,2,3,14,5.0
Home,127.71,1,Pending,Apple Pay,Mobile,Organic,VIP,2,3,14,6.0
Clothing,200.63,2,Delivered,PayPal,Tablet,Paid Search,Returning,2,3,14,6.0
Electronics,492.39,3,Delivered,Debit Card,Tablet,Email,Returning,2,3,14,1.0
Home,348.64,1,Delivered,Google Pay,Desktop,Email,Returning,2,3,14,2.0
Books,457.6,1,Delivered,PayPal,Desktop,Social,VIP,2,3,14,6.0
Clothing,277.33,1,Shipped,Credit Card,Desktop,Social,Returning,2,3,14,3.0
Electronics,170.32,1,Delivered,Apple Pay,Mobile,Organic,VIP,2,3,14,7.0
Clothing,45.57,1,Delivered,Debit Card,Tablet,Paid Search,VIP,2,3,14,6.0
Electronics,350.85,6,Shipped,Credit Card,Mobile,Email,Returning,2,3,14,3.0
Beauty,447.44,1,Shipped,Credit Card,Desktop,Organic,Returning,2,3,14,7.0
Beauty,470.18,1,Delivered,Apple Pay,Tablet,Email,VIP,2,3,14,3.0
Electronics,292.02,2,Shipped,Apple Pay,Desktop,Paid Search,VIP,2,3,14,5.0
Beauty,102.37,2,Delivered,Debit Card,Mobile,Paid Search,VIP,2,3,14,7.0
Home,145.09,2,Returned,Google Pay,Desktop,Organic,Returning,2,3,14,3.0
Beauty,440.66,1,Delivered,PayPal,Tablet,Social,Returning,2,3,14,5.0
Toys,432.97,1,Delivered,Google Pay,Tablet,Paid Search,Returning,2,3,14,7.0
Home,115.57,2,Delivered,Google Pay,Tablet,Social,VIP,2,3,14,3.0
Books,475.37,4,Shipped,PayPal,Mobile,Paid Search,VIP,2,3,14,7.0
Electronics,339.05,2,Shipped,Google Pay,Desktop,Social,VIP,2,3,14,6.0
Toys,100.79,2,Delivered,Google Pay,Tablet,Paid Search,Returning,2,3,14,5.0
Clothing,54.15,5,Delivered,Debit Card,Desktop,Social,VIP,2,3,14,2.0
Electronics,243.84,3,Shipped,Debit Card,Tablet,Email,New,2,3,14,5.0
Beauty,366.02,2,Delivered,Credit Card,Desktop,Organic,Returning,2,3,14,3.0
Home,130.37,3,Delivered,Credit Card,Tablet,Organic,Returning,2,3,14,3.0
Home,316.92,3,Shipped,Google Pay,Desktop,Social,New,2,3,14,4.0
Clothing,464.41,1,Delivered,Credit Card,Mobile,Paid Search,VIP,2,3,14,4.0
Beauty,473.35,2,Delivered,Apple Pay,Mobile,Social,Returning,2,3,14,6.0
Books,92.84,3,Shipped,Apple Pay,Tablet,Organic,Returning,2,3,14,2.0
Beauty,274.59,4,Delivered,Apple Pay,Mobile,Social,VIP,2,4,14,7.0
Home,329.81,3,Delivered,Google Pay,Desktop,Email,VIP,2,4,14,3.0
Clothing,317.86,2,Shipped,PayPal,Tablet,Email,VIP,2,4,14,4.0
Books,361.75,2,Shipped,Credit Card,Desktop,Email,Returning,2,4,14,3.0
Books,218.95,3,Delivered,Credit Card,Tablet,Social,VIP,2,4,14,5.0
Electronics,254.01,3,Delivered,PayPal,Tablet,Email,Returning,2,4,14,7.0
Clothing,429.31,2,Delivered,Google Pay,Desktop,Paid Search,VIP,2,4,14,1.0
Clothing,190.24,6,Returned,Google Pay,Desktop,Social,VIP,2,4,14,7.0
Beauty,23.53,2,Delivered,Debit Card,Tablet,Social,Returning,2,4,14,2.0
Home,125.69,3,Delivered,Debit Card,Mobile,Organic,Returning,2,4,14,1.0
Books,93.6,1,Delivered,Credit Card,Mobile,Email,VIP,2,4,14,4.0
Toys,16.83,2,Delivered,Credit Card,Mobile,Social,VIP,2,4,14,7.0
Toys,289.85,2,Delivered,Apple Pay,Tablet,Paid Search,Returning,2,4,14,5.0
Clothing,26.47,2,Delivered,Debit Card,Mobile,Organic,Returning,2,4,14,7.0
Home,162.1,3,Shipped,Debit Card,Mobile,Organic,Returning,2,4,14,6.0
Toys,204.11,4,Delivered,Apple Pay,Desktop,Organic,VIP,2,4,14,1.0
Toys,256.47,1,Shipped,Credit Card,Mobile,Social,Returning,2,4,14,1.0
Home,35.82,2,Delivered,Apple Pay,Mobile,Email,New,2,5,14,3.0
Home,447.5,1,Delivered,Apple Pay,Tablet,Social,Returning,2,5,14,4.0
Clothing,417.11,1,Delivered,Apple Pay,Tablet,Social,Returning,2,5,14,6.0
Home,155.8,2,Delivered,Apple Pay,Desktop,Email,VIP,2,5,14,2.0
Beauty,428.76,1,Delivered,PayPal,Desktop,Social,VIP,2,5,14,6.0
Beauty,85.95,2,Shipped,PayPal,Tablet,Social,Returning,2,5,14,3.0
Beauty,329.21,1,Delivered,Apple Pay,Tablet,Social,Returning,2,5,14,4.0
Home,477.38,3,Delivered,Credit Card,Desktop,Organic,VIP,2,5,14,7.0
Electronics,251.53,1,Delivered,Apple Pay,Tablet,Organic,New,2,5,14,2.0
Books,84.75,1,Delivered,Debit Card,Desktop,Paid Search,Returning,2,5,14,5.0
Electronics,318.48,3,Delivered,Debit Card,Desktop,Social,Returning,2,5,14,7.0
Toys,400.34,3,Pending,Credit Card,Mobile,Paid Search,VIP,2,5,14,4.0
Clothing,365.42,2,Shipped,Apple Pay,Desktop,Social,Returning,2,5,14,1.0
Beauty,498.93,3,Delivered,Debit Card,Mobile,Social,Returning,2,5,14,7.0
Home,316.64,2,Delivered,Credit Card,Desktop,Organic,New,2,5,14,6.0
Beauty,268.17,2,Shipped,PayPal,Desktop,Paid Search,VIP,2,5,14,3.0
Electronics,38.51,1,Delivered,Debit Card,Mobile,Paid Search,VIP,2,5,14,7.0
Toys,5.58,1,Delivered,Debit Card,Mobile,Organic,VIP,2,5,14,1.0
Books,38.11,1,Delivered,PayPal,Tablet,Social,Returning,2,5,14,6.0
Clothing,350.24,3,Delivered,PayPal,Desktop,Organic,VIP,2,5,14,2.0
Toys,286.74,1,Delivered,Google Pay,Mobile,Email,VIP,2,5,14,4.0
Clothing,432.99,2,Delivered,PayPal,Desktop,Organic,VIP,2,5,14,6.0
Home,352.37,4,Delivered,Google Pay,Mobile,Email,VIP,2,5,14,5.0
Electronics,78.54,1,Shipped,Google Pay,Tablet,Paid Search,New,2,5,14,5.0
Home,268.67,1,Delivered,PayPal,Tablet,Organic,VIP,2,5,14,3.0
Clothing,374.73,1,Delivered,PayPal,Desktop,Paid Search,VIP,2,5,14,6.0
Home,240.34,1,Delivered,Google Pay,Mobile,Social,VIP,2,5,14,5.0
Books,296.16,1,Shipped,Debit Card,Desktop,Paid Search,Returning,2,5,14,2.0
Clothing,276.24,1,Delivered,Debit Card,Tablet,Email,VIP,2,5,14,5.0
Electronics,372.83,4,Delivered,Apple Pay,Desktop,Social,VIP,2,5,14,1.0
Toys,127.76,1,Pending,Credit Card,Desktop,Email,VIP,2,6,14,3.0
Toys,36.08,4,Shipped,Google Pay,Desktop,Email,VIP,2,6,14,3.0
Books,157.42,1,Pending,PayPal,Mobile,Email,VIP,2,6,14,4.0
Clothing,488.35,2,Delivered,Apple Pay,Mobile,Organic,VIP,2,6,14,3.0
Home,272.58,1,Delivered,PayPal,Tablet,Organic,Returning,2,6,14,7.0
Electronics,222.95,1,Delivered,Debit Card,Desktop,Social,VIP,2,6,14,6.0
Electronics,359.87,2,Pending,PayPal,Mobile,Organic,VIP,2,6,14,7.0
Books,485.79,2,Delivered,PayPal,Mobile,Social,Returning,2,6,14,1.0
Home,332.82,3,Delivered,Google Pay,Desktop,Paid Search,New,2,6,14,4.0
Books,160.72,3,Shipped,PayPal,Mobile,Social,Returning,2,6,14,4.0
Clothing,368.59,2,Delivered,Google Pay,Tablet,Organic,VIP,2,6,14,1.0
Home,234.68,2,Delivered,Apple Pay,Mobile,Social,VIP,2,6,14,5.0
Home,439.76,2,Shipped,Apple Pay,Desktop,Social,VIP,2,6,14,5.0
Beauty,121.28,1,Delivered,Credit Card,Mobile,Social,Returning,2,6,14,7.0
Toys,293.26,4,Delivered,Apple Pay,Tablet,Organic,Returning,2,6,14,7.0
Home,126.0,5,Delivered,PayPal,Tablet,Social,VIP,2,6,14,6.0
Home,189.86,3,Shipped,Apple Pay,Tablet,Paid Search,VIP,2,6,14,7.0
Beauty,492.69,4,Delivered,Google Pay,Desktop,Paid Search,Returning,2,0,14,1.0
Home,148.18,2,Returned,Debit Card,Desktop,Social,Returning,2,0,14,7.0
Clothing,19.4,3,Delivered,Credit Card,Desktop,Social,Returning,2,0,14,2.0
Toys,384.85,3,Delivered,Credit Card,Desktop,Social,Returning,2,0,14,6.0
Electronics,267.0,1,Delivered,Credit Card,Tablet,Email,VIP,2,0,14,7.0
Home,259.8,3,Delivered,Debit Card,Desktop,Organic,VIP,2,0,14,6.0
Toys,276.15,1,Shipped,Credit Card,Mobile,Organic,Returning,2,0,14,1.0
Home,8.33,1,Delivered,Apple Pay,Mobile,Paid Search,Returning,2,0,14,5.0
Home,487.23,4,Delivered,Google Pay,Desktop,Organic,VIP,2,0,14,3.0
Toys,418.48,4,Delivered,Credit Card,Desktop,Social,VIP,2,0,14,2.0
Home,226.58,2,Delivered,Google Pay,Desktop,Social,VIP,2,0,14,4.0
Electronics,261.67,2,Delivered,Debit Card,Desktop,Social,Returning,2,0,14,4.0
Electronics,172.99,5,Delivered,Google Pay,Mobile,Email,Returning,2,0,14,7.0
Clothing,318.41,3,Returned,Credit Card,Desktop,Email,Returning,2,0,14,4.0
Toys,55.9,3,Delivered,Google Pay,Desktop,Organic,VIP,2,0,14,5.0
Clothing,446.25,2,Delivered,Google Pay,Mobile,Email,VIP,2,0,14,1.0
Books,440.43,2,Shipped,Apple Pay,Tablet,Email,VIP,2,0,14,3.0
Home,179.12,2,Delivered,Google Pay,Tablet,Email,VIP,2,0,14,2.0
Home,85.31,1,Delivered,Apple Pay,Desktop,Organic,VIP,2,0,14,5.0
Home,428.21,1,Delivered,Debit Card,Mobile,Email,Returning,2,0,14,2.0
Books,35.37,1,Delivered,PayPal,Mobile,Email,Returning,2,0,14,1.0
Books,439.55,1,Delivered,Debit Card,Mobile,Email,VIP,2,0,14,2.0
Electronics,112.39,1,Delivered,PayPal,Desktop,Social,Returning,2,0,14,5.0
Electronics,39.33,4,Shipped,Credit Card,Desktop,Social,VIP,2,0,14,2.0
Home,119.32,1,Delivered,PayPal,Desktop,Email,Returning,2,0,14,1.0
Clothing,102.5,1,Delivered,Google Pay,Tablet,Organic,VIP,2,0,14,2.0
Toys,198.41,2,Delivered,Debit Card,Mobile,Social,VIP,2,0,14,3.0
Beauty,61.63,3,Delivered,Apple Pay,Mobile,Email,VIP,2,0,14,5.0
Electronics,319.26,5,Delivered,PayPal,Tablet,Paid Search,Returning,2,0,14,4.0
Clothing,470.46,3,Delivered,Debit Card,Mobile,Paid Search,VIP,2,1,14,1.0
Toys,448.71,3,Delivered,Debit Card,Mobile,Organic,Returning,2,1,14,5.0
Home,367.39,2,Delivered,Apple Pay,Tablet,Organic,VIP,2,1,14,7.0
Beauty,98.16,1,Delivered,Debit Card,Desktop,Organic,VIP,2,1,14,3.0
Home,161.97,1,Delivered,Debit Card,Desktop,Email,VIP,2,1,14,5.0
Clothing,198.56,2,Shipped,Debit Card,Tablet,Organic,Returning,2,1,14,6.0
Toys,277.08,1,Delivered,Credit Card,Desktop,Social,VIP,2,1,14,5.0
Clothing,226.91,1,Delivered,Google Pay,Mobile,Email,Returning,2,1,14,2.0
Home,428.69,1,Shipped,Google Pay,Desktop,Email,VIP,2,1,14,3.0
Beauty,75.81,4,Delivered,Credit Card,Tablet,Paid Search,VIP,2,1,14,2.0
Clothing,50.05,1,Delivered,Credit Card,Desktop,Organic,VIP,2,1,14,5.0
Beauty,296.76,3,Delivered,PayPal,Tablet,Email,Returning,2,1,14,6.0
Books,271.92,3,Shipped,Google Pay,Desktop,Email,VIP,2,1,14,7.0
Clothing,430.99,1,Delivered,Credit Card,Mobile,Social,VIP,2,1,14,4.0
Electronics,259.27,1,Delivered,PayPal,Desktop,Email,VIP,2,1,14,6.0
Books,39.66,3,Delivered,Credit Card,Desktop,Email,VIP,2,1,14,4.0
Clothing,375.8,2,Delivered,Google Pay,Desktop,Paid Search,Returning,2,1,14,3.0
Books,101.38,3,Pending,Debit Card,Desktop,Organic,VIP,2,1,14,3.0
Beauty,326.69,1,Shipped,PayPal,Mobile,Social,New,2,1,14,4.0
Books,309.8,1,Delivered,Credit Card,Tablet,Paid Search,VIP,2,1,14,7.0
Toys,286.4,3,Delivered,Credit Card,Tablet,Email,VIP,2,1,14,1.0
Electronics,495.08,2,Delivered,Apple Pay,Desktop,Social,Returning,2,1,14,6.0
Clothing,180.45,1,Delivered,Apple Pay,Desktop,Email,VIP,2,1,14,1.0
Electronics,255.01,2,Returned,PayPal,Desktop,Paid Search,Returning,2,1,14,3.0
Beauty,267.58,3,Pending,Apple Pay,Tablet,Social,Returning,2,2,14,2.0
Electronics,94.26,2,Returned,Debit Card,Desktop,Social,VIP,2,2,14,3.0
Electronics,91.2,1,Delivered,Apple Pay,Desktop,Organic,VIP,2,2,14,3.0
Electronics,253.44,2,Delivered,Google Pay,Mobile,Organic,Returning,2,2,14,7.0
Electronics,461.37,4,Delivered,Apple Pay,Desktop,Paid Search,Returning,2,2,14,2.0
Electronics,419.86,1,Delivered,PayPal,Mobile,Paid Search,VIP,2,2,14,1.0
Beauty,258.17,2,Delivered,Credit Card,Mobile,Paid Search,Returning,2,2,14,4.0
Books,445.67,3,Shipped,Credit Card,Desktop,Social,New,2,2,14,3.0
Home,282.92,2,Pending,Apple Pay,Desktop,Social,VIP,2,2,14,5.0
Books,69.37,4,Shipped,Google Pay,Mobile,Paid Search,New,2,2,14,4.0
Toys,292.52,4,Delivered,Google Pay,Mobile,Social,Returning,2,2,14,2.0
Electronics,314.99,2,Shipped,PayPal,Tablet,Email,VIP,2,2,14,4.0
Clothing,481.98,3,Pending,Credit Card,Tablet,Paid Search,Returning,2,2,14,4.0
Home,381.49,2,Shipped,Debit Card,Mobile,Paid Search,VIP,2,2,14,6.0
Beauty,402.36,4,Delivered,Credit Card,Mobile,Organic,VIP,2,2,14,4.0
Clothing,279.76,1,Delivered,Apple Pay,Tablet,Social,VIP,2,2,14,7.0
Beauty,253.97,2,Delivered,Google Pay,Tablet,Email,Returning,2,2,14,6.0
Clothing,169.76,4,Delivered,Debit Card,Desktop,Email,Returning,2,2,14,1.0
Electronics,142.08,5,Delivered,Credit Card,Mobile,Email,VIP,2,2,14,2.0
Clothing,29.2,1,Delivered,Debit Card,Tablet,Email,New,2,2,14,7.0
Beauty,366.18,1,Shipped,Google Pay,Mobile,Paid Search,Returning,2,2,14,6.0
Beauty,164.75,4,Shipped,Credit Card,Mobile,Paid Search,VIP,2,2,14,1.0
Home,18.59,2,Delivered,Debit Card,Mobile,Social,VIP,2,2,14,2.0
Electronics,384.02,1,Shipped,Google Pay,Desktop,Social,Returning,2,2,14,4.0
Home,406.46,2,Delivered,Debit Card,Tablet,Email,Returning,2,2,14,1.0
Clothing,243.67,1,Delivered,Debit Card,Desktop,Email,VIP,2,2,14,5.0
Home,15.33,1,Delivered,Credit Card,Mobile,Email,New,2,2,14,1.0
Clothing,325.24,1,Delivered,Credit Card,Mobile,Social,VIP,2,2,14,3.0
Electronics,134.86,1,Delivered,Apple Pay,Desktop,Email,Returning,2,2,14,2.0
Books,60.08,2,Delivered,Apple Pay,Desktop,Social,VIP,2,2,14,7.0
Toys,73.5,1,Delivered,PayPal,Mobile,Social,New,2,2,14,7.0
Clothing,462.07,2,Delivered,Credit Card,Desktop,Social,VIP,2,3,14,3.0
Clothing,171.36,2,Shipped,Apple Pay,Desktop,Email,VIP,2,3,14,3.0
Electronics,83.46,1,Delivered,Debit Card,Mobile,Organic,Returning,2,3,14,3.0
Books,387.89,1,Delivered,PayPal,Mobile,Social,Returning,2,3,14,7.0
Books,377.74,2,Delivered,Apple Pay,Mobile,Email,VIP,2,3,14,6.0
Toys,287.77,1,Delivered,Debit Card,Desktop,Social,VIP,2,3,14,5.0
Books,403.08,2,Delivered,Apple Pay,Tablet,Email,VIP,2,3,14,6.0
Electronics,89.79,3,Delivered,PayPal,Mobile,Email,VIP,2,3,14,3.0
Home,331.55,2,Delivered,Google Pay,Mobile,Email,VIP,2,3,14,7.0
Electronics,160.17,1,Delivered,Google Pay,Tablet,Email,Returning,2,3,14,1.0
Toys,385.39,5,Delivered,PayPal,Desktop,Email,VIP,2,3,14,1.0
Clothing,224.98,4,Delivered,PayPal,Mobile,Email,Returning,2,3,14,7.0
Home,335.72,1,Delivered,Credit Card,Desktop,Email,VIP,2,3,14,1.0
Clothing,121.56,1,Delivered,Debit Card,Desktop,Social,VIP,2,3,14,3.0
Home,275.02,2,Delivered,Apple Pay,Mobile,Email,VIP,2,3,14,4.0
Electronics,61.84,2,Delivered,PayPal,Desktop,Social,Returning,2,3,14,1.0
Home,88.73,2,Delivered,Credit Card,Mobile,Email,Returning,2,3,14,5.0
Clothing,383.64,1,Delivered,Google Pay,Desktop,Email,Returning,2,3,14,1.0
Books,339.04,3,Delivered,Debit Card,Desktop,Email,Returning,2,3,14,7.0
Beauty,475.14,2,Delivered,Credit Card,Desktop,Organic,VIP,2,3,14,6.0
Toys,299.1,4,Delivered,Apple Pay,Desktop,Email,Returning,2,3,14,7.0
Clothing,296.38,3,Delivered,PayPal,Tablet,Organic,Returning,2,3,14,3.0
Beauty,100.99,1,Delivered,PayPal,Tablet,Organic,Returning,2,3,14,5.0
Beauty,52.75,1,Delivered,Google Pay,Mobile,Social,VIP,2,4,14,7.0
Electronics,60.59,1,Delivered,PayPal,Desktop,Social,Returning,2,4,14,4.0
Books,407.68,4,Delivered,PayPal,Desktop,Email,Returning,2,4,14,6.0
Toys,195.6,4,Delivered,Debit Card,Tablet,Social,VIP,2,4,14,5.0
Books,169.12,3,Shipped,Apple Pay,Mobile,Email,VIP,2,4,14,4.0
Clothing,168.28,1,Delivered,Debit Card,Tablet,Paid Search,VIP,2,4,14,7.0
Home,465.52,2,Returned,Google Pay,Tablet,Paid Search,VIP,2,4,14,6.0
Electronics,81.8,2,Delivered,Apple Pay,Desktop,Paid Search,VIP,2,4,14,4.0
Toys,352.9,2,Shipped,Apple Pay,Tablet,Organic,Returning,2,4,14,3.0
Electronics,34.87,4,Returned,Apple Pay,Desktop,Email,Returning,2,4,14,4.0
Toys,71.86,2,Delivered,Credit Card,Mobile,Email,VIP,2,4,14,3.0
Books,96.98,4,Shipped,Credit Card,Tablet,Paid Search,VIP,2,4,14,2.0
Beauty,468.26,1,Delivered,PayPal,Mobile,Paid Search,VIP,2,4,14,3.0
Home,349.75,2,Delivered,Google Pay,Mobile,Social,Returning,2,4,14,3.0
Electronics,462.34,2,Delivered,Credit Card,Desktop,Organic,VIP,2,4,14,1.0
Clothing,87.23,1,Shipped,Apple Pay,Mobile,Paid Search,Returning,2,4,14,7.0
Electronics,62.07,1,Delivered,Apple Pay,Desktop,Social,VIP,2,4,14,6.0
Toys,138.06,1,Delivered,Google Pay,Mobile,Email,VIP,2,4,14,2.0
Clothing,409.09,1,Delivered,Debit Card,Tablet,Organic,VIP,2,4,14,2.0
Toys,148.01,8,Shipped,Credit Card,Mobile,Email,New,2,4,14,3.0
Books,252.61,2,Delivered,Apple Pay,Desktop,Email,Returning,2,4,14,3.0
Home,458.16,1,Shipped,Google Pay,Desktop,Email,Returning,2,4,14,6.0
Beauty,302.71,3,Shipped,PayPal,Tablet,Email,Returning,2,4,14,4.0
Clothing,267.55,3,Delivered,Credit Card,Tablet,Paid Search,Returning,2,4,14,5.0
Home,63.86,1,Pending,Debit Card,Desktop,Email,VIP,2,4,14,1.0
Clothing,274.09,1,Delivered,Apple Pay,Mobile,Paid Search,VIP,2,4,14,4.0
Toys,181.16,2,Delivered,Apple Pay,Mobile,Email,VIP,2,4,14,3.0
Beauty,30.06,2,Shipped,Debit Card,Desktop,Paid Search,Returning,2,4,14,7.0
Toys,346.88,2,Returned,PayPal,Mobile,Social,VIP,2,4,14,7.0
Beauty,383.41,4,Delivered,Google Pay,Mobile,Paid Search,VIP,2,5,14,4.0
Books,364.68,4,Delivered,Apple Pay,Desktop,Organic,Returning,2,5,14,5.0
Electronics,336.96,2,Shipped,Google Pay,Desktop,Paid Search,Returning,2,5,14,2.0
Books,5.56,2,Delivered,Debit Card,Tablet,Email,VIP,2,5,14,4.0
Beauty,421.62,1,Delivered,Credit Card,Desktop,Social,VIP,2,5,14,5.0
Books,64.12,1,Delivered,PayPal,Mobile,Paid Search,VIP,2,5,14,4.0
Home,393.66,1,Delivered,PayPal,Tablet,Organic,Returning,2,5,14,2.0
Electronics,210.84,2,Delivered,PayPal,Mobile,Social,VIP,2,5,14,7.0
Beauty,335.64,1,Shipped,Apple Pay,Tablet,Social,VIP,2,5,14,6.0
Toys,59.51,4,Shipped,Debit Card,Tablet,Social,New,2,5,14,2.0
Electronics,248.33,2,Pending,Credit Card,Mobile,Paid Search,Returning,2,5,14,5.0
Beauty,477.02,1,Delivered,PayPal,Desktop,Social,VIP,2,5,14,3.0
Clothing,377.08,2,Delivered,Credit Card,Mobile,Organic,Returning,2,5,14,5.0
Toys,52.46,1,Delivered,Apple Pay,Mobile,Paid Search,VIP,2,5,14,6.0
Electronics,443.44,1,Delivered,Apple Pay,Desktop,Social,VIP,2,5,14,4.0
Beauty,97.06,1,Delivered,Debit Card,Mobile,Organic,Returning,2,5,14,6.0
Books,60.04,4,Delivered,Apple Pay,Mobile,Paid Search,Returning,2,5,14,4.0
Beauty,482.78,1,Delivered,PayPal,Desktop,Paid Search,Returning,2,5,14,4.0
Toys,229.94,3,Delivered,PayPal,Mobile,Email,VIP,2,5,14,2.0
Clothing,106.51,2,Delivered,Apple Pay,Desktop,Email,VIP,2,5,14,4.0
Clothing,210.42,2,Shipped,Apple Pay,Desktop,Email,VIP,2,5,14,5.0
Toys,148.34,1,Delivered,Apple Pay,Tablet,Email,VIP,2,5,14,2.0
Electronics,148.74,1,Delivered,PayPal,Mobile,Paid Search,VIP,2,5,14,7.0
Home,166.47,1,Delivered,Google Pay,Tablet,Paid Search,Returning,2,5,14,4.0
Beauty,461.27,3,Delivered,Credit Card,Desktop,Organic,Returning,2,5,14,3.0
Clothing,86.85,2,Shipped,Debit Card,Mobile,Email,VIP,2,5,14,7.0
Clothing,156.47,2,Delivered,Credit Card,Mobile,Social,Returning,2,5,14,6.0
Electronics,218.36,3,Delivered,Apple Pay,Mobile,Social,Returning,2,5,14,1.0
Toys,213.07,1,Delivered,Apple Pay,Mobile,Email,VIP,2,5,14,3.0
Electronics,441.93,3,Delivered,Apple Pay,Mobile,Social,Returning,2,5,14,5.0
Toys,422.43,1,Delivered,Credit Card,Desktop,Organic,VIP,2,5,14,2.0
Electronics,252.64,2,Delivered,Debit Card,Mobile,Paid Search,Returning,2,5,14,2.0
Electronics,391.16,1,Shipped,Credit Card,Mobile,Organic,Returning,2,5,14,4.0
Clothing,126.19,3,Shipped,Apple Pay,Mobile,Email,Returning,2,5,14,2.0
Toys,324.48,2,Delivered,Apple Pay,Tablet,Social,Returning,2,6,14,6.0
Beauty,180.9,4,Delivered,Debit Card,Mobile,Email,VIP,2,6,14,2.0
Home,276.8,1,Delivered,Google Pay,Mobile,Social,VIP,2,6,14,3.0
Electronics,166.47,3,Shipped,Google Pay,Mobile,Organic,New,2,6,14,6.0
Toys,242.89,3,Delivered,PayPal,Tablet,Organic,Returning,2,6,14,1.0
Home,242.46,1,Delivered,PayPal,Mobile,Email,Returning,2,6,14,7.0
Home,398.18,2,Pending,Apple Pay,Mobile,Email,Returning,2,6,14,3.0
Home,489.18,3,Delivered,Credit Card,Tablet,Paid Search,VIP,2,6,14,5.0
Clothing,197.54,1,Delivered,PayPal,Tablet,Paid Search,New,2,6,14,7.0
Books,439.14,1,Delivered,Apple Pay,Desktop,Email,VIP,2,6,14,4.0
Home,246.0,1,Pending,Debit Card,Mobile,Email,VIP,2,6,14,4.0
Books,126.48,2,Returned,Google Pay,Tablet,Social,Returning,2,6,14,3.0
Home,113.71,4,Delivered,Debit Card,Mobile,Social,VIP,2,6,14,3.0
Beauty,66.82,1,Pending,Apple Pay,Mobile,Social,Returning,2,6,14,2.0
Books,282.88,1,Delivered,PayPal,Tablet,Email,New,2,6,14,6.0
Clothing,464.56,3,Pending,Debit Card,Desktop,Paid Search,New,2,6,14,4.0
Home,339.62,1,Delivered,Google Pay,Tablet,Paid Search,Returning,2,6,14,3.0
Books,285.31,1,Delivered,Google Pay,Desktop,Paid Search,Returning,2,6,14,2.0
Clothing,175.52,1,Delivered,Debit Card,Desktop,Organic,VIP,2,6,14,1.0
Home,35.66,2,Delivered,Apple Pay,Mobile,Email,VIP,2,6,14,3.0
Clothing,209.03,3,Delivered,Debit Card,Desktop,Email,Returning,2,6,14,3.0
Books,481.3,1,Pending,PayPal,Mobile,Email,New,2,6,14,4.0
Home,365.0,1,Delivered,Google Pay,Tablet,Organic,Returning,2,6,14,6.0
Home,392.4,1,Delivered,Google Pay,Mobile,Paid Search,VIP,2,6,14,7.0
Books,192.38,1,Delivered,PayPal,Mobile,Organic,VIP,2,0,14,4.0
Books,358.17,4,Delivered,Apple Pay,Mobile,Organic,VIP,2,0,14,3.0
Beauty,255.92,3,Shipped,Debit Card,Mobile,Organic,VIP,2,0,14,3.0
Electronics,85.01,2,Delivered,Credit Card,Desktop,Paid Search,Returning,2,0,14,5.0
Beauty,430.23,1,Delivered,Apple Pay,Desktop,Email,VIP,2,0,14,7.0
Toys,109.12,3,Pending,Apple Pay,Desktop,Organic,Returning,2,0,14,2.0
Beauty,96.77,4,Delivered,Google Pay,Tablet,Social,VIP,2,0,14,5.0
Home,207.6,3,Shipped,Debit Card,Desktop,Email,Returning,2,0,14,4.0
Electronics,318.7,1,Delivered,Credit Card,Mobile,Paid Search,Returning,2,0,14,5.0
Books,117.12,1,Returned,Credit Card,Tablet,Email,Returning,2,0,14,7.0
Electronics,168.98,1,Delivered,Google Pay,Tablet,Social,VIP,2,0,14,3.0
Beauty,257.74,2,Returned,PayPal,Tablet,Organic,Returning,2,0,14,2.0
Electronics,102.24,1,Delivered,Google Pay,Tablet,Paid Search,Returning,2,0,14,5.0
Home,280.82,1,Delivered,Debit Card,Mobile,Organic,Returning,2,0,14,6.0
Beauty,45.61,3,Delivered,PayPal,Mobile,Paid Search,Returning,2,0,14,3.0
Clothing,427.7,5,Delivered,Debit Card,Tablet,Organic,Returning,2,0,14,6.0
Books,459.03,1,Returned,Apple Pay,Tablet,Email,Returning,2,0,14,3.0
Clothing,484.91,1,Delivered,Google Pay,Mobile,Social,VIP,2,0,14,5.0
Electronics,346.27,1,Shipped,PayPal,Tablet,Email,VIP,2,0,14,5.0
Electronics,299.22,1,Delivered,Credit Card,Desktop,Organic,New,2,0,14,5.0
Clothing,150.87,1,Shipped,Apple Pay,Mobile,Social,Returning,2,0,14,4.0
Home,406.25,1,Shipped,Google Pay,Mobile,Social,Returning,2,0,14,3.0
Books,89.33,1,Delivered,Debit Card,Desktop,Organic,VIP,2,0,14,1.0
Clothing,230.27,5,Shipped,Debit Card,Desktop,Paid Search,VIP,2,0,14,3.0
Electronics,405.42,1,Shipped,Credit Card,Desktop,Social,Returning,2,0,14,5.0
Clothing,118.16,1,Delivered,Debit Card,Mobile,Email,Returning,2,0,14,5.0
Home,329.83,2,Shipped,Apple Pay,Tablet,Email,VIP,2,1,14,7.0
Clothing,387.74,2,Delivered,Google Pay,Tablet,Paid Search,VIP,2,1,14,7.0
Toys,476.61,3,Shipped,PayPal,Mobile,Social,Returning,2,1,14,3.0
Books,368.93,2,Delivered,Credit Card,Mobile,Social,Returning,2,1,14,4.0
Beauty,119.05,3,Delivered,Google Pay,Tablet,Email,VIP,2,1,14,3.0
Books,15.93,2,Shipped,PayPal,Tablet,Paid Search,VIP,2,1,14,6.0
Home,274.64,2,Returned,Credit Card,Desktop,Email,VIP,2,1,14,5.0
Beauty,468.86,2,Delivered,Credit Card,Tablet,Organic,VIP,2,1,14,5.0
Clothing,107.9,1,Delivered,Debit Card,Tablet,Paid Search,VIP,2,1,14,6.0
Toys,449.11,5,Delivered,Google Pay,Desktop,Email,Returning,2,1,14,4.0
Electronics,7.44,2,Delivered,Credit Card,Mobile,Email,Returning,2,1,14,7.0
Clothing,319.41,1,Delivered,PayPal,Mobile,Social,New,2,1,14,4.0
Toys,54.43,2,Returned,Apple Pay,Tablet,Email,Returning,2,1,14,5.0
Home,10.06,4,Delivered,Google Pay,Tablet,Paid Search,Returning,2,1,14,1.0
Home,425.12,2,Delivered,Debit Card,Mobile,Organic,Returning,2,1,14,3.0
Books,462.51,2,Delivered,Google Pay,Desktop,Paid Search,Returning,2,1,14,1.0
Beauty,232.94,2,Returned,Google Pay,Tablet,Social,Returning,2,1,14,5.0
Beauty,256.73,1,Delivered,Debit Card,Tablet,Organic,VIP,2,1,14,5.0
Beauty,276.01,3,Delivered,Google Pay,Tablet,Organic,VIP,2,1,14,4.0
Books,32.54,3,Delivered,Debit Card,Mobile,Social,VIP,2,1,14,2.0
Books,40.17,3,Delivered,Credit Card,Desktop,Email,Returning,2,1,14,5.0
Books,491.38,4,Returned,Apple Pay,Mobile,Email,VIP,2,1,14,7.0
Electronics,79.0,2,Shipped,Debit Card,Mobile,Paid Search,Returning,2,1,14,7.0
Home,119.64,2,Delivered,Credit Card,Mobile,Email,VIP,2,1,14,3.0
Electronics,231.59,4,Shipped,Debit Card,Mobile,Social,Returning,2,1,14,5.0
Home,99.75,1,Shipped,PayPal,Desktop,Paid Search,VIP,2,1,14,2.0
Home,470.74,2,Delivered,Google Pay,Desktop,Paid Search,Returning,2,1,14,5.0
Home,72.85,2,Delivered,Debit Card,Tablet,Organic,VIP,2,1,14,1.0
Home,213.46,2,Delivered,Debit Card,Desktop,Paid Search,VIP,2,1,14,1.0
Beauty,107.01,1,Delivered,Apple Pay,Tablet,Paid Search,VIP,2,1,14,1.0
Beauty,93.84,4,Delivered,Apple Pay,Mobile,Social,Returning,2,1,14,5.0
Books,230.21,3,Delivered,Google Pay,Desktop,Social,Returning,2,1,14,3.0
Electronics,186.24,2,Shipped,Google Pay,Tablet,Organic,New,2,1,14,2.0
Beauty,386.03,4,Delivered,PayPal,Tablet,Organic,VIP,2,1,14,7.0
Books,152.64,2,Shipped,PayPal,Mobile,Paid Search,Returning,2,2,14,5.0
Clothing,211.73,3,Delivered,PayPal,Tablet,Organic,VIP,2,2,14,5.0
Books,187.41,2,Delivered,Apple Pay,Desktop,Organic,VIP,2,2,14,5.0
Beauty,458.32,1,Pending,Credit Card,Tablet,Organic,Returning,2,2,14,2.0
Toys,293.51,3,Delivered,Debit Card,Tablet,Social,VIP,2,2,14,3.0
Clothing,248.85,3,Delivered,Apple Pay,Desktop,Organic,Returning,2,2,14,6.0
Electronics,171.02,3,Delivered,Credit Card,Mobile,Social,VIP,2,2,14,7.0
Books,422.94,1,Delivered,Debit Card,Tablet,Organic,Returning,2,2,14,6.0
Clothing,134.71,1,Delivered,PayPal,Desktop,Organic,Returning,2,2,14,7.0
Beauty,421.33,1,Delivered,Debit Card,Tablet,Organic,Returning,2,2,14,5.0
Books,329.84,1,Shipped,Google Pay,Mobile,Social,VIP,2,2,14,2.0
Electronics,96.07,1,Delivered,Credit Card,Desktop,Social,Returning,2,2,14,5.0
Clothing,142.66,1,Delivered,Apple Pay,Desktop,Email,VIP,2,2,14,3.0
Home,90.98,1,Delivered,Credit Card,Tablet,Email,VIP,2,2,14,3.0
Books,281.77,3,Shipped,PayPal,Tablet,Email,Returning,2,2,14,6.0
Toys,165.47,3,Delivered,Apple Pay,Mobile,Social,Returning,2,2,14,3.0
Beauty,95.73,2,Shipped,PayPal,Desktop,Paid Search,VIP,2,2,14,3.0
Toys,7.18,1,Delivered,Debit Card,Mobile,Social,VIP,2,2,14,5.0
Beauty,72.47,1,Delivered,PayPal,Tablet,Paid Search,VIP,2,2,14,2.0
Toys,332.92,1,Delivered,Apple Pay,Mobile,Email,VIP,2,2,14,2.0
Home,59.13,3,Delivered,Debit Card,Desktop,Email,VIP,2,2,14,7.0
Toys,257.35,1,Delivered,Debit Card,Mobile,Paid Search,VIP,2,2,14,5.0
Toys,255.74,2,Delivered,PayPal,Desktop,Organic,VIP,2,2,14,2.0
Toys,180.04,3,Shipped,Apple Pay,Desktop,Email,Returning,2,2,14,2.0
Home,142.15,2,Delivered,PayPal,Tablet,Paid Search,VIP,2,2,14,5.0
Electronics,222.53,1,Shipped,Google Pay,Tablet,Organic,VIP,2,2,14,6.0
Clothing,254.92,4,Delivered,Debit Card,Mobile,Social,VIP,2,3,14,3.0
Toys,356.21,2,Delivered,Credit Card,Desktop,Social,New,2,3,14,5.0
Books,102.96,2,Shipped,Apple Pay,Mobile,Email,VIP,2,3,14,7.0
Clothing,169.9,2,Delivered,PayPal,Mobile,Paid Search,VIP,2,3,14,3.0
Home,323.12,4,Pending,Debit Card,Tablet,Email,VIP,2,3,14,4.0
Beauty,354.5,1,Delivered,Google Pay,Desktop,Social,Returning,2,3,14,4.0
Electronics,306.35,1,Delivered,PayPal,Mobile,Email,VIP,2,3,14,1.0
Toys,248.66,2,Pending,Credit Card,Desktop,Email,VIP,2,3,14,4.0
Electronics,247.11,2,Delivered,Google Pay,Mobile,Email,Returning,2,3,14,4.0
Clothing,127.75,1,Delivered,Apple Pay,Mobile,Email,Returning,2,3,14,2.0
Toys,79.49,1,Pending,PayPal,Desktop,Paid Search,Returning,2,3,14,2.0
Electronics,378.18,1,Shipped,Google Pay,Desktop,Organic,Returning,2,3,14,4.0
Beauty,489.1,2,Delivered,Debit Card,Mobile,Email,VIP,2,3,14,5.0
Beauty,379.09,3,Shipped,Google Pay,Mobile,Paid Search,Returning,2,3,14,6.0
Books,228.51,1,Delivered,PayPal,Mobile,Email,VIP,2,3,14,4.0
Beauty,103.18,1,Pending,PayPal,Desktop,Organic,VIP,2,3,14,1.0
Books,463.25,3,Delivered,Debit Card,Mobile,Email,VIP,2,3,14,6.0
Books,416.59,1,Delivered,Credit Card,Mobile,Email,Returning,2,3,14,4.0
Clothing,226.1,1,Delivered,Apple Pay,Desktop,Paid Search,VIP,2,3,14,2.0
Books,60.32,1,Delivered,Google Pay,Tablet,Organic,Returning,2,3,14,2.0
Beauty,204.77,1,Delivered,Debit Card,Tablet,Organic,VIP,2,3,14,5.0
Books,427.04,1,Delivered,Debit Card,Tablet,Social,Returning,2,3,14,5.0
Toys,153.48,3,Delivered,Credit Card,Tablet,Social,Returning,2,3,14,6.0
Clothing,143.26,2,Shipped,Apple Pay,Desktop,Email,New,2,3,14,7.0
Beauty,387.75,1,Shipped,Debit Card,Tablet,Social,Returning,2,3,14,5.0
Toys,489.09,4,Delivered,Debit Card,Desktop,Email,VIP,2,3,14,2.0
Books,48.8,4,Delivered,Credit Card,Tablet,Social,Returning,2,4,14,1.0
Electronics,26.61,1,Delivered,Debit Card,Desktop,Social,VIP,2,4,14,6.0
Beauty,307.58,4,Delivered,PayPal,Tablet,Social,Returning,2,4,14,7.0
Home,124.6,1,Delivered,Google Pay,Desktop,Organic,VIP,2,4,14,3.0
Clothing,300.01,2,Delivered,PayPal,Desktop,Paid Search,VIP,2,4,14,7.0
Toys,469.27,1,Delivered,Apple Pay,Tablet,Social,Returning,2,4,14,4.0
Clothing,33.06,2,Pending,Apple Pay,Mobile,Paid Search,Returning,2,4,14,4.0
Home,139.76,2,Delivered,Apple Pay,Desktop,Organic,VIP,2,4,14,2.0
Clothing,95.73,3,Shipped,Debit Card,Mobile,Paid Search,VIP,2,4,14,5.0
Beauty,415.9,1,Shipped,Google Pay,Tablet,Social,VIP,2,4,14,1.0
Toys,392.88,5,Delivered,Debit Card,Mobile,Email,Returning,2,4,14,7.0
Books,74.54,2,Delivered,Google Pay,Tablet,Organic,VIP,2,4,14,2.0
Home,416.93,4,Delivered,Credit Card,Mobile,Email,VIP,2,4,14,1.0
Beauty,397.11,1,Delivered,Credit Card,Mobile,Social,Returning,2,4,14,7.0
Toys,283.47,3,Delivered,PayPal,Tablet,Email,VIP,2,4,14,7.0
Toys,412.44,3,Delivered,Apple Pay,Desktop,Email,Returning,2,4,14,3.0
Electronics,66.1,5,Delivered,Google Pay,Tablet,Social,VIP,2,4,14,3.0
Electronics,499.05,1,Delivered,Google Pay,Tablet,Organic,VIP,2,4,14,6.0
Books,208.65,1,Delivered,Apple Pay,Desktop,Paid Search,VIP,2,4,14,5.0
Electronics,289.11,1,Shipped,Debit Card,Tablet,Organic,Returning,2,4,14,2.0
Beauty,264.08,3,Delivered,Apple Pay,Mobile,Email,VIP,2,4,14,2.0
Books,310.3,3,Pending,Apple Pay,Tablet,Email,VIP,2,4,14,3.0
Home,466.02,1,Delivered,Credit Card,Desktop,Organic,Returning,2,4,14,7.0
Home,437.96,3,Delivered,Apple Pay,Desktop,Email,VIP,2,4,14,1.0
Home,382.49,1,Delivered,Google Pay,Tablet,Social,VIP,2,4,14,5.0
Electronics,227.91,2,Delivered,Debit Card,Tablet,Paid Search,Returning,2,4,14,3.0
Beauty,259.69,1,Delivered,PayPal,Tablet,Social,Returning,2,4,14,7.0
Home,364.32,3,Delivered,Credit Card,Mobile,Organic,Returning,2,4,14,1.0
Home,471.48,3,Shipped,PayPal,Tablet,Social,VIP,2,4,14,1.0
Clothing,164.32,2,Pending,Credit Card,Tablet,Social,New,2,4,14,7.0
Beauty,499.28,3,Delivered,Google Pay,Tablet,Email,VIP,2,4,14,6.0
Beauty,470.26,2,Pending,Credit Card,Desktop,Social,Returning,2,5,14,4.0
Beauty,347.0,3,Delivered,Apple Pay,Mobile,Email,Returning,2,5,14,2.0
Electronics,489.72,6,Shipped,PayPal,Desktop,Paid Search,VIP,2,5,14,7.0
Clothing,331.38,1,Delivered,Google Pay,Desktop,Organic,VIP,2,5,14,4.0
Toys,435.37,1,Shipped,Apple Pay,Desktop,Email,Returning,2,5,14,7.0
Electronics,98.69,2,Delivered,Google Pay,Mobile,Paid Search,Returning,2,5,14,5.0
Toys,481.3,3,Delivered,Debit Card,Mobile,Paid Search,VIP,2,5,14,6.0
Electronics,247.57,2,Shipped,Google Pay,Desktop,Social,New,2,5,14,7.0
Toys,284.45,2,Delivered,Debit Card,Desktop,Organic,VIP,2,5,14,4.0
Books,488.9,1,Delivered,Debit Card,Tablet,Social,VIP,2,5,14,6.0
Electronics,104.51,1,Shipped,PayPal,Desktop,Paid Search,VIP,2,5,14,5.0
Books,189.17,1,Delivered,PayPal,Mobile,Paid Search,Returning,2,5,14,5.0
Home,28.66,1,Delivered,Credit Card,Tablet,Email,Returning,2,5,14,2.0
Electronics,78.21,2,Shipped,Google Pay,Desktop,Organic,Returning,2,5,14,1.0
Clothing,484.76,1,Delivered,PayPal,Tablet,Social,VIP,2,5,14,1.0
Clothing,57.39,4,Delivered,Debit Card,Mobile,Social,Returning,2,5,14,2.0
Beauty,294.74,3,Delivered,Credit Card,Tablet,Email,VIP,2,5,14,3.0
Clothing,251.69,3,Delivered,Credit Card,Tablet,Email,VIP,2,5,14,7.0
Beauty,480.15,1,Delivered,Debit Card,Desktop,Email,Returning,2,5,14,4.0
Home,495.19,2,Delivered,Google Pay,Tablet,Email,Returning,2,5,14,4.0
Home,68.39,1,Pending,Google Pay,Desktop,Organic,Returning,2,5,14,3.0
Electronics,102.15,2,Shipped,Credit Card,Desktop,Paid Search,VIP,2,5,14,4.0
Books,228.32,3,Delivered,Google Pay,Desktop,Paid Search,Returning,2,5,14,4.0
Beauty,177.69,1,Delivered,Google Pay,Tablet,Social,Returning,2,5,14,3.0
Electronics,8.05,1,Shipped,Google Pay,Desktop,Paid Search,VIP,2,5,14,7.0
Toys,255.21,1,Returned,PayPal,Tablet,Organic,VIP,2,5,14,2.0
Electronics,307.64,1,Delivered,Google Pay,Mobile,Organic,VIP,2,6,14,2.0
Clothing,382.25,1,Returned,Google Pay,Tablet,Social,VIP,2,6,14,4.0
Books,141.04,2,Shipped,Credit Card,Mobile,Social,Returning,2,6,14,3.0
Home,23.62,1,Delivered,Credit Card,Tablet,Paid Search,Returning,2,6,14,1.0
Electronics,169.49,3,Returned,Debit Card,Mobile,Email,VIP,2,6,14,4.0
Books,233.5,4,Delivered,Google Pay,Mobile,Social,VIP,2,6,14,4.0
Books,318.79,2,Delivered,PayPal,Tablet,Paid Search,Returning,2,6,14,7.0
Beauty,165.52,1,Delivered,PayPal,Tablet,Paid Search,VIP,2,6,14,6.0
Clothing,28.19,2,Delivered,Debit Card,Desktop,Organic,VIP,2,6,14,2.0
Books,431.3,2,Delivered,Apple Pay,Desktop,Social,VIP,2,6,14,3.0
Books,27.95,1,Shipped,Google Pay,Tablet,Paid Search,Returning,2,6,14,4.0
Beauty,230.92,1,Shipped,Debit Card,Mobile,Paid Search,Returning,2,6,14,3.0
Beauty,101.0,1,Shipped,Google Pay,Mobile,Organic,VIP,2,6,14,4.0
Books,63.27,2,Delivered,Google Pay,Mobile,Paid Search,VIP,2,6,14,5.0
Toys,109.35,1,Delivered,Debit Card,Desktop,Email,VIP,2,6,14,6.0
Beauty,253.33,5,Delivered,Debit Card,Desktop,Organic,Returning,2,6,14,6.0
Books,466.5,2,Delivered,Google Pay,Desktop,Paid Search,Returning,2,6,14,5.0
Toys,128.72,4,Delivered,Google Pay,Desktop,Email,Returning,2,6,14,3.0
Clothing,303.67,1,Delivered,PayPal,Mobile,Email,VIP,2,6,14,5.0
Clothing,35.28,1,Shipped,Google Pay,Mobile,Paid Search,Returning,2,6,14,1.0
Electronics,338.23,2,Delivered,Apple Pay,Tablet,Organic,VIP,2,6,14,6.0
Clothing,317.17,1,Shipped,Credit Card,Desktop,Social,Returning,2,6,14,3.0
Toys,203.23,1,Delivered,PayPal,Mobile,Organic,New,2,6,14,7.0
Home,381.4,2,Returned,Credit Card,Desktop,Social,Returning,2,6,14,6.0
Books,291.38,6,Delivered,Credit Card,Desktop,Organic,VIP,2,6,14,4.0
Beauty,166.1,1,Shipped,Debit Card,Tablet,Paid Search,VIP,2,6,14,2.0
Clothing,465.78,1,Delivered,Google Pay,Desktop,Email,VIP,2,6,14,2.0
Books,217.82,1,Delivered,PayPal,Tablet,Paid Search,VIP,2,6,14,6.0
Clothing,490.25,6,Shipped,Google Pay,Desktop,Social,VIP,2,6,14,4.0
Toys,93.4,3,Shipped,Apple Pay,Mobile,Social,Returning,2,6,14,1.0
Toys,195.08,3,Delivered,PayPal,Desktop,Organic,VIP,2,6,14,4.0
Clothing,453.46,1,Delivered,Apple Pay,Mobile,Email,VIP,2,6,14,6.0
Toys,219.62,2,Delivered,Google Pay,Mobile,Email,VIP,2,6,14,1.0
Electronics,487.81,4,Delivered,Credit Card,Desktop,Paid Search,Returning,2,6,14,1.0
Clothing,204.98,4,Shipped,Debit Card,Mobile,Social,VIP,2,0,14,6.0
Books,172.3,1,Delivered,Google Pay,Mobile,Paid Search,New,2,0,14,7.0
Clothing,362.03,2,Shipped,Apple Pay,Tablet,Organic,VIP,2,0,14,1.0
Books,104.63,2,Delivered,Apple Pay,Mobile,Organic,VIP,2,0,14,7.0
Clothing,216.54,4,Pending,Debit Card,Mobile,Email,New,2,0,14,2.0
Beauty,272.98,4,Delivered,Apple Pay,Tablet,Organic,New,2,0,14,4.0
Home,33.56,2,Pending,Debit Card,Mobile,Paid Search,Returning,2,0,14,4.0
Clothing,92.44,1,Shipped,PayPal,Desktop,Social,Returning,2,0,14,3.0
Books,99.18,2,Shipped,Apple Pay,Desktop,Organic,VIP,2,0,14,2.0
Books,98.92,1,Delivered,PayPal,Desktop,Social,VIP,2,0,14,2.0
Books,468.12,1,Shipped,PayPal,Desktop,Social,Returning,2,0,14,1.0
Electronics,64.24,1,Delivered,Credit Card,Mobile,Paid Search,VIP,2,0,14,4.0
Toys,268.03,7,Delivered,Apple Pay,Desktop,Paid Search,Returning,2,0,14,3.0
Electronics,394.66,3,Shipped,PayPal,Mobile,Social,VIP,2,0,14,2.0
Clothing,125.98,2,Shipped,Credit Card,Mobile,Organic,Returning,2,0,14,3.0
Clothing,499.14,1,Delivered,Google Pay,Mobile,Email,Returning,2,0,14,3.0
Beauty,68.35,4,Delivered,Apple Pay,Tablet,Social,VIP,2,0,14,5.0
Electronics,71.07,3,Delivered,Google Pay,Tablet,Email,VIP,2,0,14,6.0
Toys,14.38,2,Delivered,PayPal,Mobile,Paid Search,VIP,2,0,14,3.0
Electronics,275.24,1,Delivered,Debit Card,Tablet,Organic,Returning,2,0,14,7.0
Toys,485.57,3,Delivered,Credit Card,Mobile,Social,VIP,2,0,14,4.0
Electronics,394.52,4,Shipped,Apple Pay,Desktop,Organic,VIP,2,0,14,4.0
Electronics,179.36,1,Delivered,PayPal,Desktop,Social,Returning,2,0,14,4.0
Toys,463.17,3,Delivered,Apple Pay,Mobile,Paid Search,VIP,2,0,14,1.0
Clothing,454.16,2,Delivered,Debit Card,Mobile,Social,Returning,2,0,14,3.0
Home,177.23,3,Delivered,Credit Card,Tablet,Paid Search,VIP,2,0,14,6.0
Home,278.47,2,Delivered,Apple Pay,Desktop,Organic,VIP,2,0,14,5.0
Books,181.91,3,Delivered,Apple Pay,Mobile,Social,Returning,2,0,14,6.0
Beauty,353.5,2,Shipped,Debit Card,Mobile,Paid Search,VIP,2,0,14,7.0
Electronics,131.66,2,Shipped,PayPal,Mobile,Email,New,2,0,14,5.0
Toys,41.6,3,Shipped,Apple Pay,Tablet,Email,Returning,2,0,14,1.0
Books,57.91,1,Delivered,Credit Card,Tablet,Social,VIP,2,0,14,5.0
Beauty,328.99,2,Delivered,PayPal,Tablet,Paid Search,Returning,2,0,14,4.0
Books,35.25,3,Delivered,Debit Card,Tablet,Social,VIP,2,0,14,2.0
Home,145.32,1,Delivered,Debit Card,Desktop,Email,Returning,2,0,14,2.0
Clothing,134.3,4,Delivered,Apple Pay,Desktop,Social,VIP,2,1,14,6.0
Toys,258.42,1,Delivered,Credit Card,Mobile,Email,VIP,2,1,14,1.0
Electronics,148.37,3,Delivered,Debit Card,Mobile,Paid Search,Returning,2,1,14,4.0
Home,179.08,2,Delivered,Apple Pay,Desktop,Organic,VIP,2,1,14,5.0
Toys,207.05,2,Delivered,Credit Card,Desktop,Organic,Returning,2,1,14,3.0
Electronics,465.78,1,Delivered,Google Pay,Desktop,Email,Returning,2,1,14,6.0
Electronics,294.19,1,Delivered,PayPal,Tablet,Organic,Returning,2,1,14,4.0
Electronics,165.72,1,Shipped,Google Pay,Mobile,Paid Search,Returning,2,1,14,6.0
Home,447.16,1,Delivered,Apple Pay,Desktop,Paid Search,VIP,2,1,14,4.0
Clothing,319.58,1,Shipped,PayPal,Mobile,Email,Returning,2,1,14,6.0
Home,212.23,1,Delivered,PayPal,Mobile,Social,VIP,2,1,14,3.0
Clothing,497.27,1,Delivered,PayPal,Desktop,Social,Returning,2,1,14,6.0
Toys,82.05,7,Delivered,Credit Card,Desktop,Email,VIP,2,1,14,3.0
Toys,247.93,1,Delivered,Debit Card,Mobile,Email,New,2,1,14,4.0
Beauty,55.97,2,Delivered,PayPal,Tablet,Paid Search,VIP,2,1,14,2.0
Electronics,464.26,1,Delivered,Apple Pay,Mobile,Paid Search,VIP,2,1,14,5.0
Books,432.45,5,Delivered,Debit Card,Mobile,Organic,VIP,2,1,14,1.0
Electronics,269.6,4,Delivered,Apple Pay,Tablet,Email,Returning,2,1,14,1.0
Toys,328.08,4,Delivered,PayPal,Desktop,Social,VIP,2,1,14,5.0
Beauty,293.88,4,Shipped,Credit Card,Tablet,Social,Returning,2,1,14,1.0
Toys,374.96,2,Shipped,Credit Card,Mobile,Organic,VIP,2,1,14,7.0
Home,430.77,1,Delivered,Debit Card,Mobile,Organic,Returning,2,1,14,7.0
Electronics,114.77,3,Shipped,Credit Card,Desktop,Paid Search,Returning,2,1,14,7.0
Beauty,119.3,1,Delivered,Credit Card,Mobile,Paid Search,Returning,2,1,14,3.0
Home,184.17,1,Shipped,PayPal,Tablet,Email,VIP,2,1,14,6.0
Books,155.63,1,Delivered,Credit Card,Tablet,Email,Returning,2,1,14,4.0
Clothing,354.09,3,Delivered,Credit Card,Mobile,Paid Search,Returning,2,2,14,1.0
Home,83.84,3,Shipped,Google Pay,Tablet,Email,Returning,2,2,14,2.0
Home,462.44,1,Delivered,PayPal,Desktop,Organic,Returning,2,2,14,7.0
Clothing,122.25,2,Delivered,Apple Pay,Desktop,Organic,New,2,2,14,2.0
Home,340.48,1,Returned,Apple Pay,Mobile,Organic,VIP,2,2,14,7.0
Clothing,5.26,3,Delivered,Credit Card,Tablet,Social,VIP,2,2,14,3.0
Clothing,138.95,2,Shipped,Debit Card,Desktop,Social,VIP,2,2,14,6.0
Home,162.94,4,Delivered,Google Pay,Mobile,Email,VIP,2,2,14,2.0
Clothing,206.08,1,Delivered,Debit Card,Desktop,Organic,Returning,2,2,14,6.0
Books,40.28,1,Shipped,PayPal,Desktop,Organic,VIP,2,2,14,2.0
Electronics,310.65,2,Delivered,PayPal,Mobile,Organic,Returning,2,2,14,3.0
Toys,424.04,3,Delivered,PayPal,Tablet,Paid Search,VIP,2,2,14,5.0
Toys,298.21,4,Delivered,Apple Pay,Desktop,Email,Returning,2,2,14,1.0
Beauty,486.32,3,Delivered,PayPal,Mobile,Social,Returning,2,2,14,7.0
Clothing,406.56,3,Delivered,PayPal,Desktop,Email,Returning,2,2,14,7.0
Clothing,210.29,1,Delivered,PayPal,Mobile,Organic,VIP,2,2,14,5.0
Beauty,341.7,1,Delivered,Apple Pay,Desktop,Email,VIP,2,2,14,3.0
Clothing,277.66,1,Delivered,Debit Card,Desktop,Social,Returning,2,2,14,3.0
Toys,72.39,1,Delivered,PayPal,Tablet,Email,VIP,2,2,14,3.0
Books,232.86,3,Pending,Apple Pay,Tablet,Email,Returning,2,2,14,6.0
Home,26.63,4,Returned,Debit Card,Mobile,Organic,VIP,2,2,14,4.0
Clothing,89.2,2,Delivered,Debit Card,Mobile,Organic,Returning,2,2,14,5.0
Toys,326.37,2,Delivered,PayPal,Desktop,Paid Search,New,2,2,14,2.0
Toys,47.77,4,Delivered,Google Pay,Desktop,Paid Search,Returning,2,2,14,6.0
Books,249.69,1,Shipped,Google Pay,Mobile,Email,New,2,2,14,4.0
Books,328.7,2,Shipped,Google Pay,Desktop,Organic,Returning,2,2,14,5.0
Books,467.31,3,Delivered,Credit Card,Tablet,Paid Search,VIP,2,2,14,1.0
Beauty,112.19,1,Delivered,Debit Card,Desktop,Organic,Returning,2,2,14,7.0
Books,203.26,2,Delivered,Google Pay,Mobile,Organic,New,2,2,14,2.0
Books,319.04,2,Delivered,PayPal,Desktop,Organic,VIP,2,2,14,4.0
Electronics,266.51,1,Shipped,Apple Pay,Desktop,Paid Search,VIP,2,3,14,7.0
Home,328.4,4,Delivered,Apple Pay,Desktop,Social,New,2,3,14,7.0
Electronics,330.58,4,Delivered,Debit Card,Mobile,Email,Returning,2,3,14,5.0
Electronics,482.32,2,Delivered,Credit Card,Desktop,Organic,VIP,2,3,14,6.0
Toys,492.73,2,Delivered,Credit Card,Desktop,Social,Returning,2,3,14,5.0
Clothing,244.01,2,Delivered,Google Pay,Mobile,Email,Returning,2,3,14,7.0
Clothing,75.45,2,Delivered,Credit Card,Mobile,Paid Search,Returning,2,3,14,7.0
Books,295.26,2,Shipped,Google Pay,Desktop,Paid Search,New,2,3,14,7.0
Books,368.33,1,Delivered,Credit Card,Desktop,Social,VIP,2,3,14,3.0
Electronics,372.08,1,Delivered,PayPal,Desktop,Email,VIP,2,3,14,6.0
Beauty,328.86,1,Delivered,Debit Card,Mobile,Social,Returning,2,3,14,3.0
Toys,450.12,2,Delivered,Google Pay,Tablet,Organic,VIP,2,3,14,7.0
Books,13.26,4,Shipped,Credit Card,Tablet,Email,Returning,2,3,14,7.0
Clothing,87.35,1,Shipped,Credit Card,Mobile,Social,Returning,2,3,14,3.0
Books,56.74,2,Shipped,Google Pay,Desktop,Paid Search,VIP,2,3,14,2.0
Beauty,41.75,4,Delivered,Debit Card,Mobile,Organic,Returning,2,3,14,7.0
Home,459.9,2,Delivered,Google Pay,Desktop,Paid Search,Returning,2,3,14,7.0
Home,305.82,1,Delivered,Apple Pay,Desktop,Email,Returning,2,3,14,7.0
Electronics,206.87,1,Delivered,Credit Card,Mobile,Paid Search,VIP,2,3,14,7.0
Toys,50.78,1,Pending,Debit Card,Tablet,Paid Search,Returning,2,3,14,5.0
Electronics,316.43,1,Delivered,Google Pay,Desktop,Organic,VIP,2,3,14,3.0
Electronics,108.96,2,Delivered,Apple Pay,Desktop,Organic,VIP,2,3,14,3.0
Home,185.32,1,Delivered,Apple Pay,Desktop,Social,Returning,2,3,14,7.0
Electronics,384.32,2,Shipped,Apple Pay,Desktop,Organic,Returning,2,3,14,1.0
Toys,172.22,3,Delivered,Debit Card,Mobile,Social,VIP,2,3,14,2.0
Electronics,226.37,1,Delivered,PayPal,Tablet,Social,VIP,2,3,14,5.0
Clothing,235.51,5,Shipped,Credit Card,Tablet,Email,Returning,2,3,14,7.0
Toys,223.66,2,Delivered,Apple Pay,Tablet,Email,VIP,2,3,14,5.0
Toys,437.72,2,Delivered,Google Pay,Desktop,Social,Returning,2,3,14,7.0
Clothing,111.31,2,Delivered,Credit Card,Desktop,Organic,VIP,2,3,14,7.0
Electronics,239.29,1,Shipped,Credit Card,Tablet,Organic,Returning,2,3,14,3.0
Clothing,218.78,4,Returned,PayPal,Tablet,Email,Returning,2,4,14,1.0
Home,20.65,2,Delivered,Apple Pay,Mobile,Email,VIP,2,4,14,5.0
Clothing,36.87,5,Shipped,Credit Card,Mobile,Email,Returning,2,4,14,7.0
Clothing,316.86,4,Delivered,Apple Pay,Desktop,Paid Search,VIP,2,4,14,7.0
Toys,385.17,3,Delivered,Google Pay,Mobile,Organic,VIP,2,4,14,6.0
Books,404.19,1,Delivered,Google Pay,Mobile,Email,VIP,2,4,14,4.0
Clothing,492.29,1,Delivered,Credit Card,Tablet,Paid Search,VIP,2,4,14,3.0
Toys,340.85,3,Delivered,Debit Card,Mobile,Paid Search,Returning,2,4,14,7.0
Home,34.5,2,Pending,Apple Pay,Desktop,Organic,Returning,2,4,14,2.0
Electronics,249.27,3,Delivered,Apple Pay,Desktop,Paid Search,VIP,2,4,14,6.0
Electronics,406.07,4,Shipped,Apple Pay,Tablet,Paid Search,Returning,2,4,14,1.0
Books,98.56,2,Delivered,Apple Pay,Desktop,Email,Returning,2,4,14,6.0
Beauty,433.16,1,Shipped,Credit Card,Desktop,Paid Search,VIP,2,4,14,3.0
Books,481.93,3,Shipped,Apple Pay,Mobile,Email,Returning,2,4,14,3.0
Home,335.81,1,Returned,Apple Pay,Desktop,Paid Search,VIP,2,4,14,7.0
Books,167.46,2,Delivered,Apple Pay,Desktop,Social,Returning,2,4,14,3.0
Home,315.18,3,Delivered,PayPal,Mobile,Paid Search,VIP,2,4,14,4.0
Electronics,291.64,1,Delivered,Credit Card,Mobile,Social,Returning,2,4,14,4.0
Electronics,449.72,5,Delivered,Apple Pay,Desktop,Paid Search,Returning,2,4,14,4.0
Clothing,261.47,3,Delivered,Debit Card,Mobile,Organic,VIP,2,4,14,7.0
Beauty,198.39,4,Shipped,Apple Pay,Tablet,Organic,Returning,2,4,14,3.0
Books,321.55,3,Delivered,Google Pay,Tablet,Paid Search,VIP,2,4,14,3.0
Home,66.37,1,Returned,Debit Card,Tablet,Paid Search,Returning,2,4,14,3.0
Beauty,346.57,1,Delivered,Apple Pay,Tablet,Email,Returning,2,4,14,7.0
Clothing,275.04,1,Delivered,Debit Card,Tablet,Social,VIP,2,4,14,6.0
Home,464.46,5,Delivered,Google Pay,Mobile,Paid Search,Returning,3,5,14,5.0
Toys,240.02,2,Delivered,Debit Card,Desktop,Paid Search,VIP,3,5,14,4.0
Electronics,203.82,1,Returned,Debit Card,Tablet,Paid Search,VIP,3,5,14,4.0
Home,61.86,4,Delivered,Debit Card,Mobile,Paid Search,New,3,5,14,4.0
Clothing,66.31,1,Shipped,Credit Card,Tablet,Paid Search,Returning,3,5,14,6.0
Beauty,255.52,1,Pending,Apple Pay,Mobile,Organic,VIP,3,5,14,6.0
Beauty,445.96,3,Returned,Google Pay,Tablet,Email,Returning,3,5,14,1.0
Books,308.43,1,Delivered,PayPal,Desktop,Social,VIP,3,5,14,4.0
Books,354.75,3,Shipped,Google Pay,Tablet,Email,Returning,3,5,14,3.0
Clothing,299.1,1,Delivered,PayPal,Desktop,Organic,VIP,3,5,14,3.0
Books,104.18,2,Delivered,Debit Card,Mobile,Organic,VIP,3,5,14,2.0
Books,326.99,1,Delivered,Debit Card,Desktop,Paid Search,Returning,3,5,14,6.0
Home,187.05,1,Returned,Google Pay,Desktop,Social,VIP,3,5,14,7.0
Books,393.4,3,Delivered,Debit Card,Mobile,Organic,Returning,3,5,14,3.0
Toys,378.22,1,Delivered,Apple Pay,Mobile,Organic,Returning,3,5,14,5.0
Beauty,31.74,1,Delivered,PayPal,Desktop,Email,VIP,3,5,14,3.0
Toys,374.91,2,Delivered,Credit Card,Desktop,Email,Returning,3,5,14,2.0
Toys,493.46,4,Delivered,PayPal,Desktop,Organic,Returning,3,5,14,1.0
Clothing,275.78,4,Shipped,Google Pay,Mobile,Organic,Returning,3,5,14,6.0
Books,485.45,2,Delivered,Credit Card,Tablet,Paid Search,Returning,3,5,14,5.0
Home,124.5,2,Delivered,Google Pay,Tablet,Email,Returning,3,5,14,2.0
Toys,133.13,2,Delivered,Credit Card,Tablet,Organic,Returning,3,5,14,4.0
Toys,157.25,1,Delivered,Apple Pay,Desktop,Social,Returning,3,5,14,5.0
Beauty,247.88,1,Delivered,Credit Card,Tablet,Email,Returning,3,5,14,5.0
Home,317.62,3,Delivered,Google Pay,Mobile,Paid Search,Returning,3,5,14,5.0
Toys,140.67,1,Delivered,Google Pay,Mobile,Social,VIP,3,5,14,4.0
Beauty,461.18,2,Shipped,Credit Card,Tablet,Organic,VIP,3,5,14,2.0
Home,43.64,1,Delivered,Credit Card,Mobile,Paid Search,Returning,3,6,14,3.0
Toys,304.78,1,Shipped,PayPal,Desktop,Social,VIP,3,6,14,7.0
Home,155.7,1,Delivered,Debit Card,Desktop,Organic,Returning,3,6,14,3.0
Electronics,281.09,3,Shipped,Apple Pay,Tablet,Email,Returning,3,6,14,4.0
Toys,420.51,1,Delivered,Google Pay,Tablet,Email,VIP,3,6,14,7.0
Toys,410.05,1,Delivered,Credit Card,Desktop,Organic,Returning,3,6,14,2.0
Home,210.12,5,Delivered,Credit Card,Tablet,Email,Returning,3,6,14,5.0
Toys,458.52,2,Delivered,PayPal,Desktop,Organic,VIP,3,6,14,3.0
Books,236.99,3,Delivered,PayPal,Desktop,Organic,VIP,3,6,14,6.0
Beauty,55.68,1,Delivered,PayPal,Desktop,Email,VIP,3,6,14,7.0
Clothing,416.3,3,Delivered,PayPal,Mobile,Social,VIP,3,6,14,1.0
Beauty,407.01,2,Shipped,Google Pay,Tablet,Social,VIP,3,6,14,7.0
Clothing,464.84,1,Delivered,PayPal,Desktop,Social,Returning,3,6,14,5.0
Electronics,41.21,2,Delivered,PayPal,Tablet,Organic,Returning,3,6,14,5.0
Toys,285.77,3,Delivered,Apple Pay,Tablet,Paid Search,VIP,3,6,14,5.0
Toys,142.79,2,Delivered,Google Pay,Mobile,Paid Search,Returning,3,6,14,1.0
Electronics,134.99,2,Delivered,Credit Card,Mobile,Email,VIP,3,6,14,4.0
Beauty,496.13,3,Delivered,PayPal,Tablet,Organic,VIP,3,6,14,5.0
Beauty,397.86,1,Delivered,Apple Pay,Tablet,Paid Search,Returning,3,6,14,2.0
Electronics,82.87,1,Delivered,Google Pay,Tablet,Email,VIP,3,6,14,3.0
Home,375.12,2,Delivered,Debit Card,Mobile,Organic,Returning,3,6,14,2.0
Clothing,191.51,2,Delivered,Credit Card,Desktop,Email,Returning,3,6,14,5.0
Books,318.0,1,Delivered,Debit Card,Desktop,Paid Search,VIP,3,6,14,3.0
Books,63.91,1,Returned,Apple Pay,Mobile,Paid Search,VIP,3,6,14,2.0
Books,479.62,1,Delivered,Credit Card,Desktop,Email,Returning,3,6,14,6.0
Home,73.29,1,Delivered,Google Pay,Desktop,Email,Returning,3,6,14,7.0
Home,410.58,3,Delivered,Credit Card,Mobile,Social,Returning,3,6,14,7.0
Clothing,426.27,1,Delivered,PayPal,Desktop,Paid Search,VIP,3,6,14,5.0
Toys,39.39,2,Delivered,Credit Card,Desktop,Social,Returning,3,0,14,3.0
Toys,417.41,2,Delivered,Apple Pay,Tablet,Email,VIP,3,0,14,1.0
Clothing,182.44,1,Delivered,Google Pay,Tablet,Organic,Returning,3,0,14,7.0
Beauty,321.08,3,Delivered,Debit Card,Mobile,Social,VIP,3,0,14,3.0
Home,376.62,2,Delivered,Google Pay,Tablet,Paid Search,New,3,0,14,3.0
Home,493.24,3,Delivered,Apple Pay,Tablet,Social,VIP,3,0,14,7.0
Clothing,428.43,3,Shipped,Google Pay,Tablet,Social,VIP,3,0,14,4.0
Books,139.02,4,Delivered,Credit Card,Desktop,Paid Search,VIP,3,0,14,5.0
Beauty,286.47,3,Delivered,Debit Card,Mobile,Paid Search,Returning,3,0,14,4.0
Books,107.73,2,Delivered,Google Pay,Desktop,Organic,VIP,3,0,14,6.0
Books,271.78,1,Shipped,Google Pay,Tablet,Organic,Returning,3,0,14,4.0
Toys,214.82,1,Shipped,PayPal,Mobile,Social,VIP,3,0,14,2.0
Electronics,350.47,1,Delivered,Debit Card,Tablet,Organic,VIP,3,0,14,5.0
Toys,28.42,1,Delivered,Apple Pay,Mobile,Social,Returning,3,0,14,3.0
Toys,56.2,1,Delivered,Apple Pay,Tablet,Organic,VIP,3,0,14,2.0
Electronics,411.62,2,Delivered,Apple Pay,Tablet,Email,VIP,3,0,14,6.0
Clothing,429.02,2,Returned,Credit Card,Tablet,Paid Search,VIP,3,0,14,4.0
Books,363.51,2,Delivered,Credit Card,Mobile,Email,VIP,3,0,14,7.0
Toys,457.28,1,Delivered,Google Pay,Mobile,Paid Search,New,3,0,14,4.0
Clothing,332.26,2,Pending,Debit Card,Tablet,Paid Search,VIP,3,0,14,7.0
Books,128.57,3,Pending,Credit Card,Mobile,Social,Returning,3,0,14,2.0
Beauty,270.2,5,Delivered,Credit Card,Mobile,Email,Returning,3,0,14,1.0
Home,320.89,1,Returned,Google Pay,Desktop,Organic,Returning,3,0,14,1.0
Home,96.26,1,Delivered,PayPal,Tablet,Email,Returning,3,0,14,2.0
Clothing,278.5,1,Delivered,Credit Card,Mobile,Organic,Returning,3,0,14,5.0
Electronics,105.88,1,Delivered,Apple Pay,Desktop,Paid Search,Returning,3,0,14,4.0
Electronics,488.91,2,Delivered,Google Pay,Tablet,Organic,VIP,3,0,14,4.0
Books,368.01,2,Delivered,PayPal,Mobile,Paid Search,Returning,3,0,14,1.0
Toys,355.67,1,Shipped,Debit Card,Tablet,Paid Search,Returning,3,0,14,4.0
Clothing,141.69,2,Delivered,Google Pay,Mobile,Paid Search,Returning,3,0,14,7.0
Books,224.8,1,Pending,Credit Card,Tablet,Email,Returning,3,0,14,2.0
Home,204.13,1,Returned,Google Pay,Tablet,Social,VIP,3,0,14,7.0
Toys,473.57,3,Delivered,Google Pay,Desktop,Paid Search,VIP,3,0,14,1.0
Toys,375.33,1,Delivered,Apple Pay,Mobile,Paid Search,VIP,3,0,14,4.0
Toys,34.88,3,Pending,Debit Card,Tablet,Paid Search,Returning,3,0,14,4.0
Home,220.69,2,Delivered,Credit Card,Mobile,Social,VIP,3,1,14,5.0
Clothing,367.34,3,Delivered,Google Pay,Desktop,Social,VIP,3,1,14,6.0
Home,141.2,4,Delivered,Debit Card,Tablet,Email,VIP,3,1,14,2.0
Toys,367.77,2,Delivered,Debit Card,Tablet,Social,Returning,3,1,14,1.0
Electronics,391.14,2,Delivered,Google Pay,Mobile,Organic,Returning,3,1,14,1.0
Books,479.39,2,Delivered,PayPal,Desktop,Email,New,3,1,14,4.0
Home,166.93,2,Delivered,Apple Pay,Mobile,Paid Search,VIP,3,1,14,5.0
Beauty,290.99,1,Delivered,Google Pay,Mobile,Paid Search,Returning,3,1,14,3.0
Beauty,279.52,1,Delivered,Credit Card,Tablet,Organic,Returning,3,1,14,6.0
Toys,461.8,1,Delivered,Apple Pay,Mobile,Social,Returning,3,1,14,2.0
Clothing,171.83,3,Delivered,Credit Card,Desktop,Organic,VIP,3,1,14,3.0
Beauty,177.69,1,Delivered,Credit Card,Mobile,Social,Returning,3,1,14,2.0
Electronics,11.36,1,Delivered,Apple Pay,Tablet,Organic,VIP,3,1,14,1.0
Beauty,492.77,1,Delivered,Apple Pay,Tablet,Organic,VIP,3,1,14,3.0
Beauty,172.18,2,Delivered,PayPal,Mobile,Organic,VIP,3,1,14,6.0
Books,65.32,2,Delivered,Google Pay,Tablet,Paid Search,VIP,3,1,14,4.0
Home,10.11,1,Delivered,PayPal,Desktop,Social,Returning,3,1,14,4.0
Books,183.24,4,Delivered,Apple Pay,Tablet,Paid Search,VIP,3,1,14,6.0
Books,124.18,6,Delivered,Apple Pay,Mobile,Social,VIP,3,1,14,5.0
Toys,484.52,1,Pending,Apple Pay,Tablet,Email,Returning,3,1,14,2.0
Books,315.59,2,Delivered,Apple Pay,Tablet,Paid Search,Returning,3,1,14,5.0
Home,68.01,3,Delivered,Credit Card,Mobile,Organic,Returning,3,1,14,3.0
Clothing,392.21,1,Delivered,PayPal,Mobile,Social,Returning,3,1,14,4.0
Clothing,425.85,1,Delivered,Debit Card,Desktop,Organic,VIP,3,1,14,3.0
Home,31.49,1,Delivered,Google Pay,Tablet,Social,VIP,3,1,14,1.0
Toys,359.11,2,Returned,Credit Card,Desktop,Email,VIP,3,1,14,1.0
Home,110.41,2,Delivered,PayPal,Mobile,Organic,VIP,3,1,14,4.0
Home,200.72,1,Delivered,Google Pay,Tablet,Organic,VIP,3,1,14,1.0
Clothing,470.18,5,Delivered,Apple Pay,Desktop,Social,Returning,3,1,14,7.0
Beauty,411.78,2,Delivered,Apple Pay,Tablet,Social,Returning,3,1,14,2.0
Clothing,274.85,2,Delivered,Debit Card,Mobile,Paid Search,VIP,3,1,14,2.0
Home,47.45,5,Shipped,PayPal,Desktop,Paid Search,VIP,3,1,14,1.0
Books,151.41,1,Returned,Debit Card,Desktop,Social,Returning,3,1,14,1.0
Clothing,279.2,1,Delivered,Google Pay,Tablet,Social,VIP,3,1,14,6.0
Books,81.53,3,Delivered,PayPal,Mobile,Organic,VIP,3,1,14,2.0
Toys,115.84,2,Shipped,Apple Pay,Desktop,Organic,Returning,3,2,14,1.0
Home,232.11,2,Delivered,PayPal,Desktop,Social,VIP,3,2,14,2.0
Electronics,354.64,4,Delivered,PayPal,Tablet,Organic,VIP,3,2,14,7.0
Electronics,141.25,2,Delivered,Debit Card,Mobile,Organic,VIP,3,2,14,3.0
Clothing,283.89,5,Shipped,Credit Card,Mobile,Paid Search,VIP,3,2,14,7.0
Toys,368.15,3,Delivered,PayPal,Desktop,Social,Returning,3,2,14,1.0
Home,28.66,1,Delivered,PayPal,Mobile,Social,VIP,3,2,14,1.0
Beauty,420.29,1,Delivered,Google Pay,Mobile,Organic,Returning,3,2,14,7.0
Electronics,412.21,1,Delivered,Debit Card,Mobile,Organic,VIP,3,2,14,1.0
Beauty,310.81,1,Delivered,Apple Pay,Tablet,Paid Search,VIP,3,2,14,3.0
Books,332.07,4,Delivered,Credit Card,Mobile,Email,Returning,3,2,14,5.0
Beauty,296.98,2,Shipped,Credit Card,Mobile,Email,VIP,3,2,14,7.0
Books,236.73,1,Returned,Credit Card,Desktop,Social,Returning,3,2,14,5.0
Toys,435.21,1,Delivered,Google Pay,Tablet,Paid Search,Returning,3,2,14,2.0
Electronics,145.35,1,Shipped,Credit Card,Tablet,Email,Returning,3,2,14,3.0
Clothing,175.19,2,Delivered,Google Pay,Tablet,Email,VIP,3,2,14,1.0
Electronics,440.01,1,Delivered,Debit Card,Tablet,Paid Search,Returning,3,2,14,6.0
Beauty,178.28,2,Delivered,Apple Pay,Mobile,Email,Returning,3,2,14,4.0
Home,270.77,1,Delivered,Google Pay,Tablet,Paid Search,Returning,3,2,14,5.0
Beauty,234.13,3,Delivered,Apple Pay,Mobile,Organic,VIP,3,2,14,6.0
Books,317.07,4,Delivered,Google Pay,Tablet,Organic,VIP,3,2,14,2.0
Books,413.06,3,Delivered,Credit Card,Tablet,Social,Returning,3,2,14,6.0
Home,384.06,2,Delivered,Google Pay,Tablet,Social,VIP,3,2,14,3.0
Toys,281.93,1,Shipped,Apple Pay,Mobile,Social,VIP,3,2,14,3.0
Clothing,345.64,2,Delivered,Debit Card,Mobile,Social,New,3,2,14,3.0
Clothing,45.48,1,Delivered,Apple Pay,Tablet,Email,VIP,3,2,14,4.0
Electronics,393.87,2,Delivered,Apple Pay,Mobile,Social,Returning,3,2,14,2.0
Home,377.3,1,Delivered,Google Pay,Tablet,Organic,VIP,3,2,14,2.0
Books,366.94,2,Shipped,Google Pay,Tablet,Email,VIP,3,2,14,1.0
Books,250.55,2,Delivered,Debit Card,Tablet,Organic,Returning,3,2,14,3.0
Beauty,37.23,4,Delivered,Credit Card,Mobile,Paid Search,VIP,3,2,14,5.0
Books,322.05,2,Delivered,Google Pay,Desktop,Organic,VIP,3,3,14,4.0
Clothing,398.44,1,Delivered,Credit Card,Mobile,Email,Returning,3,3,14,1.0
Toys,198.57,3,Delivered,Debit Card,Tablet,Organic,VIP,3,3,14,4.0
Home,463.43,1,Delivered,Apple Pay,Mobile,Paid Search,VIP,3,3,14,3.0
Home,68.04,1,Shipped,Apple Pay,Tablet,Organic,VIP,3,3,14,4.0
Electronics,460.92,1,Shipped,Apple Pay,Mobile,Email,VIP,3,3,14,3.0
Electronics,243.04,1,Delivered,Debit Card,Desktop,Paid Search,New,3,3,14,1.0
Beauty,94.65,2,Delivered,Google Pay,Desktop,Social,VIP,3,3,14,6.0
Toys,246.05,2,Shipped,Debit Card,Desktop,Email,VIP,3,3,14,2.0
Electronics,205.87,1,Delivered,Apple Pay,Tablet,Paid Search,Returning,3,3,14,4.0
Beauty,291.17,2,Pending,Google Pay,Mobile,Paid Search,VIP,3,3,14,3.0
Beauty,447.58,2,Shipped,Apple Pay,Tablet,Paid Search,Returning,3,3,14,4.0
Clothing,381.25,2,Shipped,Debit Card,Tablet,Social,Returning,3,3,14,3.0
Home,425.45,1,Delivered,Credit Card,Mobile,Organic,New,3,3,14,4.0
Home,276.46,2,Delivered,PayPal,Mobile,Organic,VIP,3,3,14,1.0
Home,246.46,1,Delivered,Credit Card,Mobile,Organic,VIP,3,3,14,5.0
Beauty,203.68,4,Delivered,Apple Pay,Tablet,Organic,VIP,3,3,14,1.0
Electronics,320.94,1,Delivered,Apple Pay,Tablet,Email,VIP,3,3,14,3.0
Books,377.38,3,Shipped,Apple Pay,Mobile,Social,Returning,3,3,14,3.0
Toys,342.27,1,Delivered,Credit Card,Mobile,Email,VIP,3,3,14,3.0
Beauty,238.11,2,Delivered,Credit Card,Tablet,Organic,VIP,3,3,14,2.0
Home,42.62,4,Delivered,Google Pay,Tablet,Paid Search,VIP,3,3,14,1.0
Books,428.32,1,Delivered,Debit Card,Desktop,Email,VIP,3,3,14,5.0
Toys,254.74,3,Shipped,Debit Card,Tablet,Email,Returning,3,3,14,1.0
Home,346.15,2,Delivered,Credit Card,Desktop,Social,Returning,3,3,14,2.0
Toys,40.12,1,Shipped,Apple Pay,Desktop,Email,VIP,3,3,14,7.0
Toys,202.36,2,Delivered,Credit Card,Tablet,Social,Returning,3,3,14,6.0
Home,424.47,1,Delivered,PayPal,Mobile,Paid Search,VIP,3,3,14,5.0
Beauty,128.23,1,Delivered,PayPal,Desktop,Organic,Returning,3,3,14,6.0
Beauty,319.87,2,Delivered,Credit Card,Mobile,Email,VIP,3,3,14,2.0
Toys,177.9,1,Shipped,PayPal,Tablet,Social,New,3,3,14,2.0
Books,302.76,5,Delivered,Credit Card,Desktop,Social,VIP,3,4,14,2.0
Clothing,156.09,4,Delivered,Debit Card,Mobile,Organic,VIP,3,4,14,3.0
Electronics,309.67,1,Delivered,Debit Card,Mobile,Paid Search,VIP,3,4,14,6.0
Beauty,304.36,1,Delivered,Apple Pay,Desktop,Email,VIP,3,4,14,3.0
Beauty,271.65,1,Delivered,Credit Card,Tablet,Email,VIP,3,4,14,6.0
Clothing,406.95,3,Delivered,Apple Pay,Desktop,Email,Returning,3,4,14,2.0
Home,63.62,1,Delivered,Apple Pay,Desktop,Social,VIP,3,4,14,3.0
Clothing,244.35,3,Delivered,PayPal,Mobile,Paid Search,Returning,3,4,14,2.0
Books,393.54,3,Shipped,Google Pay,Tablet,Social,Returning,3,4,14,5.0
Beauty,102.55,6,Delivered,Apple Pay,Desktop,Email,New,3,4,14,4.0
Electronics,177.17,1,Delivered,Debit Card,Tablet,Email,VIP,3,4,14,3.0
Electronics,118.34,1,Delivered,Credit Card,Tablet,Email,VIP,3,4,14,6.0
Electronics,66.9,3,Delivered,Apple Pay,Mobile,Paid Search,VIP,3,4,14,1.0
Beauty,86.27,1,Delivered,PayPal,Tablet,Paid Search,Returning,3,4,14,2.0
Toys,472.75,1,Delivered,Apple Pay,Mobile,Organic,VIP,3,4,14,3.0
Home,9.5,2,Delivered,Debit Card,Mobile,Organic,VIP,3,4,14,7.0
Home,46.09,1,Returned,Apple Pay,Desktop,Social,VIP,3,4,14,6.0
Clothing,170.18,1,Delivered,Credit Card,Mobile,Organic,Returning,3,4,14,6.0
Toys,175.44,2,Shipped,Apple Pay,Desktop,Email,VIP,3,4,14,3.0
Clothing,342.87,3,Delivered,Apple Pay,Mobile,Paid Search,VIP,3,4,14,2.0
Toys,453.87,2,Delivered,Google Pay,Mobile,Social,VIP,3,4,14,7.0
Clothing,306.35,5,Delivered,PayPal,Tablet,Organic,VIP,3,4,14,4.0
Clothing,467.59,4,Shipped,Apple Pay,Desktop,Email,VIP,3,4,14,1.0
Beauty,73.27,1,Pending,Apple Pay,Desktop,Social,VIP,3,4,14,7.0
Beauty,179.54,1,Pending,PayPal,Tablet,Organic,Returning,3,4,14,4.0
Home,266.0,4,Delivered,Apple Pay,Tablet,Paid Search,VIP,3,4,14,5.0
Books,62.21,6,Delivered,Debit Card,Desktop,Email,Returning,3,4,14,5.0
Clothing,355.77,1,Delivered,Google Pay,Desktop,Social,Returning,3,4,14,1.0
Toys,94.45,2,Delivered,Apple Pay,Tablet,Paid Search,Returning,3,4,14,4.0
Toys,236.77,1,Delivered,Apple Pay,Desktop,Social,VIP,3,5,14,4.0
Books,421.06,1,Delivered,Credit Card,Tablet,Paid Search,Returning,3,5,14,4.0
Electronics,205.88,2,Shipped,Credit Card,Mobile,Organic,VIP,3,5,14,4.0
Beauty,90.75,1,Delivered,Credit Card,Mobile,Organic,Returning,3,5,14,2.0
Electronics,420.19,4,Delivered,Apple Pay,Desktop,Organic,VIP,3,5,14,2.0
Home,204.53,3,Pending,PayPal,Desktop,Paid Search,Returning,3,5,14,6.0
Electronics,229.7,2,Returned,Apple Pay,Desktop,Email,Returning,3,5,14,1.0
Beauty,493.12,2,Shipped,Google Pay,Desktop,Email,Returning,3,5,14,2.0
Toys,208.66,1,Pending,Credit Card,Desktop,Email,Returning,3,5,14,4.0
Clothing,11.71,1,Delivered,Credit Card,Tablet,Paid Search,VIP,3,5,14,5.0
Books,80.79,4,Delivered,Apple Pay,Tablet,Email,Returning,3,5,14,6.0
Toys,253.16,3,Shipped,Google Pay,Tablet,Organic,Returning,3,5,14,7.0
Home,353.14,3,Delivered,Credit Card,Mobile,Organic,Returning,3,5,14,3.0
Toys,99.82,1,Pending,PayPal,Mobile,Email,VIP,3,5,14,1.0
Toys,491.09,2,Delivered,Debit Card,Tablet,Social,Returning,3,5,14,2.0
Beauty,285.44,1,Delivered,PayPal,Desktop,Organic,Returning,3,5,14,7.0
Beauty,312.48,1,Pending,PayPal,Mobile,Organic,VIP,3,5,14,7.0
Home,227.88,3,Delivered,Google Pay,Mobile,Organic,VIP,3,5,14,4.0
Beauty,122.94,2,Delivered,Apple Pay,Tablet,Organic,Returning,3,5,14,5.0
Toys,328.98,1,Delivered,Credit Card,Mobile,Email,Returning,3,5,14,6.0
Clothing,232.65,1,Delivered,Credit Card,Mobile,Paid Search,Returning,3,5,14,4.0
Electronics,37.06,1,Delivered,Google Pay,Desktop,Social,VIP,3,5,14,4.0
Clothing,281.47,3,Delivered,Google Pay,Tablet,Social,New,3,5,14,7.0
Beauty,51.18,2,Returned,Apple Pay,Desktop,Organic,Returning,3,5,14,7.0
Clothing,351.53,2,Delivered,PayPal,Tablet,Social,Returning,3,5,14,5.0
Clothing,185.21,4,Delivered,Google Pay,Desktop,Email,VIP,3,5,14,1.0
Toys,187.99,2,Delivered,Apple Pay,Mobile,Organic,New,3,5,14,3.0
Home,97.48,3,Delivered,Google Pay,Mobile,Social,VIP,3,5,14,2.0
Toys,284.33,4,Delivered,Apple Pay,Tablet,Organic,VIP,3,5,14,2.0
Toys,110.0,1,Delivered,PayPal,Tablet,Organic,VIP,3,5,14,3.0
Home,167.03,1,Shipped,Debit Card,Mobile,Paid Search,Returning,3,5,14,3.0
Beauty,377.2,3,Returned,Credit Card,Desktop,Paid Search,VIP,3,5,14,2.0
Clothing,173.5,4,Delivered,Google Pay,Tablet,Paid Search,VIP,3,5,14,6.0
Home,11.99,1,Delivered,Debit Card,Desktop,Social,Returning,3,5,14,1.0
Clothing,247.85,2,Delivered,Credit Card,Desktop,Social,Returning,3,6,14,3.0
Electronics,319.34,5,Delivered,Apple Pay,Desktop,Social,VIP,3,6,14,2.0
Home,252.94,1,Delivered,PayPal,Desktop,Organic,Returning,3,6,14,4.0
Toys,276.13,2,Delivered,Google Pay,Desktop,Social,Returning,3,6,14,1.0
Clothing,51.68,2,Delivered,Google Pay,Desktop,Social,Returning,3,6,14,1.0
Books,315.18,1,Delivered,Apple Pay,Tablet,Email,VIP,3,6,14,4.0
Toys,317.03,2,Delivered,Debit Card,Mobile,Email,VIP,3,6,14,6.0
Books,427.28,6,Delivered,Google Pay,Tablet,Email,VIP,3,6,14,3.0
Beauty,364.1,1,Delivered,Debit Card,Tablet,Organic,VIP,3,6,14,7.0
Home,437.88,4,Returned,Apple Pay,Mobile,Organic,Returning,3,6,14,7.0
Books,414.54,1,Delivered,Debit Card,Desktop,Social,Returning,3,6,14,5.0
Books,246.26,3,Returned,Credit Card,Mobile,Social,Returning,3,6,14,4.0
Beauty,436.67,5,Shipped,Apple Pay,Tablet,Email,Returning,3,6,14,7.0
Electronics,317.75,1,Shipped,Debit Card,Tablet,Social,VIP,3,6,14,1.0
Clothing,52.61,1,Delivered,Credit Card,Desktop,Paid Search,VIP,3,6,14,7.0
Books,449.5,2,Delivered,Google Pay,Mobile,Social,VIP,3,6,14,1.0
Toys,89.69,1,Delivered,Debit Card,Tablet,Social,Returning,3,6,14,2.0
Books,230.11,1,Shipped,Apple Pay,Desktop,Email,Returning,3,6,14,3.0
Books,192.41,5,Shipped,Apple Pay,Mobile,Organic,Returning,3,6,14,2.0
Toys,295.54,4,Shipped,Google Pay,Desktop,Organic,Returning,3,6,14,7.0
Books,197.53,1,Shipped,Google Pay,Tablet,Email,VIP,3,6,14,2.0
Clothing,275.07,1,Shipped,Credit Card,Mobile,Social,VIP,3,6,14,4.0
Electronics,151.9,1,Shipped,Debit Card,Tablet,Email,VIP,3,6,14,2.0
Electronics,414.42,2,Delivered,Credit Card,Mobile,Paid Search,Returning,3,6,14,3.0
Toys,60.49,1,Delivered,Debit Card,Desktop,Paid Search,VIP,3,6,14,5.0
Home,81.75,2,Delivered,Debit Card,Tablet,Organic,Returning,3,6,14,3.0
Electronics,477.32,1,Shipped,Debit Card,Desktop,Social,VIP,3,6,14,7.0
Electronics,236.82,5,Delivered,Apple Pay,Tablet,Paid Search,Returning,3,6,14,2.0
Beauty,488.41,3,Delivered,Credit Card,Mobile,Social,VIP,3,6,14,5.0
Electronics,298.24,6,Delivered,PayPal,Mobile,Social,VIP,3,0,14,6.0
Home,290.4,1,Delivered,Google Pay,Desktop,Social,Returning,3,0,14,4.0
Books,399.18,1,Shipped,Apple Pay,Tablet,Paid Search,VIP,3,0,14,3.0
Clothing,207.7,1,Delivered,Apple Pay,Mobile,Paid Search,Returning,3,0,14,2.0
Books,326.28,4,Delivered,Google Pay,Mobile,Organic,VIP,3,0,14,4.0
Home,105.11,4,Shipped,Credit Card,Tablet,Email,New,3,0,14,6.0
Home,420.88,3,Delivered,Debit Card,Desktop,Paid Search,Returning,3,0,14,3.0
Toys,450.61,1,Delivered,Google Pay,Desktop,Social,VIP,3,0,14,5.0
Electronics,25.12,3,Delivered,Google Pay,Desktop,Social,Returning,3,0,14,1.0
Books,100.04,6,Pending,Debit Card,Tablet,Email,VIP,3,0,14,1.0
Home,151.37,1,Returned,Google Pay,Desktop,Email,Returning,3,0,14,6.0
Home,156.03,2,Delivered,Apple Pay,Desktop,Organic,Returning,3,0,14,4.0
Toys,184.94,3,Delivered,Apple Pay,Mobile,Social,Returning,3,0,14,3.0
Home,375.29,1,Delivered,Debit Card,Tablet,Social,VIP,3,0,14,1.0
Books,142.51,4,Returned,Google Pay,Mobile,Organic,VIP,3,0,14,7.0
Books,488.3,3,Shipped,PayPal,Desktop,Email,VIP,3,0,14,6.0
Clothing,165.4,3,Delivered,Debit Card,Tablet,Email,Returning,3,0,14,7.0
Books,265.65,1,Delivered,PayPal,Desktop,Paid Search,Returning,3,0,14,2.0
Books,80.98,1,Delivered,Google Pay,Mobile,Social,VIP,3,0,14,1.0
Clothing,191.86,4,Delivered,Credit Card,Tablet,Organic,VIP,3,0,14,4.0
Books,121.34,1,Shipped,Debit Card,Mobile,Email,Returning,3,0,14,7.0
Books,439.27,2,Shipped,Google Pay,Tablet,Organic,Returning,3,0,14,7.0
Toys,247.55,3,Delivered,PayPal,Desktop,Email,VIP,3,0,14,7.0
Beauty,193.26,3,Delivered,Credit Card,Desktop,Social,Returning,3,0,14,6.0
Electronics,242.55,1,Delivered,Google Pay,Desktop,Organic,VIP,3,0,14,5.0
Toys,252.89,1,Shipped,Debit Card,Desktop,Organic,Returning,3,0,14,1.0
Beauty,450.26,1,Returned,Apple Pay,Mobile,Paid Search,VIP,3,0,14,1.0
Clothing,65.49,1,Delivered,Apple Pay,Mobile,Organic,Returning,3,0,14,7.0
Toys,470.86,4,Shipped,PayPal,Tablet,Email,Returning,3,1,14,1.0
Books,210.93,2,Delivered,PayPal,Tablet,Social,VIP,3,1,14,3.0
Home,111.54,3,Delivered,Apple Pay,Tablet,Email,New,3,1,14,3.0
Books,413.93,2,Shipped,Google Pay,Desktop,Paid Search,VIP,3,1,14,5.0
Toys,449.35,5,Delivered,PayPal,Mobile,Email,VIP,3,1,14,4.0
Beauty,480.88,4,Delivered,Google Pay,Tablet,Social,VIP,3,1,14,2.0
Electronics,370.44,1,Delivered,Credit Card,Mobile,Email,Returning,3,1,14,5.0
Books,100.51,1,Delivered,Google Pay,Desktop,Organic,Returning,3,1,14,3.0
Beauty,128.78,1,Returned,Google Pay,Mobile,Social,Returning,3,1,14,5.0
Toys,239.5,3,Pending,Credit Card,Tablet,Organic,VIP,3,1,14,7.0
Beauty,202.58,3,Delivered,PayPal,Mobile,Email,Returning,3,1,14,7.0
Electronics,36.06,3,Delivered,PayPal,Mobile,Organic,New,3,1,14,3.0
Home,89.97,4,Delivered,Google Pay,Mobile,Email,VIP,3,1,14,4.0
Toys,36.66,3,Shipped,Debit Card,Mobile,Paid Search,Returning,3,1,14,3.0
Electronics,334.42,3,Delivered,PayPal,Desktop,Social,VIP,3,1,14,6.0
Home,316.79,1,Returned,Debit Card,Desktop,Social,Returning,3,1,14,4.0
Home,386.12,2,Delivered,Debit Card,Mobile,Social,Returning,3,1,14,5.0
Electronics,287.17,2,Delivered,Credit Card,Desktop,Email,New,3,1,14,7.0
Home,451.15,1,Delivered,Google Pay,Desktop,Paid Search,VIP,3,1,14,1.0
Home,270.86,1,Delivered,Google Pay,Mobile,Paid Search,VIP,3,1,14,5.0
Beauty,444.24,1,Delivered,PayPal,Mobile,Paid Search,VIP,3,1,14,7.0
Beauty,248.69,1,Shipped,Google Pay,Desktop,Email,VIP,3,1,14,1.0
Beauty,491.66,1,Delivered,Apple Pay,Mobile,Social,VIP,3,1,14,5.0
Beauty,27.31,1,Pending,Debit Card,Desktop,Social,VIP,3,1,14,6.0
Beauty,334.12,1,Delivered,Apple Pay,Desktop,Email,VIP,3,1,14,1.0
Clothing,77.31,4,Delivered,PayPal,Mobile,Paid Search,Returning,3,1,14,6.0
Beauty,42.98,3,Delivered,Google Pay,Tablet,Paid Search,Returning,3,1,14,6.0
Beauty,141.71,2,Delivered,PayPal,Desktop,Social,Returning,3,2,14,3.0
Books,159.49,1,Delivered,Credit Card,Desktop,Organic,Returning,3,2,14,5.0
Toys,166.64,4,Delivered,Debit Card,Tablet,Social,Returning,3,2,14,4.0
Beauty,474.05,1,Delivered,Google Pay,Mobile,Email,VIP,3,2,14,5.0
Electronics,250.67,1,Delivered,Google Pay,Mobile,Social,VIP,3,2,14,1.0
Home,373.59,3,Delivered,Credit Card,Desktop,Social,VIP,3,2,14,7.0
Home,95.75,2,Delivered,PayPal,Desktop,Paid Search,VIP,3,2,14,2.0
Beauty,432.08,1,Delivered,Credit Card,Mobile,Organic,Returning,3,2,14,2.0
Books,177.89,2,Delivered,Credit Card,Tablet,Email,VIP,3,2,14,7.0
Clothing,227.37,1,Delivered,Apple Pay,Mobile,Email,Returning,3,2,14,7.0
Clothing,247.87,3,Delivered,Apple Pay,Mobile,Paid Search,Returning,3,2,14,5.0
Home,249.96,2,Delivered,Credit Card,Desktop,Organic,New,3,2,14,3.0
Electronics,78.02,1,Delivered,Apple Pay,Tablet,Social,VIP,3,2,14,1.0
Clothing,449.25,3,Pending,Credit Card,Tablet,Organic,VIP,3,2,14,6.0
Clothing,95.19,3,Delivered,PayPal,Tablet,Social,Returning,3,2,14,1.0
Clothing,162.8,3,Delivered,Credit Card,Desktop,Email,VIP,3,2,14,5.0
Electronics,79.32,1,Delivered,Credit Card,Mobile,Paid Search,Returning,3,2,14,2.0
Clothing,217.16,3,Shipped,PayPal,Desktop,Social,VIP,3,2,14,2.0
Beauty,62.84,4,Delivered,Credit Card,Mobile,Email,Returning,3,2,14,5.0
Clothing,261.59,1,Delivered,PayPal,Tablet,Organic,Returning,3,2,14,3.0
Toys,440.17,3,Pending,Debit Card,Mobile,Organic,Returning,3,2,14,1.0
Home,253.11,4,Delivered,PayPal,Desktop,Social,Returning,3,2,14,5.0
Home,418.43,2,Delivered,PayPal,Desktop,Paid Search,Returning,3,2,14,3.0
Home,99.72,3,Shipped,Apple Pay,Mobile,Email,VIP,3,3,14,2.0
Books,366.67,2,Shipped,Debit Card,Mobile,Paid Search,VIP,3,3,14,1.0
Books,302.76,4,Delivered,Credit Card,Mobile,Paid Search,VIP,3,3,14,6.0
Electronics,350.51,3,Delivered,Debit Card,Tablet,Paid Search,VIP,3,3,14,6.0
Books,140.84,2,Delivered,Debit Card,Desktop,Social,Returning,3,3,14,6.0
Home,424.18,4,Delivered,Apple Pay,Mobile,Email,VIP,3,3,14,1.0
Home,56.57,3,Delivered,Debit Card,Tablet,Paid Search,VIP,3,3,14,1.0
Home,438.95,1,Delivered,Credit Card,Mobile,Organic,VIP,3,3,14,1.0
Beauty,141.67,2,Returned,Credit Card,Mobile,Social,Returning,3,3,14,3.0
Electronics,15.58,1,Delivered,Credit Card,Mobile,Email,VIP,3,3,14,1.0
Beauty,363.8,4,Delivered,Apple Pay,Desktop,Social,Returning,3,3,14,3.0
Beauty,242.42,1,Delivered,Apple Pay,Desktop,Social,Returning,3,3,14,2.0
Electronics,153.47,1,Pending,Credit Card,Desktop,Social,VIP,3,3,14,5.0
Books,162.34,2,Shipped,Google Pay,Tablet,Social,Returning,3,3,14,1.0
Toys,337.99,5,Delivered,PayPal,Mobile,Paid Search,VIP,3,3,14,6.0
Electronics,195.2,5,Delivered,Apple Pay,Tablet,Email,VIP,3,3,14,3.0
Beauty,451.41,4,Shipped,Google Pay,Tablet,Email,VIP,3,3,14,6.0
Electronics,295.22,3,Shipped,Debit Card,Desktop,Social,VIP,3,3,14,3.0
Toys,174.2,3,Shipped,Google Pay,Mobile,Organic,VIP,3,3,14,5.0
Toys,240.0,2,Delivered,Apple Pay,Desktop,Paid Search,VIP,3,3,14,1.0
Electronics,270.74,1,Returned,Credit Card,Mobile,Social,Returning,3,3,14,3.0
Books,262.1,3,Shipped,Debit Card,Tablet,Email,VIP,3,3,14,1.0
Home,226.37,1,Delivered,PayPal,Tablet,Organic,Returning,3,3,14,1.0
Clothing,9.6,1,Delivered,Apple Pay,Desktop,Social,Returning,3,3,14,3.0
Clothing,166.3,5,Delivered,Credit Card,Desktop,Social,Returning,3,3,14,5.0
Home,367.4,1,Shipped,Credit Card,Mobile,Organic,Returning,3,3,14,1.0
Toys,228.77,5,Delivered,Google Pay,Tablet,Email,VIP,3,3,14,6.0
Books,350.8,2,Delivered,Credit Card,Desktop,Email,VIP,3,3,14,1.0
Clothing,29.55,1,Delivered,PayPal,Tablet,Social,Returning,3,3,14,3.0
Toys,263.65,1,Shipped,PayPal,Desktop,Social,Returning,3,3,14,5.0
Toys,437.74,2,Delivered,Google Pay,Desktop,Email,New,3,3,14,3.0
Electronics,356.38,1,Delivered,PayPal,Desktop,Paid Search,Returning,3,3,14,7.0
Clothing,108.54,2,Delivered,PayPal,Tablet,Organic,VIP,3,3,14,3.0
Electronics,491.39,4,Delivered,PayPal,Mobile,Organic,Returning,3,3,14,7.0
Clothing,262.95,2,Delivered,Apple Pay,Desktop,Paid Search,Returning,3,3,14,6.0
Books,322.47,3,Delivered,Credit Card,Desktop,Paid Search,Returning,3,4,14,1.0
Toys,240.54,6,Shipped,PayPal,Tablet,Paid Search,Returning,3,4,14,1.0
Toys,230.33,2,Delivered,PayPal,Desktop,Organic,VIP,3,4,14,3.0
Home,266.94,1,Shipped,Google Pay,Mobile,Email,Returning,3,4,14,5.0
Home,385.47,1,Delivered,Apple Pay,Tablet,Paid Search,VIP,3,4,14,7.0
Clothing,432.83,3,Delivered,Debit Card,Mobile,Email,VIP,3,4,14,2.0
Beauty,485.81,4,Delivered,Credit Card,Mobile,Paid Search,Returning,3,4,14,6.0
Clothing,220.04,3,Delivered,Credit Card,Mobile,Organic,VIP,3,4,14,1.0
Home,266.99,3,Delivered,Apple Pay,Tablet,Social,Returning,3,4,14,3.0
Books,312.17,1,Delivered,Google Pay,Mobile,Paid Search,Returning,3,4,14,3.0
Home,394.3,3,Delivered,Debit Card,Mobile,Paid Search,Returning,3,4,14,5.0
Home,42.09,4,Shipped,PayPal,Tablet,Organic,Returning,3,4,14,2.0
Clothing,47.21,2,Shipped,PayPal,Desktop,Paid Search,Returning,3,4,14,5.0
Beauty,85.01,3,Shipped,Debit Card,Desktop,Organic,VIP,3,4,14,1.0
Clothing,229.02,2,Delivered,Debit Card,Mobile,Paid Search,VIP,3,4,14,5.0
Books,81.5,1,Delivered,Google Pay,Tablet,Organic,Returning,3,4,14,7.0
Beauty,320.49,3,Delivered,PayPal,Tablet,Organic,VIP,3,4,14,1.0
Home,173.07,1,Pending,Debit Card,Tablet,Organic,Returning,3,4,14,7.0
Books,88.78,5,Returned,Credit Card,Desktop,Social,VIP,3,4,14,6.0
Clothing,51.85,2,Shipped,PayPal,Mobile,Social,VIP,3,4,14,1.0
Clothing,31.41,1,Pending,PayPal,Desktop,Email,VIP,3,4,14,2.0
Clothing,244.9,1,Shipped,Credit Card,Mobile,Paid Search,VIP,3,4,14,3.0
Beauty,275.5,2,Delivered,Credit Card,Desktop,Email,VIP,3,4,14,3.0
Clothing,210.62,2,Pending,Google Pay,Desktop,Social,New,3,4,14,3.0
Books,167.54,4,Delivered,Google Pay,Tablet,Social,VIP,3,4,14,5.0
Electronics,292.33,1,Delivered,Apple Pay,Tablet,Paid Search,VIP,3,5,14,1.0
Toys,227.67,3,Delivered,Debit Card,Mobile,Email,VIP,3,5,14,2.0
Books,46.62,1,Delivered,PayPal,Desktop,Email,VIP,3,5,14,5.0
Beauty,195.48,1,Delivered,PayPal,Tablet,Paid Search,VIP,3,5,14,5.0
Toys,272.37,2,Shipped,Debit Card,Desktop,Social,VIP,3,5,14,3.0
Books,92.17,3,Delivered,Apple Pay,Desktop,Email,VIP,3,5,14,7.0
Books,436.92,1,Shipped,Apple Pay,Tablet,Paid Search,Returning,3,5,14,3.0
Home,130.24,1,Shipped,Apple Pay,Desktop,Social,VIP,3,5,14,2.0
Home,153.67,3,Delivered,Apple Pay,Desktop,Email,Returning,3,5,14,6.0
Books,67.47,1,Delivered,Apple Pay,Mobile,Email,Returning,3,5,14,3.0
Beauty,158.65,3,Delivered,Apple Pay,Desktop,Paid Search,VIP,3,5,14,7.0
Toys,253.24,1,Delivered,Credit Card,Tablet,Paid Search,VIP,3,5,14,2.0
Electronics,345.57,5,Delivered,Credit Card,Tablet,Organic,Returning,3,5,14,3.0
Home,184.37,2,Delivered,Credit Card,Desktop,Email,VIP,3,5,14,5.0
Electronics,369.94,1,Shipped,Apple Pay,Tablet,Paid Search,VIP,3,5,14,4.0
Home,173.51,1,Shipped,Google Pay,Tablet,Email,VIP,3,5,14,2.0
Clothing,332.95,2,Delivered,Google Pay,Mobile,Email,Returning,3,5,14,3.0
Toys,204.24,2,Delivered,PayPal,Mobile,Organic,Returning,3,5,14,3.0
Electronics,84.05,1,Shipped,Apple Pay,Mobile,Social,Returning,3,5,14,7.0
Home,357.23,1,Delivered,Google Pay,Desktop,Email,Returning,3,5,14,5.0
Electronics,421.02,3,Delivered,Google Pay,Desktop,Organic,VIP,3,5,14,4.0
Clothing,235.73,2,Delivered,Credit Card,Tablet,Paid Search,New,3,5,14,2.0
Beauty,234.79,3,Delivered,Credit Card,Tablet,Social,VIP,3,5,14,3.0
Books,332.35,1,Shipped,PayPal,Desktop,Social,New,3,5,14,6.0
Beauty,196.01,6,Delivered,Apple Pay,Tablet,Paid Search,VIP,3,5,14,4.0
Toys,327.57,3,Shipped,PayPal,Mobile,Paid Search,Returning,3,5,14,2.0
Electronics,111.12,1,Delivered,Apple Pay,Tablet,Social,VIP,3,5,14,5.0
Books,322.36,5,Delivered,Credit Card,Desktop,Social,VIP,3,6,14,7.0
Books,448.08,1,Delivered,Google Pay,Tablet,Social,Returning,3,6,14,3.0
Toys,238.95,4,Returned,Credit Card,Mobile,Email,VIP,3,6,14,3.0
Books,490.52,1,Delivered,Google Pay,Desktop,Email,VIP,3,6,14,1.0
Books,192.08,4,Delivered,Google Pay,Mobile,Social,Returning,3,6,14,7.0
Electronics,128.67,1,Shipped,Debit Card,Tablet,Paid Search,Returning,3,6,14,5.0
Beauty,414.97,1,Delivered,Debit Card,Desktop,Organic,Returning,3,6,14,5.0
Toys,251.43,2,Delivered,Debit Card,Mobile,Organic,VIP,3,6,14,7.0
Electronics,470.44,3,Shipped,PayPal,Desktop,Paid Search,Returning,3,6,14,3.0
Home,87.52,4,Delivered,Debit Card,Desktop,Organic,Returning,3,6,14,2.0
Clothing,269.27,4,Shipped,Debit Card,Mobile,Email,VIP,3,6,14,3.0
Toys,164.5,1,Returned,PayPal,Mobile,Organic,VIP,3,6,14,3.0
Beauty,161.62,1,Shipped,Debit Card,Tablet,Social,Returning,3,6,14,1.0
Electronics,113.25,2,Delivered,Credit Card,Tablet,Email,Returning,3,6,14,5.0
Clothing,177.07,2,Delivered,Google Pay,Desktop,Social,Returning,3,6,14,1.0
Home,114.62,2,Delivered,Apple Pay,Tablet,Social,New,3,6,14,4.0
Toys,462.0,1,Delivered,Credit Card,Desktop,Paid Search,Returning,3,6,14,6.0
Clothing,186.95,3,Delivered,Apple Pay,Mobile,Email,VIP,3,6,14,5.0
Home,6.33,1,Delivered,Apple Pay,Tablet,Organic,Returning,3,6,14,1.0
Toys,471.76,2,Delivered,Credit Card,Mobile,Organic,VIP,3,6,14,3.0
Books,287.43,5,Shipped,Google Pay,Mobile,Paid Search,VIP,3,6,14,5.0
Books,54.29,2,Delivered,Google Pay,Tablet,Paid Search,VIP,3,6,14,2.0
Toys,228.28,3,Delivered,Apple Pay,Tablet,Paid Search,VIP,3,6,14,3.0
Clothing,12.44,1,Delivered,Google Pay,Tablet,Social,VIP,3,6,14,6.0
Books,189.06,3,Delivered,Debit Card,Tablet,Social,VIP,3,0,14,3.0
Electronics,181.17,1,Delivered,Debit Card,Tablet,Paid Search,VIP,3,0,14,7.0
Clothing,224.96,1,Shipped,Credit Card,Mobile,Paid Search,Returning,3,0,14,6.0
Electronics,434.67,2,Delivered,Debit Card,Mobile,Paid Search,Returning,3,0,14,2.0
Home,249.77,2,Delivered,Google Pay,Tablet,Organic,Returning,3,0,14,6.0
Clothing,293.89,1,Delivered,Debit Card,Desktop,Social,VIP,3,0,14,6.0
Home,202.35,2,Delivered,Apple Pay,Desktop,Email,VIP,3,0,14,7.0
Beauty,60.3,5,Shipped,Apple Pay,Desktop,Organic,VIP,3,0,14,7.0
Toys,215.61,4,Delivered,Apple Pay,Desktop,Email,New,3,0,14,5.0
Beauty,457.34,1,Delivered,Debit Card,Desktop,Organic,VIP,3,0,14,2.0
Beauty,342.1,1,Delivered,Google Pay,Desktop,Organic,Returning,3,0,14,2.0
Clothing,177.46,4,Delivered,Apple Pay,Tablet,Email,VIP,3,0,14,6.0
Beauty,246.94,1,Shipped,PayPal,Mobile,Organic,Returning,3,0,14,1.0
Home,255.32,1,Shipped,Apple Pay,Mobile,Email,VIP,3,0,14,6.0
Books,135.72,2,Shipped,Apple Pay,Tablet,Organic,Returning,3,0,14,2.0
Books,423.46,1,Delivered,PayPal,Tablet,Organic,VIP,3,0,14,1.0
Toys,93.42,1,Shipped,Debit Card,Tablet,Social,Returning,3,0,14,5.0
Beauty,94.32,2,Delivered,PayPal,Desktop,Email,VIP,3,0,14,5.0
Electronics,265.08,2,Delivered,PayPal,Tablet,Organic,VIP,3,0,14,4.0
Beauty,464.71,1,Delivered,Apple Pay,Tablet,Email,VIP,3,0,14,6.0
Toys,151.14,1,Shipped,PayPal,Tablet,Paid Search,Returning,3,0,14,4.0
Electronics,156.89,2,Delivered,Debit Card,Tablet,Paid Search,VIP,3,0,14,2.0
Clothing,105.41,1,Shipped,Google Pay,Desktop,Organic,Returning,3,0,14,1.0
Electronics,197.27,1,Delivered,Apple Pay,Tablet,Social,Returning,3,0,14,2.0
Toys,434.24,2,Delivered,PayPal,Desktop,Social,Returning,3,0,14,1.0
Electronics,105.14,1,Delivered,Credit Card,Tablet,Organic,Returning,3,1,14,5.0
Electronics,140.43,1,Delivered,Debit Card,Mobile,Social,Returning,3,1,14,6.0
Beauty,448.54,1,Delivered,Credit Card,Mobile,Paid Search,Returning,3,1,14,6.0
Clothing,126.25,3,Shipped,Debit Card,Mobile,Social,VIP,3,1,14,1.0
Toys,410.55,5,Delivered,Debit Card,Mobile,Organic,VIP,3,1,14,5.0
Beauty,311.1,2,Delivered,Apple Pay,Mobile,Social,Returning,3,1,14,7.0
Toys,156.41,5,Delivered,Credit Card,Mobile,Paid Search,Returning,3,1,14,1.0
Toys,399.54,3,Shipped,Debit Card,Tablet,Paid Search,Returning,3,1,14,7.0
Books,83.54,1,Delivered,Apple Pay,Tablet,Paid Search,VIP,3,1,14,4.0
Clothing,175.15,2,Delivered,Debit Card,Mobile,Social,VIP,3,1,14,2.0
Beauty,482.86,3,Delivered,Google Pay,Mobile,Email,New,3,1,14,4.0
Books,267.94,2,Delivered,Debit Card,Desktop,Organic,Returning,3,1,14,3.0
Books,487.18,2,Delivered,Credit Card,Tablet,Organic,Returning,3,1,14,2.0
Electronics,488.98,1,Delivered,Apple Pay,Tablet,Organic,Returning,3,1,14,6.0
Electronics,424.64,2,Delivered,Credit Card,Tablet,Social,VIP,3,1,14,3.0
Electronics,429.49,2,Pending,Google Pay,Mobile,Social,Returning,3,1,14,6.0
Beauty,273.73,2,Delivered,Credit Card,Mobile,Social,Returning,3,1,14,4.0
Beauty,173.13,4,Delivered,PayPal,Desktop,Social,Returning,3,1,14,7.0
Books,355.28,2,Shipped,Google Pay,Desktop,Organic,VIP,3,1,14,1.0
Home,215.04,2,Shipped,PayPal,Mobile,Organic,VIP,3,1,14,4.0
Electronics,137.71,1,Delivered,Apple Pay,Mobile,Organic,VIP,3,1,14,1.0
Clothing,366.43,4,Delivered,PayPal,Mobile,Organic,VIP,3,1,14,2.0
Books,225.57,3,Delivered,Credit Card,Mobile,Paid Search,VIP,3,1,14,5.0
Toys,403.9,1,Delivered,Apple Pay,Mobile,Paid Search,VIP,3,2,14,2.0
Toys,120.76,2,Delivered,PayPal,Desktop,Social,Returning,3,2,14,1.0
Books,63.64,1,Delivered,PayPal,Mobile,Paid Search,Returning,3,2,14,7.0
Electronics,199.49,1,Shipped,PayPal,Tablet,Email,New,3,2,14,1.0
Home,288.27,2,Delivered,Debit Card,Tablet,Paid Search,VIP,3,2,14,4.0
Beauty,330.59,1,Delivered,Debit Card,Mobile,Social,Returning,3,2,14,4.0
Clothing,348.68,2,Delivered,Debit Card,Mobile,Email,VIP,3,2,14,5.0
Books,171.9,2,Delivered,PayPal,Desktop,Social,Returning,3,2,14,7.0
Electronics,301.54,3,Delivered,PayPal,Tablet,Paid Search,Returning,3,2,14,4.0
Home,181.28,2,Shipped,Credit Card,Desktop,Email,VIP,3,2,14,1.0
Beauty,419.21,2,Delivered,Google Pay,Mobile,Paid Search,VIP,3,2,14,3.0
Beauty,438.03,5,Shipped,Credit Card,Desktop,Paid Search,Returning,3,2,14,2.0
Beauty,283.0,2,Delivered,Apple Pay,Desktop,Paid Search,VIP,3,2,14,1.0
Clothing,165.06,4,Delivered,Apple Pay,Tablet,Organic,Returning,3,2,14,2.0
Clothing,272.7,2,Delivered,Apple Pay,Desktop,Organic,VIP,3,2,14,3.0
Toys,137.51,4,Returned,Credit Card,Tablet,Social,VIP,3,2,14,6.0
Toys,304.15,1,Delivered,Debit Card,Tablet,Organic,Returning,3,2,14,7.0
Toys,303.26,1,Delivered,Google Pay,Tablet,Email,VIP,3,2,14,5.0
Clothing,23.68,2,Shipped,Apple Pay,Tablet,Paid Search,New,3,2,14,3.0
Beauty,224.95,1,Delivered,PayPal,Desktop,Social,Returning,3,2,14,2.0
Toys,300.8,2,Delivered,Debit Card,Mobile,Organic,VIP,3,2,14,1.0
Books,454.6,3,Delivered,PayPal,Desktop,Paid Search,Returning,3,2,14,5.0
Electronics,414.61,1,Delivered,Credit Card,Desktop,Paid Search,VIP,3,2,14,5.0
Home,464.95,1,Delivered,Debit Card,Mobile,Organic,Returning,3,3,14,7.0
Electronics,443.02,3,Delivered,Debit Card,Desktop,Organic,Returning,3,3,14,6.0
Toys,89.14,1,Delivered,Google Pay,Tablet,Social,Returning,3,3,14,5.0
Toys,66.48,5,Delivered,Google Pay,Desktop,Social,VIP,3,3,14,1.0
Clothing,78.24,1,Delivered,Apple Pay,Mobile,Email,VIP,3,3,14,1.0
Home,306.46,1,Delivered,Apple Pay,Mobile,Email,VIP,3,3,14,6.0
Home,44.02,2,Returned,Credit Card,Mobile,Social,VIP,3,3,14,5.0
Toys,192.41,3,Delivered,PayPal,Mobile,Email,New,3,3,14,2.0
Home,131.94,2,Delivered,Google Pay,Desktop,Social,VIP,3,3,14,2.0
Beauty,87.98,1,Delivered,Apple Pay,Tablet,Organic,VIP,3,3,14,6.0
Clothing,392.74,2,Delivered,Apple Pay,Tablet,Paid Search,VIP,3,3,14,1.0
Beauty,432.47,1,Delivered,Credit Card,Mobile,Email,VIP,3,3,14,6.0
Books,466.43,2,Delivered,Google Pay,Mobile,Organic,Returning,3,3,14,4.0
Books,263.85,2,Delivered,Apple Pay,Desktop,Email,Returning,3,3,14,5.0
Clothing,402.28,1,Delivered,Google Pay,Tablet,Organic,Returning,3,3,14,1.0
Electronics,329.19,4,Delivered,Credit Card,Mobile,Email,Returning,3,3,14,7.0
Toys,146.39,6,Delivered,Apple Pay,Tablet,Social,VIP,3,3,14,7.0
Beauty,108.48,3,Shipped,Debit Card,Tablet,Email,Returning,3,3,14,6.0
Home,483.09,3,Pending,Debit Card,Tablet,Organic,VIP,3,3,14,7.0
Beauty,459.93,5,Delivered,PayPal,Desktop,Organic,VIP,3,3,14,7.0
Books,476.47,3,Delivered,Debit Card,Tablet,Email,VIP,3,3,14,7.0
Electronics,421.7,1,Delivered,Google Pay,Desktop,Social,New,3,3,14,2.0
Electronics,389.48,3,Delivered,Debit Card,Mobile,Organic,New,3,3,14,2.0
Home,169.63,3,Delivered,Apple Pay,Mobile,Social,Returning,3,3,14,4.0
Home,169.53,1,Delivered,Apple Pay,Tablet,Social,VIP,3,3,14,1.0
Beauty,242.93,2,Delivered,Apple Pay,Mobile,Email,VIP,3,3,14,7.0
Electronics,394.27,1,Shipped,PayPal,Tablet,Email,Returning,3,3,14,6.0
Toys,184.8,1,Delivered,Credit Card,Tablet,Social,VIP,3,3,14,3.0
Electronics,356.54,1,Delivered,PayPal,Desktop,Paid Search,Returning,3,3,14,4.0
Beauty,71.53,3,Shipped,Google Pay,Tablet,Paid Search,VIP,3,4,14,5.0
Beauty,333.49,1,Delivered,Google Pay,Mobile,Organic,VIP,3,4,14,4.0
Home,100.8,2,Delivered,Apple Pay,Desktop,Social,Returning,3,4,14,5.0
Clothing,395.11,5,Delivered,PayPal,Desktop,Email,Returning,3,4,14,2.0
Books,187.1,4,Delivered,Debit Card,Tablet,Email,Returning,3,4,14,2.0
Beauty,316.64,3,Delivered,Credit Card,Desktop,Paid Search,VIP,3,4,14,1.0
Books,388.57,1,Pending,PayPal,Mobile,Email,VIP,3,4,14,6.0
Home,368.99,3,Delivered,Credit Card,Mobile,Social,VIP,3,4,14,6.0
Books,8.82,1,Shipped,Debit Card,Mobile,Social,VIP,3,4,14,5.0
Electronics,459.12,1,Delivered,Google Pay,Tablet,Paid Search,VIP,3,4,14,5.0
Toys,317.14,3,Delivered,Debit Card,Desktop,Email,VIP,3,4,14,7.0
Beauty,262.03,3,Delivered,PayPal,Desktop,Email,VIP,3,4,14,6.0
Clothing,226.34,2,Pending,Credit Card,Mobile,Organic,VIP,3,4,14,1.0
Books,497.79,2,Delivered,Apple Pay,Tablet,Organic,VIP,3,4,14,1.0
Home,374.35,1,Delivered,Credit Card,Desktop,Paid Search,VIP,3,4,14,4.0
Books,94.07,3,Delivered,Debit Card,Desktop,Organic,Returning,3,4,14,2.0
Toys,81.54,2,Shipped,PayPal,Tablet,Organic,Returning,3,4,14,6.0
Electronics,391.35,1,Delivered,Debit Card,Desktop,Email,Returning,3,4,14,2.0
Home,314.78,3,Delivered,Google Pay,Tablet,Social,Returning,3,4,14,2.0
Home,138.67,2,Delivered,Credit Card,Tablet,Organic,Returning,3,4,14,7.0
Toys,89.56,1,Delivered,Google Pay,Tablet,Social,VIP,3,4,14,4.0
Home,114.76,5,Delivered,Apple Pay,Mobile,Email,Returning,3,4,14,2.0
Beauty,265.54,1,Delivered,Apple Pay,Mobile,Paid Search,VIP,3,4,14,3.0
Clothing,402.73,2,Delivered,Debit Card,Desktop,Social,Returning,3,4,14,1.0
Clothing,492.1,1,Delivered,Debit Card,Mobile,Organic,VIP,3,4,14,1.0
Beauty,276.75,4,Shipped,Apple Pay,Tablet,Email,Returning,3,4,14,4.0
Electronics,387.56,1,Returned,Debit Card,Tablet,Paid Search,VIP,3,4,14,1.0
Home,106.09,1,Delivered,Debit Card,Mobile,Email,VIP,3,4,14,1.0
Electronics,154.26,2,Delivered,Debit Card,Mobile,Social,VIP,3,4,14,1.0
Electronics,429.49,2,Delivered,Apple Pay,Tablet,Email,VIP,3,4,14,5.0
Electronics,438.9,1,Delivered,Debit Card,Mobile,Social,Returning,3,4,14,3.0
Home,414.04,3,Shipped,Credit Card,Desktop,Email,Returning,3,4,14,4.0
Electronics,300.84,5,Shipped,Credit Card,Mobile,Email,Returning,3,5,14,1.0
Toys,237.56,1,Delivered,PayPal,Desktop,Paid Search,Returning,3,5,14,2.0
Home,317.55,3,Delivered,Debit Card,Desktop,Organic,Returning,3,5,14,2.0
Toys,416.35,1,Shipped,Debit Card,Desktop,Organic,Returning,3,5,14,4.0
Books,396.97,1,Delivered,PayPal,Desktop,Social,VIP,3,5,14,4.0
Home,145.83,1,Shipped,Debit Card,Mobile,Organic,VIP,3,5,14,2.0
Beauty,411.21,1,Shipped,Google Pay,Tablet,Email,Returning,3,5,14,3.0
Toys,369.51,1,Delivered,Apple Pay,Mobile,Email,Returning,3,5,14,6.0
Clothing,419.83,1,Delivered,Google Pay,Mobile,Email,Returning,3,5,14,4.0
Books,409.48,2,Shipped,Debit Card,Mobile,Organic,Returning,3,5,14,5.0
Home,40.07,2,Delivered,Credit Card,Desktop,Paid Search,Returning,3,5,14,5.0
Books,128.83,2,Delivered,Debit Card,Desktop,Social,VIP,3,5,14,2.0
Beauty,224.74,5,Shipped,Google Pay,Tablet,Email,Returning,3,5,14,3.0
Clothing,184.94,1,Delivered,Credit Card,Desktop,Organic,Returning,3,5,14,7.0
Beauty,481.97,2,Delivered,PayPal,Mobile,Email,Returning,3,5,14,2.0
Electronics,171.6,1,Delivered,Google Pay,Mobile,Social,VIP,3,5,14,4.0
Toys,50.39,1,Delivered,Debit Card,Desktop,Organic,Returning,3,5,14,1.0
Clothing,178.25,2,Delivered,PayPal,Mobile,Email,New,3,5,14,2.0
Books,66.36,1,Pending,Debit Card,Mobile,Social,VIP,3,5,14,3.0
Electronics,148.25,1,Shipped,PayPal,Mobile,Email,VIP,3,5,14,1.0
Beauty,85.76,4,Delivered,Apple Pay,Tablet,Organic,VIP,3,5,14,7.0
Home,89.94,3,Delivered,PayPal,Desktop,Organic,Returning,3,5,14,6.0
Electronics,265.02,2,Delivered,PayPal,Mobile,Social,VIP,3,5,14,7.0
Books,433.56,1,Shipped,Debit Card,Desktop,Email,Returning,3,5,14,7.0
Electronics,312.68,1,Delivered,Apple Pay,Tablet,Paid Search,Returning,3,5,14,6.0
Beauty,176.38,4,Shipped,Apple Pay,Mobile,Social,VIP,3,5,14,6.0
Electronics,309.5,3,Delivered,Debit Card,Tablet,Email,Returning,3,5,14,3.0
Clothing,252.51,3,Delivered,Apple Pay,Tablet,Email,VIP,3,5,14,5.0
Beauty,44.97,4,Shipped,Debit Card,Desktop,Organic,VIP,3,5,14,2.0
Books,411.83,1,Delivered,Debit Card,Mobile,Paid Search,Returning,3,6,14,5.0
Home,207.64,5,Delivered,Credit Card,Desktop,Social,Returning,3,6,14,7.0
Books,270.69,1,Pending,Apple Pay,Mobile,Email,VIP,3,6,14,4.0
Clothing,264.34,1,Delivered,Debit Card,Mobile,Organic,Returning,3,6,14,1.0
Home,380.13,7,Delivered,Credit Card,Desktop,Paid Search,VIP,3,6,14,6.0
Home,208.05,1,Delivered,Debit Card,Mobile,Email,Returning,3,6,14,1.0
Electronics,338.75,1,Delivered,Apple Pay,Tablet,Organic,Returning,3,6,14,7.0
Clothing,342.35,1,Shipped,PayPal,Mobile,Email,VIP,3,6,14,5.0
Beauty,436.73,2,Shipped,PayPal,Mobile,Email,VIP,3,6,14,6.0
Clothing,85.06,2,Shipped,Apple Pay,Tablet,Social,New,3,6,14,5.0
Toys,269.35,3,Returned,PayPal,Tablet,Email,Returning,3,6,14,5.0
Books,169.31,1,Delivered,Debit Card,Mobile,Social,Returning,3,6,14,5.0
Beauty,429.31,2,Delivered,Apple Pay,Tablet,Organic,Returning,3,6,14,2.0
Beauty,95.1,2,Delivered,Credit Card,Desktop,Social,VIP,3,6,14,6.0
Toys,193.33,2,Delivered,PayPal,Desktop,Organic,VIP,3,6,14,4.0
Toys,484.69,1,Delivered,Apple Pay,Mobile,Organic,VIP,3,6,14,6.0
Toys,414.64,7,Delivered,Debit Card,Mobile,Email,VIP,3,6,14,6.0
Electronics,211.01,3,Delivered,Credit Card,Mobile,Email,Returning,3,6,14,6.0
Toys,408.84,1,Shipped,Debit Card,Tablet,Organic,Returning,3,6,14,2.0
Books,125.3,2,Shipped,Apple Pay,Mobile,Social,VIP,3,6,14,2.0
Books,117.84,2,Delivered,Credit Card,Desktop,Organic,Returning,3,6,14,5.0
Clothing,153.51,3,Returned,Google Pay,Mobile,Social,New,3,6,14,2.0
Beauty,397.97,4,Delivered,Apple Pay,Mobile,Email,VIP,3,6,14,4.0
Beauty,143.75,1,Delivered,Apple Pay,Desktop,Paid Search,Returning,3,6,14,3.0
Books,300.35,1,Shipped,Apple Pay,Tablet,Email,VIP,3,6,14,2.0
Beauty,186.05,1,Delivered,Debit Card,Desktop,Organic,Returning,3,6,14,1.0
Clothing,356.86,2,Delivered,Apple Pay,Mobile,Paid Search,VIP,3,6,14,6.0
Books,478.35,1,Delivered,Apple Pay,Tablet,Email,Returning,3,6,14,3.0
Toys,324.88,2,Delivered,PayPal,Tablet,Paid Search,VIP,3,0,14,5.0
Electronics,198.67,4,Delivered,PayPal,Mobile,Email,VIP,3,0,14,4.0
Home,105.23,3,Delivered,PayPal,Mobile,Paid Search,VIP,3,0,14,3.0
Toys,28.21,2,Delivered,Google Pay,Desktop,Social,VIP,3,0,14,1.0
Electronics,136.69,2,Delivered,Debit Card,Tablet,Email,Returning,3,0,14,7.0
Clothing,61.39,1,Delivered,Google Pay,Mobile,Paid Search,VIP,3,0,14,1.0
Electronics,161.19,5,Delivered,Debit Card,Mobile,Social,Returning,3,0,14,4.0
Toys,59.54,2,Delivered,Apple Pay,Mobile,Organic,VIP,3,0,14,6.0
Electronics,60.42,2,Delivered,Apple Pay,Tablet,Organic,VIP,3,0,14,1.0
Electronics,480.71,1,Delivered,PayPal,Mobile,Organic,VIP,3,0,14,6.0
Toys,452.88,3,Delivered,Google Pay,Desktop,Email,Returning,3,0,14,2.0
Electronics,455.75,2,Shipped,Google Pay,Mobile,Organic,VIP,3,0,14,4.0
Books,112.76,3,Shipped,Credit Card,Desktop,Organic,VIP,3,0,14,7.0
Beauty,330.15,1,Delivered,Google Pay,Tablet,Paid Search,Returning,3,0,14,6.0
Home,258.55,2,Delivered,Apple Pay,Tablet,Paid Search,VIP,3,0,14,1.0
Toys,216.76,1,Delivered,Google Pay,Mobile,Social,VIP,3,0,14,5.0
Books,221.83,1,Delivered,PayPal,Mobile,Organic,VIP,3,0,14,6.0
Toys,341.56,1,Pending,Debit Card,Mobile,Paid Search,Returning,3,0,14,2.0
Books,481.82,3,Shipped,Debit Card,Tablet,Paid Search,VIP,3,0,14,4.0
Electronics,74.79,2,Delivered,Credit Card,Tablet,Organic,Returning,3,0,14,7.0
Books,461.89,1,Delivered,Credit Card,Mobile,Social,Returning,3,1,14,3.0
Books,442.1,4,Delivered,PayPal,Mobile,Organic,Returning,3,1,14,5.0
Clothing,32.37,4,Delivered,Credit Card,Desktop,Paid Search,Returning,3,1,14,3.0
Books,28.98,3,Delivered,PayPal,Desktop,Social,Returning,3,1,14,5.0
Home,162.98,3,Shipped,PayPal,Mobile,Organic,VIP,3,1,14,1.0
Beauty,141.63,1,Delivered,Google Pay,Tablet,Organic,Returning,3,1,14,1.0
Clothing,255.08,3,Delivered,PayPal,Desktop,Social,Returning,3,1,14,5.0
Books,172.6,2,Delivered,Debit Card,Mobile,Email,New,3,1,14,6.0
Beauty,219.49,2,Shipped,Google Pay,Mobile,Email,VIP,3,1,14,2.0
Clothing,353.89,1,Delivered,Apple Pay,Tablet,Organic,Returning,3,1,14,6.0
Books,332.75,2,Delivered,Google Pay,Tablet,Social,VIP,3,1,14,2.0
Clothing,196.8,3,Delivered,Apple Pay,Tablet,Organic,VIP,3,1,14,4.0
Electronics,187.94,1,Delivered,Apple Pay,Tablet,Organic,VIP,3,1,14,6.0
Home,127.04,4,Delivered,Credit Card,Tablet,Organic,VIP,3,1,14,3.0
Electronics,226.58,1,Delivered,Debit Card,Desktop,Social,Returning,3,1,14,6.0
Books,18.59,3,Returned,Debit Card,Desktop,Email,VIP,3,1,14,7.0
Clothing,110.87,2,Delivered,Google Pay,Mobile,Paid Search,VIP,3,1,14,4.0
Beauty,94.94,2,Delivered,Google Pay,Desktop,Paid Search,VIP,3,1,14,6.0
Home,271.32,1,Pending,Apple Pay,Desktop,Social,VIP,3,1,14,7.0
Clothing,69.89,4,Delivered,Credit Card,Desktop,Social,VIP,3,1,14,6.0
Books,50.11,1,Pending,PayPal,Mobile,Paid Search,VIP,3,1,14,4.0
Beauty,372.66,2,Delivered,Apple Pay,Mobile,Email,VIP,3,1,14,2.0
Clothing,98.91,3,Delivered,PayPal,Desktop,Email,VIP,3,1,14,1.0
Clothing,328.06,1,Delivered,Credit Card,Desktop,Organic,VIP,3,1,14,1.0
Books,380.4,3,Shipped,Credit Card,Tablet,Social,Returning,3,1,14,1.0
Clothing,423.78,1,Delivered,PayPal,Mobile,Email,Returning,3,2,14,6.0
Toys,35.36,1,Pending,Apple Pay,Desktop,Social,VIP,3,2,14,3.0
Toys,488.76,3,Delivered,Credit Card,Tablet,Email,Returning,3,2,14,3.0
Electronics,398.26,2,Delivered,Debit Card,Tablet,Paid Search,VIP,3,2,14,2.0
Clothing,56.28,1,Pending,Debit Card,Tablet,Social,Returning,3,2,14,4.0
Electronics,59.07,5,Delivered,Credit Card,Mobile,Email,VIP,3,2,14,1.0
Books,122.7,3,Delivered,Credit Card,Mobile,Paid Search,Returning,3,2,14,7.0
Clothing,21.12,2,Delivered,Debit Card,Desktop,Paid Search,VIP,3,2,14,4.0
Clothing,402.49,1,Shipped,Debit Card,Tablet,Email,VIP,3,2,14,2.0
Home,41.71,2,Delivered,Google Pay,Desktop,Paid Search,Returning,3,2,14,1.0
Electronics,61.55,6,Delivered,PayPal,Tablet,Paid Search,Returning,3,2,14,4.0
Toys,112.68,2,Delivered,Google Pay,Desktop,Paid Search,VIP,3,2,14,5.0
Clothing,393.2,1,Delivered,Debit Card,Tablet,Email,Returning,3,2,14,5.0
Home,76.73,1,Returned,Google Pay,Desktop,Email,VIP,3,2,14,5.0
Toys,283.47,3,Delivered,Google Pay,Mobile,Email,Returning,3,2,14,1.0
Electronics,19.01,4,Delivered,Debit Card,Tablet,Social,VIP,3,2,14,4.0
Clothing,422.92,1,Delivered,Apple Pay,Mobile,Email,Returning,3,2,14,6.0
Home,342.28,2,Delivered,PayPal,Tablet,Organic,Returning,3,2,14,5.0
Home,229.78,2,Shipped,PayPal,Mobile,Social,VIP,3,2,14,2.0
Toys,198.35,2,Delivered,Debit Card,Desktop,Organic,VIP,3,2,14,5.0
Clothing,386.46,1,Delivered,Credit Card,Tablet,Email,VIP,3,2,14,2.0
Home,283.33,4,Delivered,Google Pay,Tablet,Organic,VIP,3,2,14,7.0
Books,232.56,3,Delivered,Debit Card,Mobile,Social,Returning,3,2,14,4.0
Clothing,306.0,3,Shipped,Debit Card,Tablet,Organic,VIP,3,2,14,3.0
Beauty,403.09,2,Delivered,PayPal,Desktop,Social,VIP,3,2,14,2.0
Books,269.82,3,Shipped,Debit Card,Desktop,Organic,Returning,3,2,14,3.0
Home,314.35,4,Delivered,Credit Card,Desktop,Paid Search,Returning,3,2,14,3.0
Electronics,37.35,4,Shipped,Google Pay,Tablet,Paid Search,VIP,3,2,14,3.0
Books,255.04,3,Shipped,PayPal,Mobile,Organic,New,3,2,14,4.0
Toys,276.13,1,Delivered,Apple Pay,Mobile,Organic,New,3,2,14,3.0
Beauty,167.39,1,Delivered,PayPal,Mobile,Social,VIP,3,2,14,2.0
Books,30.53,1,Returned,Credit Card,Mobile,Social,VIP,3,3,14,7.0
Electronics,134.14,1,Shipped,Credit Card,Mobile,Organic,Returning,3,3,14,7.0
Clothing,147.08,2,Delivered,Apple Pay,Desktop,Social,VIP,3,3,14,5.0
Toys,170.35,3,Delivered,PayPal,Mobile,Paid Search,VIP,3,3,14,4.0
Beauty,125.62,2,Delivered,PayPal,Desktop,Organic,Returning,3,3,14,4.0
Beauty,199.55,3,Returned,Debit Card,Tablet,Social,Returning,3,3,14,5.0
Clothing,178.9,2,Delivered,Apple Pay,Desktop,Organic,New,3,3,14,1.0
Clothing,295.56,3,Delivered,PayPal,Tablet,Paid Search,New,3,3,14,4.0
Toys,382.34,3,Delivered,Google Pay,Tablet,Social,VIP,3,3,14,3.0
Home,170.56,1,Delivered,Apple Pay,Desktop,Social,Returning,3,3,14,5.0
Beauty,303.41,4,Shipped,Google Pay,Mobile,Paid Search,Returning,3,3,14,6.0
Home,10.21,2,Shipped,Credit Card,Mobile,Organic,VIP,3,3,14,3.0
Home,310.09,1,Delivered,Debit Card,Desktop,Email,Returning,3,3,14,6.0
Books,272.09,3,Delivered,Credit Card,Desktop,Paid Search,VIP,3,3,14,7.0
Beauty,209.99,5,Delivered,Debit Card,Tablet,Paid Search,Returning,3,3,14,6.0
Clothing,16.49,3,Delivered,Credit Card,Desktop,Paid Search,Returning,3,3,14,1.0
Clothing,153.79,2,Shipped,Apple Pay,Mobile,Social,Returning,3,3,14,5.0
Beauty,91.69,2,Delivered,Debit Card,Mobile,Paid Search,VIP,3,3,14,4.0
Toys,388.2,2,Pending,Credit Card,Mobile,Email,VIP,3,3,14,7.0
Home,37.81,1,Delivered,Apple Pay,Mobile,Organic,VIP,3,3,14,5.0
Books,206.35,1,Delivered,Credit Card,Tablet,Paid Search,VIP,3,3,14,2.0
Toys,137.5,2,Shipped,PayPal,Tablet,Social,VIP,3,3,14,6.0
Books,49.09,2,Shipped,Debit Card,Desktop,Paid Search,VIP,3,3,14,7.0
Books,398.36,1,Delivered,Debit Card,Tablet,Social,New,3,3,14,2.0
Books,421.33,5,Delivered,Credit Card,Tablet,Social,VIP,3,3,14,6.0
Electronics,203.44,1,Delivered,PayPal,Mobile,Organic,VIP,3,3,14,1.0
Toys,70.84,5,Shipped,PayPal,Tablet,Email,Returning,3,3,14,3.0
Clothing,80.06,1,Delivered,PayPal,Tablet,Email,Returning,3,3,14,3.0
Home,7.4,3,Delivered,PayPal,Mobile,Paid Search,Returning,3,3,14,2.0
Beauty,480.78,1,Delivered,Debit Card,Tablet,Email,VIP,3,3,14,7.0
Electronics,216.41,1,Delivered,Apple Pay,Desktop,Email,New,3,3,14,6.0
Home,51.61,4,Delivered,Credit Card,Mobile,Paid Search,Returning,3,4,14,3.0
Home,438.3,2,Delivered,Debit Card,Tablet,Email,VIP,3,4,14,2.0
Toys,173.16,1,Shipped,Apple Pay,Desktop,Email,Returning,3,4,14,3.0
Toys,303.03,1,Delivered,PayPal,Tablet,Paid Search,VIP,3,4,14,1.0
Electronics,182.79,1,Delivered,Credit Card,Desktop,Organic,New,3,4,14,1.0
Books,348.34,4,Delivered,Google Pay,Desktop,Social,VIP,3,4,14,2.0
Beauty,424.12,4,Delivered,PayPal,Mobile,Social,VIP,3,4,14,6.0
Clothing,425.43,1,Returned,Apple Pay,Desktop,Organic,VIP,3,4,14,3.0
Books,74.24,1,Delivered,Credit Card,Tablet,Social,VIP,3,4,14,2.0
Home,136.65,1,Pending,Google Pay,Tablet,Email,VIP,3,4,14,6.0
Books,453.31,1,Returned,Google Pay,Mobile,Paid Search,VIP,3,4,14,7.0
Home,72.47,3,Delivered,Apple Pay,Mobile,Email,VIP,3,4,14,5.0
Books,315.67,2,Shipped,Debit Card,Mobile,Social,Returning,3,4,14,5.0
Home,497.85,2,Delivered,PayPal,Mobile,Social,VIP,3,4,14,2.0
Electronics,353.87,1,Shipped,Debit Card,Mobile,Paid Search,VIP,3,4,14,5.0
Clothing,289.09,3,Delivered,Credit Card,Tablet,Paid Search,Returning,3,4,14,7.0
Clothing,253.49,3,Returned,Apple Pay,Mobile,Organic,VIP,3,4,14,1.0
Toys,364.22,2,Delivered,Apple Pay,Mobile,Paid Search,Returning,3,4,14,2.0
Books,454.21,4,Delivered,PayPal,Tablet,Email,Returning,3,4,14,7.0
Beauty,402.55,2,Delivered,Google Pay,Tablet,Organic,Returning,3,4,14,4.0
Books,73.79,1,Delivered,Credit Card,Mobile,Social,Returning,3,4,14,3.0
Books,181.04,2,Delivered,Google Pay,Tablet,Email,VIP,3,4,14,6.0
Books,269.85,2,Delivered,Credit Card,Tablet,Email,Returning,3,4,14,2.0
Beauty,74.23,5,Delivered,Credit Card,Desktop,Organic,VIP,3,4,14,4.0
Toys,108.15,1,Delivered,PayPal,Mobile,Organic,Returning,3,4,14,5.0
Electronics,324.15,1,Delivered,Google Pay,Tablet,Email,VIP,3,4,14,2.0
Books,404.26,2,Delivered,Debit Card,Mobile,Paid Search,New,3,4,14,3.0
Home,454.66,1,Delivered,Credit Card,Desktop,Organic,Returning,3,4,14,3.0
Books,479.18,2,Delivered,Debit Card,Desktop,Paid Search,VIP,3,4,14,6.0
Electronics,188.66,1,Delivered,PayPal,Desktop,Paid Search,Returning,3,5,14,3.0
Home,390.06,1,Delivered,Debit Card,Tablet,Paid Search,VIP,3,5,14,6.0
Electronics,281.81,2,Delivered,Debit Card,Tablet,Paid Search,Returning,3,5,14,6.0
Beauty,12.37,1,Delivered,PayPal,Mobile,Organic,Returning,3,5,14,2.0
Home,133.96,5,Delivered,PayPal,Tablet,Paid Search,VIP,3,5,14,6.0
Electronics,154.33,2,Delivered,Apple Pay,Desktop,Organic,VIP,3,5,14,6.0
Beauty,392.75,2,Delivered,Google Pay,Tablet,Social,VIP,3,5,14,6.0
Electronics,348.33,4,Shipped,Google Pay,Desktop,Paid Search,VIP,3,5,14,4.0
Beauty,87.89,5,Shipped,Credit Card,Tablet,Email,VIP,3,5,14,4.0
Electronics,403.07,3,Delivered,Apple Pay,Desktop,Paid Search,Returning,3,5,14,7.0
Clothing,341.73,6,Delivered,PayPal,Tablet,Paid Search,New,3,5,14,6.0
Clothing,21.04,2,Delivered,Credit Card,Desktop,Paid Search,Returning,3,5,14,3.0
Electronics,389.5,2,Delivered,Credit Card,Tablet,Organic,VIP,3,5,14,1.0
Electronics,155.04,2,Delivered,Debit Card,Tablet,Paid Search,Returning,3,5,14,2.0
Beauty,425.21,2,Delivered,PayPal,Mobile,Paid Search,Returning,3,5,14,7.0
Home,113.45,1,Delivered,PayPal,Tablet,Social,VIP,3,5,14,3.0
Clothing,311.15,3,Delivered,Debit Card,Desktop,Paid Search,Returning,3,5,14,4.0
Electronics,324.18,3,Pending,Debit Card,Desktop,Social,VIP,3,5,14,3.0
Home,481.36,2,Delivered,Debit Card,Desktop,Email,Returning,3,5,14,6.0
Beauty,287.26,1,Shipped,Apple Pay,Desktop,Organic,Returning,3,5,14,2.0
Toys,495.95,4,Delivered,Debit Card,Tablet,Social,VIP,3,5,14,5.0
Toys,288.92,3,Shipped,Apple Pay,Mobile,Organic,VIP,3,5,14,7.0
Home,114.12,3,Delivered,PayPal,Desktop,Social,VIP,3,5,14,5.0
Toys,338.5,5,Delivered,Google Pay,Tablet,Paid Search,VIP,3,5,14,1.0
Beauty,462.96,2,Delivered,Debit Card,Desktop,Social,VIP,3,5,14,2.0
Electronics,485.34,1,Delivered,Apple Pay,Tablet,Organic,VIP,3,5,14,4.0
Clothing,112.96,6,Shipped,Google Pay,Mobile,Paid Search,Returning,3,5,14,3.0
Toys,45.36,3,Shipped,PayPal,Tablet,Paid Search,New,3,5,14,6.0
Electronics,51.33,2,Delivered,Credit Card,Desktop,Organic,New,3,6,14,7.0
Books,120.76,2,Shipped,PayPal,Mobile,Paid Search,Returning,3,6,14,3.0
Clothing,9.14,2,Delivered,Credit Card,Desktop,Email,VIP,3,6,14,3.0
Beauty,451.99,2,Shipped,Credit Card,Mobile,Paid Search,Returning,3,6,14,4.0
Beauty,367.14,1,Delivered,Credit Card,Tablet,Social,Returning,3,6,14,2.0
Home,483.62,2,Shipped,Debit Card,Mobile,Email,Returning,3,6,14,6.0
Books,263.14,2,Delivered,PayPal,Tablet,Organic,VIP,3,6,14,5.0
Books,78.78,1,Delivered,PayPal,Mobile,Organic,VIP,3,6,14,5.0
Electronics,299.73,5,Delivered,Debit Card,Mobile,Social,Returning,3,6,14,1.0
Books,344.78,3,Delivered,Credit Card,Tablet,Social,Returning,3,6,14,4.0
Beauty,342.18,1,Shipped,Credit Card,Tablet,Paid Search,New,3,6,14,5.0
Toys,474.88,3,Delivered,Apple Pay,Desktop,Organic,VIP,3,6,14,4.0
Electronics,37.34,4,Delivered,Apple Pay,Tablet,Organic,Returning,3,6,14,1.0
Clothing,11.06,1,Delivered,Credit Card,Tablet,Email,VIP,3,6,14,3.0
Electronics,34.67,3,Shipped,PayPal,Mobile,Social,VIP,3,6,14,3.0
Electronics,316.52,1,Delivered,Google Pay,Tablet,Email,VIP,3,6,14,2.0
Beauty,96.1,1,Shipped,Credit Card,Tablet,Paid Search,VIP,3,6,14,5.0
Books,246.39,2,Returned,Debit Card,Desktop,Paid Search,VIP,3,6,14,5.0
Clothing,230.1,2,Delivered,Apple Pay,Tablet,Social,Returning,3,6,14,6.0
Books,245.38,1,Shipped,PayPal,Mobile,Organic,VIP,3,6,14,5.0
Books,416.7,1,Shipped,Credit Card,Tablet,Paid Search,Returning,3,6,14,7.0
Toys,404.61,1,Delivered,Debit Card,Mobile,Paid Search,Returning,3,6,14,3.0
Home,76.28,2,Shipped,Apple Pay,Tablet,Social,Returning,3,6,14,4.0
Toys,274.07,1,Delivered,PayPal,Tablet,Social,VIP,3,6,14,4.0
Beauty,47.75,5,Delivered,PayPal,Tablet,Email,Returning,3,6,14,3.0
Electronics,142.97,2,Delivered,Apple Pay,Mobile,Social,VIP,3,6,14,6.0
Clothing,29.78,2,Shipped,PayPal,Tablet,Email,VIP,3,6,14,5.0
Toys,393.71,3,Pending,PayPal,Tablet,Organic,Returning,3,0,14,1.0
Clothing,393.05,3,Delivered,Debit Card,Desktop,Email,Returning,3,0,14,7.0
Home,323.05,1,Delivered,Debit Card,Mobile,Email,VIP,3,0,14,7.0
Books,352.79,1,Delivered,Apple Pay,Mobile,Organic,Returning,3,0,14,2.0
Beauty,356.93,3,Delivered,Credit Card,Desktop,Organic,VIP,3,0,14,3.0
Toys,100.17,6,Delivered,Apple Pay,Tablet,Paid Search,VIP,3,0,14,3.0
Clothing,269.61,1,Delivered,Debit Card,Mobile,Paid Search,VIP,3,0,14,1.0
Beauty,46.07,3,Delivered,PayPal,Mobile,Paid Search,VIP,3,0,14,3.0
Clothing,40.99,1,Delivered,Google Pay,Desktop,Organic,VIP,3,0,14,6.0
Home,111.93,5,Delivered,Google Pay,Desktop,Social,VIP,3,0,14,3.0
Home,204.08,1,Delivered,Apple Pay,Mobile,Email,VIP,3,0,14,7.0
Electronics,5.42,1,Delivered,Apple Pay,Tablet,Organic,VIP,3,0,14,3.0
Beauty,144.02,1,Delivered,PayPal,Desktop,Organic,VIP,3,0,14,6.0
Clothing,51.35,3,Returned,Credit Card,Desktop,Social,Returning,3,0,14,7.0
Beauty,342.82,2,Shipped,Google Pay,Tablet,Email,Returning,3,0,14,4.0
Books,240.55,2,Delivered,PayPal,Desktop,Organic,VIP,3,0,14,3.0
Toys,408.45,1,Delivered,Apple Pay,Mobile,Email,VIP,3,0,14,2.0
Toys,159.21,2,Delivered,Credit Card,Mobile,Organic,Returning,3,0,14,4.0
Beauty,459.89,2,Delivered,Debit Card,Tablet,Social,VIP,3,0,14,5.0
Clothing,451.78,1,Pending,Apple Pay,Mobile,Social,Returning,3,0,14,4.0
Toys,469.31,4,Delivered,Credit Card,Tablet,Email,VIP,3,0,14,7.0
Home,331.43,4,Returned,Debit Card,Desktop,Organic,Returning,3,0,14,6.0
Clothing,69.3,1,Shipped,Credit Card,Tablet,Social,Returning,4,1,14,7.0
Electronics,164.02,2,Delivered,Google Pay,Desktop,Social,VIP,4,1,14,2.0
Electronics,251.34,3,Delivered,Credit Card,Tablet,Email,VIP,4,1,14,3.0
Beauty,169.48,3,Delivered,Apple Pay,Tablet,Organic,Returning,4,1,14,5.0
Toys,258.61,1,Shipped,Debit Card,Tablet,Email,Returning,4,1,14,1.0
Books,272.49,6,Delivered,Credit Card,Desktop,Organic,Returning,4,1,14,3.0
Books,319.37,3,Shipped,PayPal,Desktop,Organic,VIP,4,1,14,5.0
Toys,333.98,1,Delivered,Google Pay,Mobile,Paid Search,VIP,4,1,14,6.0
Home,421.47,1,Delivered,Google Pay,Desktop,Email,VIP,4,1,14,7.0
Clothing,276.89,3,Delivered,Debit Card,Tablet,Paid Search,VIP,4,1,14,6.0
Beauty,145.04,4,Delivered,Apple Pay,Desktop,Paid Search,Returning,4,1,14,6.0
Beauty,138.46,2,Shipped,Google Pay,Mobile,Paid Search,VIP,4,1,14,7.0
Electronics,366.74,1,Returned,Apple Pay,Desktop,Organic,Returning,4,1,14,1.0
Books,488.74,1,Delivered,Credit Card,Desktop,Paid Search,VIP,4,1,14,5.0
Clothing,203.43,1,Delivered,Debit Card,Desktop,Email,Returning,4,1,14,1.0
Electronics,437.79,1,Delivered,Apple Pay,Desktop,Social,VIP,4,1,14,2.0
Books,58.01,2,Delivered,Google Pay,Mobile,Paid Search,Returning,4,1,14,6.0
Electronics,52.5,1,Returned,PayPal,Mobile,Paid Search,Returning,4,1,14,3.0
Home,430.09,1,Shipped,Apple Pay,Mobile,Email,VIP,4,1,14,7.0
Clothing,130.92,1,Pending,Apple Pay,Mobile,Social,Returning,4,1,14,4.0
Clothing,301.72,3,Returned,PayPal,Mobile,Paid Search,Returning,4,1,14,3.0
Toys,270.64,5,Shipped,Debit Card,Desktop,Email,VIP,4,1,14,7.0
Home,363.96,2,Shipped,Apple Pay,Tablet,Paid Search,VIP,4,1,14,7.0
Books,473.73,2,Shipped,Credit Card,Tablet,Organic,VIP,4,1,14,1.0
Home,245.42,1,Pending,PayPal,Desktop,Social,New,4,1,14,1.0
Toys,332.15,1,Delivered,Google Pay,Desktop,Social,VIP,4,1,14,6.0
Toys,445.25,2,Delivered,Google Pay,Mobile,Paid Search,Returning,4,1,14,7.0
Beauty,198.23,2,Delivered,PayPal,Tablet,Organic,VIP,4,1,14,4.0
Home,124.45,3,Delivered,PayPal,Tablet,Email,Returning,4,1,14,3.0
Books,58.01,2,Delivered,Debit Card,Mobile,Paid Search,Returning,4,1,14,7.0
Clothing,258.73,1,Shipped,Credit Card,Tablet,Paid Search,Returning,4,1,14,6.0
Home,453.85,2,Delivered,Apple Pay,Mobile,Organic,VIP,4,1,14,3.0
Toys,139.13,3,Delivered,Credit Card,Tablet,Email,VIP,4,1,14,4.0
Electronics,366.15,1,Delivered,Google Pay,Desktop,Paid Search,VIP,4,1,14,6.0
Home,190.58,1,Returned,Credit Card,Tablet,Paid Search,Returning,4,1,14,5.0
Toys,437.08,1,Delivered,Apple Pay,Tablet,Email,VIP,4,1,14,4.0
Clothing,183.99,2,Shipped,PayPal,Tablet,Paid Search,VIP,4,1,14,5.0
Home,139.81,1,Delivered,Credit Card,Desktop,Paid Search,VIP,4,1,14,1.0
Clothing,194.83,4,Delivered,Credit Card,Mobile,Paid Search,VIP,4,1,14,3.0
Beauty,158.87,3,Delivered,Google Pay,Mobile,Paid Search,VIP,4,1,14,6.0
Toys,183.62,2,Delivered,Credit Card,Desktop,Organic,VIP,4,1,14,6.0
Toys,405.83,1,Returned,Google Pay,Mobile,Paid Search,Returning,4,1,14,7.0
Clothing,391.54,1,Returned,Apple Pay,Mobile,Email,Returning,4,1,14,5.0
Electronics,196.71,2,Shipped,PayPal,Desktop,Email,VIP,4,1,14,5.0
Home,258.31,1,Shipped,Credit Card,Tablet,Email,Returning,4,1,14,5.0
Clothing,319.94,2,Delivered,PayPal,Desktop,Organic,VIP,4,2,14,5.0
Toys,405.76,2,Delivered,Apple Pay,Desktop,Paid Search,VIP,4,2,14,4.0
Clothing,56.24,1,Delivered,Apple Pay,Tablet,Organic,VIP,4,2,14,6.0
Home,422.38,2,Shipped,PayPal,Tablet,Paid Search,VIP,4,2,14,2.0
Home,94.78,2,Shipped,PayPal,Tablet,Organic,Returning,4,2,14,4.0
Home,255.67,2,Shipped,Google Pay,Desktop,Organic,Returning,4,2,14,6.0
Books,355.22,1,Delivered,Debit Card,Mobile,Paid Search,Returning,4,2,14,5.0
Books,311.86,1,Delivered,Apple Pay,Mobile,Social,VIP,4,2,14,6.0
Home,398.42,1,Delivered,Apple Pay,Mobile,Paid Search,VIP,4,2,14,3.0
Books,483.47,1,Delivered,Apple Pay,Tablet,Email,VIP,4,2,14,2.0
Clothing,219.66,2,Delivered,Apple Pay,Mobile,Social,New,4,2,14,2.0
Home,28.7,1,Delivered,Apple Pay,Desktop,Social,VIP,4,2,14,6.0
Home,143.2,1,Shipped,Google Pay,Mobile,Email,Returning,4,2,14,5.0
Home,259.49,1,Delivered,Debit Card,Desktop,Social,Returning,4,2,14,5.0
Home,360.82,1,Delivered,PayPal,Tablet,Paid Search,VIP,4,2,14,5.0
Clothing,386.07,4,Delivered,Debit Card,Mobile,Paid Search,VIP,4,2,14,6.0
Electronics,304.84,1,Delivered,Credit Card,Tablet,Email,Returning,4,2,14,4.0
Beauty,223.38,3,Returned,Apple Pay,Desktop,Paid Search,VIP,4,2,14,3.0
Home,355.1,3,Delivered,Debit Card,Tablet,Organic,VIP,4,2,14,2.0
Electronics,356.85,3,Delivered,Credit Card,Tablet,Social,VIP,4,2,14,1.0
Home,43.66,2,Delivered,Google Pay,Desktop,Paid Search,VIP,4,2,14,7.0
Home,125.79,2,Delivered,PayPal,Mobile,Organic,VIP,4,2,14,1.0
Home,201.56,3,Delivered,Google Pay,Mobile,Paid Search,VIP,4,2,14,2.0
Beauty,437.53,2,Delivered,PayPal,Tablet,Email,VIP,4,2,14,4.0
Toys,444.1,1,Delivered,Apple Pay,Tablet,Email,Returning,4,2,14,2.0
Electronics,357.71,1,Delivered,Credit Card,Tablet,Paid Search,Returning,4,2,14,3.0
Beauty,285.47,1,Delivered,PayPal,Mobile,Email,Returning,4,2,14,6.0
Clothing,223.44,4,Returned,Apple Pay,Desktop,Paid Search,VIP,4,2,14,3.0
Beauty,206.34,3,Delivered,Google Pay,Desktop,Email,Returning,4,2,14,4.0
Electronics,478.91,1,Delivered,Debit Card,Desktop,Organic,VIP,4,2,14,3.0
Toys,282.24,3,Delivered,Debit Card,Tablet,Paid Search,VIP,4,2,14,1.0
Electronics,451.43,3,Delivered,Credit Card,Desktop,Organic,Returning,4,2,14,4.0
Home,80.49,1,Returned,Debit Card,Mobile,Email,VIP,4,2,14,1.0
Clothing,340.44,4,Shipped,Google Pay,Mobile,Email,Returning,4,3,14,6.0
Toys,460.0,2,Delivered,Credit Card,Mobile,Social,VIP,4,3,14,7.0
Books,346.78,2,Delivered,Credit Card,Desktop,Social,VIP,4,3,14,7.0
Home,234.41,2,Delivered,PayPal,Tablet,Organic,VIP,4,3,14,3.0
Beauty,145.79,1,Delivered,PayPal,Mobile,Email,Returning,4,3,14,3.0
Toys,474.98,3,Delivered,Apple Pay,Desktop,Organic,Returning,4,3,14,6.0
Electronics,220.87,4,Delivered,Credit Card,Mobile,Email,Returning,4,3,14,3.0
Clothing,373.46,1,Shipped,Apple Pay,Desktop,Organic,Returning,4,3,14,6.0
Electronics,11.11,2,Delivered,Apple Pay,Tablet,Social,Returning,4,3,14,3.0
Electronics,203.86,1,Delivered,Debit Card,Tablet,Paid Search,Returning,4,3,14,5.0
Home,340.9,1,Delivered,Credit Card,Tablet,Paid Search,VIP,4,3,14,5.0
Toys,5.9,2,Delivered,PayPal,Desktop,Email,VIP,4,3,14,4.0
Beauty,235.98,2,Delivered,Apple Pay,Desktop,Organic,Returning,4,3,14,4.0
Electronics,96.48,1,Delivered,Credit Card,Tablet,Organic,Returning,4,3,14,1.0
Electronics,453.35,1,Delivered,Google Pay,Tablet,Email,Returning,4,3,14,2.0
Beauty,429.39,1,Delivered,PayPal,Tablet,Organic,Returning,4,3,14,6.0
Beauty,183.6,5,Delivered,Google Pay,Mobile,Social,Returning,4,3,14,1.0
Toys,446.33,1,Delivered,Credit Card,Tablet,Email,Returning,4,3,14,5.0
Home,491.58,1,Shipped,Google Pay,Tablet,Organic,Returning,4,3,14,2.0
Home,69.26,2,Shipped,Debit Card,Mobile,Paid Search,Returning,4,3,14,2.0
Beauty,65.64,2,Delivered,Debit Card,Mobile,Paid Search,VIP,4,3,14,5.0
Electronics,332.32,3,Delivered,PayPal,Tablet,Organic,VIP,4,3,14,4.0
Toys,268.19,2,Shipped,Apple Pay,Tablet,Social,VIP,4,3,14,4.0
Clothing,389.67,1,Delivered,Google Pay,Desktop,Paid Search,VIP,4,3,14,2.0
Clothing,369.22,1,Delivered,Credit Card,Mobile,Social,New,4,4,14,2.0
Books,338.93,1,Pending,Debit Card,Tablet,Organic,VIP,4,4,14,6.0
Clothing,245.11,2,Delivered,Google Pay,Mobile,Paid Search,Returning,4,4,14,2.0
Beauty,248.65,4,Delivered,Credit Card,Tablet,Email,VIP,4,4,14,1.0
Toys,304.45,1,Shipped,Debit Card,Desktop,Paid Search,New,4,4,14,3.0
Books,90.27,5,Delivered,PayPal,Mobile,Organic,Returning,4,4,14,3.0
Beauty,85.93,1,Delivered,PayPal,Desktop,Social,Returning,4,4,14,2.0
Beauty,420.18,1,Delivered,Credit Card,Tablet,Social,Returning,4,4,14,3.0
Home,480.73,1,Delivered,Apple Pay,Tablet,Organic,VIP,4,4,14,2.0
Electronics,315.35,4,Returned,Google Pay,Desktop,Paid Search,VIP,4,4,14,2.0
Toys,356.96,4,Delivered,Credit Card,Desktop,Email,Returning,4,4,14,7.0
Electronics,422.74,3,Delivered,PayPal,Tablet,Email,VIP,4,4,14,5.0
Beauty,242.92,1,Shipped,Credit Card,Desktop,Organic,Returning,4,4,14,5.0
Clothing,494.86,3,Shipped,Apple Pay,Tablet,Paid Search,VIP,4,4,14,6.0
Clothing,187.79,4,Shipped,Apple Pay,Mobile,Email,Returning,4,4,14,3.0
Electronics,289.51,1,Delivered,Debit Card,Mobile,Paid Search,VIP,4,4,14,2.0
Home,298.1,1,Shipped,Debit Card,Mobile,Paid Search,New,4,4,14,2.0
Electronics,312.02,3,Pending,Google Pay,Mobile,Social,VIP,4,4,14,1.0
Home,247.99,2,Shipped,PayPal,Desktop,Paid Search,VIP,4,4,14,6.0
Books,201.99,2,Delivered,PayPal,Desktop,Email,Returning,4,4,14,1.0
Electronics,177.72,1,Delivered,Debit Card,Mobile,Organic,VIP,4,4,14,4.0
Home,223.71,4,Returned,Credit Card,Desktop,Email,Returning,4,4,14,4.0
Books,62.71,2,Delivered,PayPal,Desktop,Social,New,4,4,14,3.0
Clothing,150.0,2,Delivered,Apple Pay,Mobile,Paid Search,Returning,4,4,14,5.0
Home,436.56,4,Delivered,Google Pay,Mobile,Social,Returning,4,4,14,7.0
Books,436.1,3,Delivered,Debit Card,Mobile,Email,Returning,4,4,14,2.0
Toys,387.38,1,Delivered,Debit Card,Desktop,Paid Search,VIP,4,4,14,1.0
Toys,54.82,1,Delivered,Debit Card,Tablet,Paid Search,Returning,4,4,14,6.0
Toys,156.23,1,Delivered,Apple Pay,Tablet,Social,Returning,4,4,14,4.0
Beauty,230.34,3,Returned,Credit Card,Desktop,Email,Returning,4,4,14,3.0
Clothing,443.17,1,Delivered,PayPal,Tablet,Organic,VIP,4,5,14,3.0
Home,448.04,2,Delivered,Google Pay,Tablet,Email,Returning,4,5,14,2.0
Electronics,60.0,4,Delivered,Google Pay,Desktop,Organic,VIP,4,5,14,5.0
Beauty,293.28,6,Pending,Debit Card,Tablet,Social,Returning,4,5,14,3.0
Beauty,24.34,1,Delivered,Credit Card,Desktop,Paid Search,VIP,4,5,14,2.0
Home,490.46,1,Delivered,Apple Pay,Tablet,Email,Returning,4,5,14,3.0
Toys,382.28,1,Delivered,PayPal,Mobile,Social,Returning,4,5,14,7.0
Books,357.23,1,Delivered,Apple Pay,Desktop,Organic,Returning,4,5,14,4.0
Beauty,206.75,2,Delivered,Credit Card,Tablet,Organic,Returning,4,5,14,7.0
Beauty,494.19,1,Delivered,Credit Card,Mobile,Paid Search,VIP,4,5,14,5.0
Beauty,474.03,2,Delivered,Debit Card,Tablet,Paid Search,VIP,4,5,14,7.0
Clothing,88.59,1,Returned,Google Pay,Tablet,Paid Search,VIP,4,5,14,5.0
Toys,90.97,1,Delivered,Google Pay,Desktop,Paid Search,Returning,4,5,14,7.0
Books,78.79,2,Delivered,PayPal,Mobile,Paid Search,Returning,4,5,14,1.0
Toys,393.23,3,Returned,Apple Pay,Mobile,Paid Search,Returning,4,5,14,7.0
Clothing,267.07,2,Shipped,PayPal,Tablet,Email,VIP,4,5,14,2.0
Books,158.8,4,Shipped,Debit Card,Mobile,Social,VIP,4,5,14,7.0
Books,214.28,1,Delivered,Google Pay,Desktop,Organic,Returning,4,5,14,5.0
Clothing,145.36,2,Delivered,PayPal,Tablet,Organic,VIP,4,5,14,2.0
Home,375.29,3,Delivered,Apple Pay,Mobile,Social,VIP,4,5,14,7.0
Toys,286.62,1,Delivered,PayPal,Tablet,Social,Returning,4,5,14,3.0
Beauty,27.39,1,Delivered,Apple Pay,Desktop,Social,Returning,4,5,14,6.0
Clothing,488.33,3,Shipped,Debit Card,Tablet,Paid Search,Returning,4,5,14,6.0
Home,120.94,1,Shipped,PayPal,Tablet,Email,Returning,4,6,14,2.0
Electronics,360.25,4,Delivered,PayPal,Tablet,Email,VIP,4,6,14,4.0
Electronics,169.53,5,Pending,Google Pay,Tablet,Email,Returning,4,6,14,1.0
Clothing,400.59,2,Delivered,Google Pay,Tablet,Email,VIP,4,6,14,1.0
Clothing,136.47,5,Delivered,Google Pay,Mobile,Organic,Returning,4,6,14,2.0
Electronics,116.47,2,Delivered,Credit Card,Desktop,Email,Returning,4,6,14,7.0
Books,113.91,1,Delivered,Apple Pay,Mobile,Organic,Returning,4,6,14,5.0
Electronics,191.82,3,Delivered,Debit Card,Desktop,Social,New,4,6,14,2.0
Clothing,179.24,1,Delivered,Credit Card,Desktop,Organic,VIP,4,6,14,2.0
Beauty,225.26,3,Delivered,Credit Card,Tablet,Organic,VIP,4,6,14,6.0
Home,383.91,1,Shipped,Credit Card,Tablet,Paid Search,Returning,4,6,14,4.0
Home,5.46,3,Pending,Debit Card,Tablet,Paid Search,VIP,4,6,14,5.0
Books,428.04,4,Delivered,Apple Pay,Desktop,Social,Returning,4,6,14,3.0
Home,145.3,2,Delivered,Apple Pay,Desktop,Organic,Returning,4,6,14,7.0
Home,217.91,2,Delivered,Google Pay,Tablet,Paid Search,Returning,4,6,14,2.0
Clothing,53.05,1,Delivered,PayPal,Desktop,Email,VIP,4,6,14,1.0
Books,332.04,1,Shipped,PayPal,Tablet,Social,Returning,4,6,14,2.0
Toys,426.21,1,Delivered,Debit Card,Tablet,Paid Search,VIP,4,6,14,2.0
Home,431.22,1,Delivered,Credit Card,Mobile,Paid Search,Returning,4,6,14,4.0
Toys,228.13,1,Delivered,PayPal,Tablet,Organic,Returning,4,6,14,1.0
Clothing,22.37,1,Delivered,PayPal,Desktop,Organic,VIP,4,6,14,2.0
Beauty,67.38,6,Shipped,PayPal,Tablet,Paid Search,VIP,4,6,14,6.0
Beauty,73.84,2,Delivered,Google Pay,Mobile,Paid Search,Returning,4,6,14,4.0
Toys,10.65,1,Delivered,Google Pay,Tablet,Organic,Returning,4,6,14,2.0
Toys,481.14,2,Delivered,Credit Card,Mobile,Social,Returning,4,0,14,3.0
Clothing,341.9,4,Delivered,Debit Card,Tablet,Email,Returning,4,0,14,6.0
Electronics,260.99,2,Delivered,Apple Pay,Desktop,Organic,VIP,4,0,14,2.0
Toys,392.59,3,Returned,Credit Card,Tablet,Email,Returning,4,0,14,2.0
Toys,494.08,1,Delivered,PayPal,Tablet,Social,Returning,4,0,14,6.0
Books,177.82,1,Delivered,PayPal,Tablet,Paid Search,VIP,4,0,14,7.0
Home,316.22,1,Shipped,Apple Pay,Mobile,Social,Returning,4,0,14,3.0
Toys,474.43,1,Delivered,Apple Pay,Desktop,Email,VIP,4,0,14,5.0
Electronics,366.83,1,Shipped,Google Pay,Desktop,Paid Search,Returning,4,0,14,2.0
Books,48.39,1,Delivered,Google Pay,Mobile,Paid Search,VIP,4,0,14,6.0
Beauty,252.12,5,Pending,Debit Card,Desktop,Organic,New,4,0,14,3.0
Books,42.7,1,Delivered,Debit Card,Mobile,Email,VIP,4,0,14,2.0
Books,120.07,1,Returned,Apple Pay,Mobile,Organic,Returning,4,0,14,2.0
Toys,56.12,3,Delivered,Credit Card,Desktop,Social,Returning,4,0,14,3.0
Home,306.78,1,Delivered,Google Pay,Mobile,Social,VIP,4,0,14,4.0
Toys,346.3,2,Delivered,Google Pay,Desktop,Email,VIP,4,0,14,2.0
Home,362.52,1,Shipped,PayPal,Mobile,Email,Returning,4,0,14,4.0
Clothing,312.53,4,Shipped,Google Pay,Mobile,Social,VIP,4,0,14,7.0
Home,73.45,3,Delivered,PayPal,Tablet,Paid Search,VIP,4,0,14,5.0
Beauty,485.21,2,Delivered,PayPal,Desktop,Paid Search,New,4,0,14,4.0
Beauty,294.64,1,Delivered,PayPal,Tablet,Social,VIP,4,0,14,2.0
Clothing,329.62,1,Delivered,Google Pay,Desktop,Email,Returning,4,0,14,6.0
Toys,463.66,4,Delivered,Google Pay,Mobile,Paid Search,VIP,4,0,14,6.0
Clothing,54.13,5,Shipped,Debit Card,Mobile,Organic,Returning,4,1,14,6.0
Electronics,89.48,3,Delivered,Credit Card,Desktop,Organic,Returning,4,1,14,4.0
Clothing,346.83,2,Shipped,Google Pay,Tablet,Email,VIP,4,1,14,4.0
Books,179.41,1,Delivered,Apple Pay,Tablet,Paid Search,VIP,4,1,14,3.0
Beauty,192.54,3,Returned,Debit Card,Tablet,Organic,VIP,4,1,14,7.0
Clothing,8.71,1,Shipped,Debit Card,Mobile,Social,Returning,4,1,14,6.0
Clothing,387.82,2,Returned,Google Pay,Tablet,Organic,VIP,4,1,14,5.0
Electronics,367.81,3,Delivered,Credit Card,Mobile,Paid Search,Returning,4,1,14,5.0
Clothing,379.08,2,Delivered,Google Pay,Tablet,Social,Returning,4,1,14,6.0
Clothing,80.84,3,Returned,PayPal,Mobile,Organic,Returning,4,1,14,7.0
Home,165.0,1,Delivered,Debit Card,Mobile,Paid Search,VIP,4,1,14,6.0
Clothing,444.22,1,Delivered,PayPal,Tablet,Social,VIP,4,1,14,7.0
Home,96.07,2,Pending,Credit Card,Tablet,Paid Search,VIP,4,1,14,4.0
Clothing,431.32,2,Delivered,Credit Card,Desktop,Organic,VIP,4,1,14,5.0
Books,295.81,1,Shipped,PayPal,Desktop,Social,Returning,4,1,14,7.0
Electronics,344.27,1,Delivered,PayPal,Desktop,Social,Returning,4,1,14,2.0
Electronics,268.29,3,Delivered,PayPal,Mobile,Organic,VIP,4,1,14,6.0
Clothing,124.03,1,Delivered,PayPal,Desktop,Social,New,4,1,14,6.0
Toys,496.03,4,Delivered,Apple Pay,Desktop,Email,VIP,4,1,14,4.0
Beauty,387.88,1,Delivered,PayPal,Mobile,Paid Search,Returning,4,1,14,5.0
Toys,80.14,3,Delivered,Credit Card,Desktop,Organic,New,4,1,14,3.0
Clothing,364.31,2,Delivered,Apple Pay,Desktop,Organic,VIP,4,1,14,3.0
Toys,422.14,2,Delivered,Credit Card,Tablet,Organic,Returning,4,1,14,1.0
Toys,313.21,2,Delivered,Debit Card,Mobile,Paid Search,Returning,4,1,14,7.0
Books,448.73,1,Delivered,Google Pay,Mobile,Organic,VIP,4,1,14,4.0
Clothing,399.02,2,Shipped,PayPal,Mobile,Social,Returning,4,1,14,5.0
Books,118.72,4,Delivered,Apple Pay,Mobile,Social,Returning,4,1,14,3.0
Toys,140.43,2,Delivered,PayPal,Tablet,Organic,VIP,4,1,14,4.0
Home,287.85,2,Delivered,Google Pay,Desktop,Paid Search,VIP,4,1,14,6.0
Beauty,293.49,2,Shipped,PayPal,Mobile,Organic,VIP,4,1,14,4.0
Clothing,227.71,2,Delivered,Debit Card,Tablet,Social,Returning,4,1,14,3.0
Toys,308.47,1,Delivered,PayPal,Mobile,Email,VIP,4,1,14,2.0
Books,75.74,4,Shipped,Apple Pay,Tablet,Organic,Returning,4,1,14,3.0
Books,486.49,2,Delivered,Credit Card,Tablet,Organic,Returning,4,1,14,4.0
Beauty,415.36,1,Returned,Debit Card,Tablet,Organic,Returning,4,1,14,5.0
Beauty,200.68,2,Shipped,Debit Card,Mobile,Paid Search,Returning,4,1,14,7.0
Clothing,269.58,1,Delivered,PayPal,Desktop,Social,VIP,4,1,14,7.0
Home,103.11,1,Delivered,Debit Card,Mobile,Email,Returning,4,2,14,4.0
Electronics,215.4,1,Delivered,Google Pay,Desktop,Organic,VIP,4,2,14,5.0
Home,318.05,1,Returned,PayPal,Desktop,Organic,VIP,4,2,14,1.0
Electronics,346.52,1,Delivered,Apple Pay,Desktop,Paid Search,VIP,4,2,14,6.0
Clothing,401.52,1,Pending,PayPal,Tablet,Social,Returning,4,2,14,6.0
Beauty,53.7,1,Delivered,Apple Pay,Mobile,Social,Returning,4,2,14,7.0
Clothing,171.29,6,Delivered,Google Pay,Tablet,Paid Search,VIP,4,2,14,5.0
Home,75.94,1,Delivered,Credit Card,Tablet,Organic,VIP,4,2,14,3.0
Toys,99.07,1,Delivered,Google Pay,Mobile,Organic,VIP,4,2,14,5.0
Books,78.37,1,Delivered,PayPal,Tablet,Paid Search,VIP,4,2,14,6.0
Home,80.63,2,Delivered,Debit Card,Tablet,Social,VIP,4,2,14,3.0
Clothing,39.96,3,Delivered,PayPal,Tablet,Email,Returning,4,2,14,7.0
Toys,243.82,4,Shipped,Credit Card,Tablet,Organic,Returning,4,2,14,7.0
Electronics,473.79,4,Returned,Debit Card,Mobile,Organic,VIP,4,2,14,7.0
Toys,371.45,2,Delivered,Google Pay,Tablet,Social,VIP,4,2,14,2.0
Electronics,81.0,1,Shipped,Debit Card,Tablet,Social,Returning,4,2,14,7.0
Clothing,247.32,2,Returned,Apple Pay,Mobile,Paid Search,Returning,4,2,14,6.0
Toys,460.58,3,Shipped,Debit Card,Desktop,Email,VIP,4,2,14,6.0
Home,287.47,1,Pending,Debit Card,Mobile,Paid Search,VIP,4,2,14,1.0
Electronics,461.89,1,Delivered,Debit Card,Desktop,Social,Returning,4,2,14,5.0
Toys,98.64,3,Delivered,Credit Card,Desktop,Email,VIP,4,2,14,7.0
Books,154.31,1,Pending,PayPal,Tablet,Email,VIP,4,2,14,6.0
Home,78.94,4,Delivered,Apple Pay,Mobile,Email,VIP,4,2,14,6.0
Electronics,309.85,2,Delivered,Google Pay,Tablet,Paid Search,New,4,2,14,7.0
Electronics,67.94,3,Pending,Apple Pay,Desktop,Email,Returning,4,2,14,1.0
Electronics,200.42,3,Delivered,Credit Card,Desktop,Organic,Returning,4,2,14,2.0
Books,207.58,6,Delivered,Google Pay,Tablet,Social,VIP,4,2,14,1.0
Home,232.02,1,Delivered,Google Pay,Tablet,Email,VIP,4,2,14,6.0
Electronics,80.14,3,Delivered,PayPal,Tablet,Email,VIP,4,2,14,4.0
Clothing,272.15,1,Shipped,Debit Card,Tablet,Paid Search,VIP,4,2,14,5.0
Toys,252.41,3,Delivered,Google Pay,Tablet,Organic,VIP,4,3,14,5.0
Electronics,22.5,4,Delivered,Google Pay,Mobile,Organic,Returning,4,3,14,5.0
Electronics,307.2,1,Shipped,Credit Card,Tablet,Organic,VIP,4,3,14,7.0
Clothing,375.22,3,Delivered,Credit Card,Desktop,Social,VIP,4,3,14,3.0
Electronics,116.72,2,Delivered,Google Pay,Desktop,Social,Returning,4,3,14,4.0
Beauty,318.71,2,Delivered,PayPal,Desktop,Social,New,4,3,14,3.0
Clothing,173.47,1,Shipped,Debit Card,Mobile,Organic,VIP,4,3,14,3.0
Clothing,438.09,1,Delivered,Debit Card,Desktop,Email,VIP,4,3,14,4.0
Home,108.4,4,Returned,PayPal,Mobile,Paid Search,New,4,3,14,7.0
Toys,232.03,3,Returned,Debit Card,Tablet,Paid Search,Returning,4,3,14,2.0
Home,61.43,3,Shipped,Apple Pay,Tablet,Organic,Returning,4,3,14,2.0
Home,454.67,3,Delivered,PayPal,Tablet,Social,VIP,4,3,14,5.0
Electronics,10.69,3,Delivered,Debit Card,Mobile,Social,Returning,4,3,14,3.0
Toys,193.15,5,Delivered,Apple Pay,Desktop,Organic,VIP,4,3,14,6.0
Clothing,163.08,1,Delivered,Debit Card,Tablet,Email,VIP,4,3,14,5.0
Books,216.12,1,Delivered,PayPal,Desktop,Social,VIP,4,3,14,2.0
Beauty,206.69,3,Delivered,PayPal,Tablet,Organic,New,4,3,14,4.0
Clothing,426.04,3,Delivered,Apple Pay,Tablet,Social,VIP,4,3,14,6.0
Beauty,370.51,3,Pending,PayPal,Tablet,Email,VIP,4,3,14,5.0
Home,109.07,3,Pending,PayPal,Desktop,Paid Search,VIP,4,3,14,2.0
Books,100.86,1,Returned,Apple Pay,Tablet,Organic,VIP,4,3,14,3.0
Electronics,142.58,1,Delivered,PayPal,Desktop,Social,VIP,4,3,14,1.0
Books,199.79,2,Delivered,Apple Pay,Desktop,Social,VIP,4,3,14,3.0
Electronics,336.24,2,Delivered,Debit Card,Mobile,Organic,Returning,4,3,14,5.0
Home,252.5,2,Delivered,PayPal,Tablet,Paid Search,Returning,4,3,14,5.0
Beauty,244.25,5,Shipped,PayPal,Tablet,Paid Search,VIP,4,3,14,5.0
Books,55.99,1,Delivered,Apple Pay,Desktop,Email,VIP,4,3,14,4.0
Toys,254.15,3,Pending,Google Pay,Mobile,Organic,Returning,4,3,14,3.0
Books,343.9,1,Delivered,Debit Card,Mobile,Email,Returning,4,3,14,4.0
Clothing,88.33,1,Delivered,Apple Pay,Desktop,Paid Search,VIP,4,3,14,7.0
Clothing,477.33,2,Delivered,PayPal,Mobile,Social,Returning,4,4,14,7.0
Books,66.4,1,Delivered,Google Pay,Mobile,Organic,VIP,4,4,14,3.0
Beauty,121.88,2,Returned,PayPal,Tablet,Organic,Returning,4,4,14,2.0
Electronics,223.71,4,Delivered,Debit Card,Desktop,Email,Returning,4,4,14,6.0
Toys,340.01,1,Delivered,Google Pay,Desktop,Organic,VIP,4,4,14,2.0
Clothing,471.15,2,Delivered,Debit Card,Desktop,Paid Search,VIP,4,4,14,5.0
Clothing,75.62,2,Delivered,Debit Card,Tablet,Social,VIP,4,4,14,3.0
Home,466.86,2,Delivered,Google Pay,Mobile,Paid Search,VIP,4,4,14,3.0
Clothing,14.52,4,Delivered,Apple Pay,Tablet,Organic,Returning,4,4,14,6.0
Books,190.42,1,Delivered,Credit Card,Desktop,Email,Returning,4,4,14,1.0
Books,420.07,4,Delivered,Debit Card,Desktop,Paid Search,VIP,4,4,14,2.0
Electronics,92.41,3,Delivered,Apple Pay,Desktop,Social,New,4,4,14,5.0
Beauty,416.31,4,Shipped,Google Pay,Mobile,Email,VIP,4,4,14,5.0
Home,128.05,4,Shipped,Google Pay,Tablet,Social,Returning,4,4,14,3.0
Home,62.76,2,Delivered,Credit Card,Mobile,Email,VIP,4,4,14,7.0
Books,75.47,4,Shipped,PayPal,Tablet,Email,VIP,4,4,14,7.0
Clothing,185.32,4,Delivered,Debit Card,Desktop,Email,VIP,4,4,14,2.0
Books,49.48,1,Delivered,Credit Card,Mobile,Organic,Returning,4,4,14,4.0
Toys,234.19,2,Delivered,PayPal,Tablet,Email,Returning,4,4,14,6.0
Home,61.33,1,Delivered,Credit Card,Desktop,Organic,Returning,4,4,14,4.0
Books,387.56,1,Delivered,PayPal,Tablet,Social,VIP,4,4,14,6.0
Home,134.37,3,Delivered,Credit Card,Mobile,Paid Search,Returning,4,4,14,2.0
Books,330.93,1,Delivered,PayPal,Desktop,Organic,Returning,4,4,14,1.0
Home,287.72,1,Delivered,Google Pay,Tablet,Paid Search,VIP,4,4,14,1.0
Toys,126.52,2,Delivered,Google Pay,Desktop,Email,Returning,4,4,14,2.0
Electronics,174.44,4,Delivered,Apple Pay,Mobile,Paid Search,VIP,4,4,14,4.0
Clothing,134.83,4,Pending,Debit Card,Desktop,Email,Returning,4,4,14,2.0
Beauty,313.27,2,Delivered,Google Pay,Tablet,Social,VIP,4,4,14,3.0
Beauty,179.29,4,Pending,Google Pay,Desktop,Social,Returning,4,4,14,4.0
Clothing,101.14,1,Delivered,Google Pay,Desktop,Paid Search,Returning,4,5,14,2.0
Books,240.06,2,Delivered,Apple Pay,Tablet,Organic,Returning,4,5,14,2.0
Home,405.66,1,Delivered,Debit Card,Desktop,Email,Returning,4,5,14,1.0
Clothing,91.73,1,Pending,Google Pay,Mobile,Organic,Returning,4,5,14,1.0
Beauty,45.63,1,Delivered,PayPal,Tablet,Social,Returning,4,5,14,3.0
Electronics,212.86,5,Delivered,Debit Card,Mobile,Email,New,4,5,14,5.0
Toys,484.95,1,Delivered,PayPal,Mobile,Email,VIP,4,5,14,4.0
Toys,353.16,2,Delivered,Apple Pay,Tablet,Social,Returning,4,5,14,4.0
Books,175.49,4,Delivered,Credit Card,Desktop,Email,Returning,4,5,14,4.0
Clothing,268.72,1,Delivered,Debit Card,Tablet,Social,VIP,4,5,14,6.0
Beauty,417.27,5,Delivered,Apple Pay,Mobile,Email,VIP,4,5,14,7.0
Books,128.35,3,Delivered,Google Pay,Tablet,Email,VIP,4,5,14,3.0
Home,259.68,5,Delivered,Google Pay,Tablet,Social,VIP,4,5,14,7.0
Beauty,491.56,1,Shipped,Google Pay,Desktop,Paid Search,Returning,4,5,14,2.0
Clothing,297.0,3,Delivered,PayPal,Tablet,Social,VIP,4,5,14,3.0
Toys,187.93,1,Pending,Google Pay,Mobile,Paid Search,VIP,4,5,14,3.0
Electronics,161.92,4,Delivered,Google Pay,Mobile,Email,Returning,4,5,14,5.0
Clothing,72.06,3,Delivered,Debit Card,Tablet,Social,Returning,4,5,14,2.0
Electronics,192.4,3,Returned,Apple Pay,Tablet,Organic,Returning,4,5,14,7.0
Books,85.41,3,Delivered,PayPal,Tablet,Organic,Returning,4,5,14,1.0
Electronics,84.24,1,Pending,PayPal,Desktop,Paid Search,VIP,4,5,14,4.0
Books,343.72,2,Delivered,Debit Card,Desktop,Email,Returning,4,5,14,6.0
Clothing,175.26,1,Delivered,Debit Card,Tablet,Paid Search,VIP,4,5,14,2.0
Home,210.17,4,Delivered,Google Pay,Mobile,Email,VIP,4,5,14,4.0
Electronics,296.32,1,Delivered,Apple Pay,Desktop,Organic,Returning,4,5,14,2.0
Beauty,368.29,1,Shipped,PayPal,Mobile,Email,VIP,4,5,14,4.0
Home,264.68,1,Shipped,Credit Card,Desktop,Organic,VIP,4,6,14,2.0
Electronics,180.8,5,Delivered,Google Pay,Tablet,Paid Search,Returning,4,6,14,5.0
Books,336.78,2,Delivered,Google Pay,Tablet,Social,Returning,4,6,14,5.0
Books,301.64,1,Shipped,Credit Card,Tablet,Organic,Returning,4,6,14,2.0
Clothing,423.94,1,Shipped,PayPal,Mobile,Paid Search,VIP,4,6,14,2.0
Beauty,45.37,2,Delivered,Apple Pay,Mobile,Social,Returning,4,6,14,4.0
Toys,175.64,4,Delivered,Debit Card,Tablet,Organic,VIP,4,6,14,5.0
Clothing,16.24,4,Delivered,Debit Card,Tablet,Social,Returning,4,6,14,3.0
Books,448.71,3,Shipped,Apple Pay,Tablet,Email,Returning,4,6,14,6.0
Home,9.24,3,Shipped,PayPal,Tablet,Social,Returning,4,6,14,6.0
Clothing,391.25,2,Returned,PayPal,Mobile,Social,Returning,4,6,14,4.0
Home,241.05,1,Delivered,Apple Pay,Mobile,Social,VIP,4,6,14,3.0
Home,61.51,2,Pending,Google Pay,Tablet,Paid Search,VIP,4,6,14,3.0
Toys,361.44,2,Pending,Credit Card,Tablet,Paid Search,Returning,4,6,14,4.0
Beauty,161.07,5,Pending,Debit Card,Tablet,Social,Returning,4,6,14,5.0
Beauty,230.85,1,Delivered,Debit Card,Tablet,Organic,VIP,4,6,14,1.0
Beauty,334.23,3,Delivered,Google Pay,Mobile,Email,Returning,4,6,14,4.0
Beauty,420.33,2,Delivered,Debit Card,Desktop,Paid Search,VIP,4,6,14,4.0
Toys,65.83,1,Pending,Credit Card,Mobile,Email,Returning,4,6,14,4.0
Electronics,259.77,2,Shipped,Google Pay,Tablet,Paid Search,Returning,4,6,14,1.0
Toys,483.78,2,Returned,Credit Card,Desktop,Social,VIP,4,6,14,1.0
Home,125.86,1,Delivered,Apple Pay,Mobile,Paid Search,Returning,4,0,14,1.0
Beauty,69.77,1,Delivered,Apple Pay,Tablet,Organic,Returning,4,0,14,2.0
Books,159.8,1,Shipped,Apple Pay,Tablet,Email,VIP,4,0,14,6.0
Electronics,148.13,3,Delivered,PayPal,Mobile,Social,Returning,4,0,14,5.0
Toys,176.56,3,Delivered,Apple Pay,Desktop,Social,VIP,4,0,14,7.0
Clothing,182.96,3,Delivered,Credit Card,Tablet,Organic,Returning,4,0,14,3.0
Home,131.79,1,Delivered,Google Pay,Desktop,Email,Returning,4,0,14,4.0
Home,423.45,5,Pending,Apple Pay,Tablet,Social,VIP,4,0,14,7.0
Home,287.67,1,Delivered,Google Pay,Tablet,Organic,VIP,4,0,14,6.0
Electronics,301.23,1,Delivered,PayPal,Desktop,Social,Returning,4,0,14,6.0
Books,135.64,1,Delivered,Google Pay,Desktop,Social,New,4,0,14,2.0
Toys,258.16,3,Delivered,PayPal,Desktop,Social,Returning,4,0,14,5.0
Clothing,463.53,2,Delivered,Debit Card,Desktop,Email,VIP,4,0,14,1.0
Books,477.18,2,Shipped,Credit Card,Desktop,Organic,VIP,4,0,14,2.0
Electronics,253.69,3,Delivered,Credit Card,Desktop,Email,VIP,4,0,14,5.0
Beauty,306.23,1,Shipped,Credit Card,Tablet,Organic,VIP,4,0,14,4.0
Toys,252.88,2,Delivered,Debit Card,Desktop,Social,Returning,4,0,14,3.0
Books,75.78,1,Returned,Debit Card,Desktop,Social,Returning,4,0,14,1.0
Clothing,42.38,1,Shipped,Apple Pay,Tablet,Paid Search,Returning,4,0,14,3.0
Electronics,213.54,2,Delivered,Apple Pay,Tablet,Paid Search,VIP,4,0,14,7.0
Toys,139.89,1,Delivered,PayPal,Mobile,Paid Search,Returning,4,0,14,2.0
Books,260.46,1,Delivered,PayPal,Mobile,Organic,VIP,4,0,14,4.0
Home,247.13,1,Shipped,PayPal,Desktop,Email,VIP,4,0,14,7.0
Home,81.38,2,Delivered,PayPal,Mobile,Social,Returning,4,0,14,7.0
Beauty,96.27,2,Delivered,Debit Card,Mobile,Email,VIP,4,0,14,4.0
Electronics,463.17,3,Delivered,Google Pay,Desktop,Email,Returning,4,0,14,3.0
Beauty,21.2,2,Delivered,Debit Card,Mobile,Organic,Returning,4,0,14,5.0
Clothing,402.25,2,Pending,Debit Card,Desktop,Social,Returning,4,1,14,3.0
Books,67.74,1,Delivered,Google Pay,Tablet,Paid Search,VIP,4,1,14,4.0
Books,205.65,1,Shipped,Credit Card,Desktop,Organic,VIP,4,1,14,2.0
Books,427.6,1,Shipped,Apple Pay,Desktop,Paid Search,VIP,4,1,14,7.0
Electronics,494.25,1,Delivered,Apple Pay,Tablet,Email,Returning,4,1,14,7.0
Beauty,179.24,2,Shipped,Credit Card,Tablet,Organic,VIP,4,1,14,4.0
Beauty,273.61,2,Delivered,Credit Card,Tablet,Email,VIP,4,1,14,6.0
Books,434.63,2,Delivered,Debit Card,Mobile,Email,VIP,4,1,14,3.0
Electronics,29.65,1,Delivered,Debit Card,Mobile,Social,VIP,4,1,14,5.0
Electronics,14.29,3,Delivered,Debit Card,Tablet,Organic,Returning,4,1,14,7.0
Home,233.87,3,Delivered,Google Pay,Mobile,Email,Returning,4,1,14,1.0
Electronics,141.45,4,Delivered,Apple Pay,Mobile,Organic,VIP,4,1,14,6.0
Home,23.72,3,Delivered,Debit Card,Tablet,Paid Search,VIP,4,1,14,7.0
Beauty,105.72,1,Delivered,Apple Pay,Desktop,Social,Returning,4,1,14,5.0
Clothing,44.9,7,Delivered,Google Pay,Mobile,Email,Returning,4,1,14,4.0
Toys,342.19,2,Delivered,Debit Card,Tablet,Organic,Returning,4,1,14,6.0
Beauty,290.03,3,Delivered,Apple Pay,Tablet,Email,VIP,4,1,14,6.0
Clothing,445.86,1,Delivered,Credit Card,Mobile,Social,Returning,4,1,14,3.0
Beauty,270.72,1,Delivered,Debit Card,Desktop,Email,Returning,4,1,14,3.0
Toys,199.44,4,Shipped,PayPal,Desktop,Paid Search,Returning,4,1,14,1.0
Toys,163.13,2,Delivered,Google Pay,Mobile,Social,New,4,1,14,5.0
Home,487.36,2,Shipped,Apple Pay,Desktop,Social,Returning,4,1,14,3.0
Clothing,25.95,1,Shipped,Debit Card,Tablet,Organic,VIP,4,1,14,4.0
Books,392.69,1,Delivered,PayPal,Desktop,Email,VIP,4,1,14,6.0
Beauty,27.96,6,Delivered,Apple Pay,Desktop,Social,Returning,4,1,14,5.0
Toys,330.15,3,Delivered,Debit Card,Mobile,Email,VIP,4,1,14,3.0
Home,424.69,1,Shipped,Apple Pay,Mobile,Email,VIP,4,1,14,4.0
Clothing,321.87,5,Delivered,Credit Card,Mobile,Paid Search,VIP,4,2,14,3.0
Electronics,39.42,3,Delivered,Credit Card,Tablet,Social,VIP,4,2,14,3.0
Home,428.88,3,Delivered,Apple Pay,Desktop,Social,Returning,4,2,14,5.0
Home,19.0,6,Delivered,Debit Card,Tablet,Paid Search,VIP,4,2,14,7.0
Toys,475.29,1,Delivered,Apple Pay,Desktop,Organic,VIP,4,2,14,7.0
Beauty,150.39,2,Delivered,PayPal,Tablet,Social,VIP,4,2,14,4.0
Toys,18.47,3,Delivered,Google Pay,Desktop,Organic,VIP,4,2,14,1.0
Electronics,203.03,2,Delivered,PayPal,Desktop,Paid Search,VIP,4,2,14,2.0
Electronics,499.04,2,Delivered,Apple Pay,Mobile,Social,New,4,2,14,1.0
Toys,365.65,1,Delivered,PayPal,Desktop,Paid Search,Returning,4,2,14,6.0
Clothing,260.85,5,Shipped,Credit Card,Mobile,Paid Search,Returning,4,2,14,2.0
Beauty,48.71,2,Delivered,Credit Card,Tablet,Social,VIP,4,2,14,5.0
Home,471.65,1,Delivered,PayPal,Desktop,Email,VIP,4,2,14,4.0
Books,33.37,2,Pending,Apple Pay,Tablet,Paid Search,VIP,4,2,14,5.0
Clothing,125.27,3,Delivered,Credit Card,Tablet,Email,Returning,4,2,14,5.0
Toys,291.08,2,Delivered,Google Pay,Mobile,Organic,Returning,4,2,14,3.0
Beauty,462.45,3,Delivered,Debit Card,Tablet,Social,VIP,4,2,14,5.0
Home,466.21,4,Delivered,Debit Card,Desktop,Paid Search,Returning,4,2,14,1.0
Electronics,347.46,2,Shipped,Google Pay,Desktop,Social,Returning,4,2,14,2.0
Toys,31.65,3,Pending,Credit Card,Desktop,Organic,VIP,4,2,14,5.0
Home,13.13,2,Delivered,PayPal,Desktop,Social,Returning,4,2,14,5.0
Toys,345.06,4,Shipped,Google Pay,Mobile,Paid Search,New,4,2,14,7.0
Electronics,310.09,1,Delivered,Apple Pay,Mobile,Paid Search,VIP,4,2,14,6.0
Electronics,45.13,1,Delivered,Debit Card,Tablet,Organic,Returning,4,2,14,6.0
Home,18.69,1,Pending,Google Pay,Tablet,Organic,Returning,4,2,14,6.0
Books,456.31,1,Delivered,PayPal,Tablet,Organic,VIP,4,2,14,7.0
Clothing,412.29,1,Delivered,Google Pay,Mobile,Email,VIP,4,2,14,2.0
Home,144.48,1,Delivered,Google Pay,Mobile,Social,Returning,4,2,14,5.0
Electronics,408.37,4,Delivered,Debit Card,Mobile,Social,Returning,4,2,14,5.0
Clothing,220.53,3,Shipped,PayPal,Mobile,Social,VIP,4,2,14,7.0
Electronics,294.6,2,Shipped,Debit Card,Tablet,Organic,VIP,4,3,14,1.0
Home,396.23,4,Delivered,Credit Card,Desktop,Social,VIP,4,3,14,6.0
Books,497.89,2,Delivered,Google Pay,Desktop,Email,Returning,4,3,14,7.0
Toys,6.01,2,Shipped,PayPal,Tablet,Social,Returning,4,3,14,6.0
Beauty,479.27,6,Delivered,Debit Card,Mobile,Paid Search,VIP,4,3,14,5.0
Electronics,152.86,2,Shipped,Credit Card,Mobile,Organic,Returning,4,3,14,1.0
Clothing,183.76,1,Delivered,Apple Pay,Desktop,Email,VIP,4,3,14,3.0
Electronics,206.63,3,Delivered,Apple Pay,Tablet,Social,VIP,4,3,14,6.0
Beauty,442.72,2,Delivered,Debit Card,Tablet,Paid Search,New,4,3,14,4.0
Home,252.72,1,Delivered,Debit Card,Mobile,Organic,VIP,4,3,14,7.0
Beauty,240.48,2,Pending,Credit Card,Desktop,Organic,New,4,3,14,6.0
Clothing,288.06,1,Delivered,Debit Card,Desktop,Social,Returning,4,3,14,2.0
Toys,466.47,3,Delivered,Google Pay,Desktop,Organic,Returning,4,3,14,2.0
Toys,52.16,1,Returned,Debit Card,Tablet,Email,Returning,4,3,14,7.0
Toys,246.69,4,Delivered,Google Pay,Tablet,Organic,VIP,4,3,14,5.0
Books,448.81,4,Delivered,Apple Pay,Tablet,Organic,VIP,4,3,14,7.0
Clothing,76.02,2,Shipped,Credit Card,Desktop,Organic,VIP,4,3,14,2.0
Home,102.0,1,Delivered,Debit Card,Mobile,Social,Returning,4,3,14,4.0
Toys,11.15,1,Delivered,Debit Card,Desktop,Paid Search,VIP,4,3,14,6.0
Clothing,364.17,1,Shipped,PayPal,Tablet,Paid Search,Returning,4,3,14,2.0
Home,427.94,1,Shipped,Apple Pay,Mobile,Organic,VIP,4,3,14,4.0
Home,310.34,2,Delivered,PayPal,Tablet,Social,Returning,4,3,14,5.0
Beauty,453.46,2,Returned,Apple Pay,Tablet,Social,VIP,4,4,14,4.0
Toys,75.89,2,Delivered,PayPal,Mobile,Organic,Returning,4,4,14,5.0
Electronics,38.13,2,Shipped,Apple Pay,Desktop,Organic,VIP,4,4,14,3.0
Clothing,471.51,2,Delivered,Credit Card,Mobile,Email,Returning,4,4,14,6.0
Electronics,387.93,1,Delivered,Debit Card,Desktop,Email,Returning,4,4,14,5.0
Beauty,135.45,1,Delivered,PayPal,Mobile,Organic,VIP,4,4,14,4.0
Electronics,380.77,5,Delivered,Google Pay,Tablet,Social,VIP,4,4,14,5.0
Books,50.42,3,Shipped,Debit Card,Mobile,Paid Search,Returning,4,4,14,4.0
Clothing,240.19,2,Delivered,Apple Pay,Tablet,Paid Search,Returning,4,4,14,2.0
Beauty,395.43,3,Delivered,Credit Card,Tablet,Paid Search,Returning,4,4,14,6.0
Clothing,184.53,1,Delivered,Google Pay,Desktop,Paid Search,VIP,4,4,14,2.0
Toys,20.78,1,Returned,Credit Card,Desktop,Social,VIP,4,4,14,5.0
Home,127.1,6,Shipped,PayPal,Tablet,Email,VIP,4,4,14,7.0
Books,241.14,2,Delivered,Debit Card,Mobile,Organic,Returning,4,4,14,2.0
Electronics,162.33,3,Shipped,PayPal,Desktop,Organic,Returning,4,4,14,2.0
Books,461.82,2,Delivered,Google Pay,Mobile,Organic,VIP,4,4,14,7.0
Home,5.84,4,Delivered,Credit Card,Mobile,Email,VIP,4,4,14,2.0
Clothing,391.05,1,Delivered,Google Pay,Tablet,Social,VIP,4,4,14,4.0
Books,401.82,2,Pending,Debit Card,Desktop,Organic,VIP,4,4,14,4.0
Books,119.92,3,Delivered,PayPal,Desktop,Organic,VIP,4,4,14,6.0
Electronics,196.59,3,Delivered,Apple Pay,Mobile,Organic,VIP,4,4,14,2.0
Books,20.16,4,Delivered,Apple Pay,Desktop,Email,VIP,4,4,14,7.0
Electronics,128.4,1,Delivered,Debit Card,Mobile,Social,VIP,4,4,14,3.0
Home,62.22,1,Delivered,Debit Card,Mobile,Email,Returning,4,4,14,7.0
Beauty,405.24,1,Delivered,Debit Card,Desktop,Social,Returning,4,4,14,7.0
Books,275.41,3,Delivered,Apple Pay,Desktop,Paid Search,VIP,4,4,14,7.0
Toys,168.37,5,Delivered,Google Pay,Mobile,Paid Search,VIP,4,4,14,7.0
Home,409.78,1,Delivered,Debit Card,Mobile,Organic,Returning,4,4,14,6.0
Home,123.56,1,Delivered,Credit Card,Tablet,Paid Search,Returning,4,5,14,1.0
Toys,393.82,1,Delivered,Apple Pay,Tablet,Organic,VIP,4,5,14,6.0
Books,125.1,2,Delivered,PayPal,Mobile,Paid Search,VIP,4,5,14,6.0
Home,447.16,1,Shipped,Apple Pay,Mobile,Paid Search,VIP,4,5,14,4.0
Electronics,286.02,1,Delivered,Credit Card,Desktop,Paid Search,Returning,4,5,14,5.0
Clothing,180.13,1,Delivered,Apple Pay,Desktop,Social,VIP,4,5,14,6.0
Toys,27.13,3,Pending,Credit Card,Tablet,Social,VIP,4,5,14,4.0
Clothing,180.94,3,Shipped,Google Pay,Tablet,Social,Returning,4,5,14,6.0
Home,210.22,2,Delivered,Google Pay,Desktop,Social,VIP,4,5,14,4.0
Beauty,34.94,3,Delivered,Google Pay,Mobile,Social,VIP,4,5,14,3.0
Toys,467.51,1,Shipped,Credit Card,Tablet,Organic,VIP,4,5,14,4.0
Electronics,137.19,2,Delivered,Apple Pay,Mobile,Email,VIP,4,5,14,6.0
Electronics,406.16,2,Delivered,Credit Card,Desktop,Email,VIP,4,5,14,5.0
Toys,171.98,4,Delivered,Credit Card,Mobile,Paid Search,VIP,4,5,14,5.0
Electronics,89.38,3,Delivered,Apple Pay,Desktop,Social,VIP,4,5,14,2.0
Clothing,489.76,4,Shipped,Debit Card,Desktop,Paid Search,VIP,4,5,14,7.0
Electronics,360.29,2,Delivered,PayPal,Tablet,Paid Search,New,4,5,14,5.0
Clothing,104.79,3,Delivered,PayPal,Desktop,Email,Returning,4,5,14,5.0
Electronics,426.59,1,Delivered,Credit Card,Mobile,Email,Returning,4,5,14,2.0
Clothing,152.75,1,Delivered,PayPal,Tablet,Email,VIP,4,5,14,3.0
Clothing,145.46,1,Delivered,Google Pay,Mobile,Paid Search,Returning,4,5,14,2.0
Home,460.97,1,Delivered,PayPal,Tablet,Organic,VIP,4,5,14,4.0
Beauty,215.48,1,Delivered,PayPal,Tablet,Email,VIP,4,5,14,2.0
Books,391.67,1,Delivered,PayPal,Desktop,Paid Search,Returning,4,5,14,6.0
Beauty,384.86,2,Shipped,PayPal,Desktop,Social,VIP,4,5,14,5.0
Beauty,175.09,2,Delivered,Credit Card,Mobile,Email,Returning,4,5,14,4.0
Home,453.03,2,Returned,Apple Pay,Mobile,Email,Returning,4,5,14,1.0
